2026-08-14T16:22:46.5488130Z Current runner version: '2.336.0'
2026-08-14T16:22:46.5502430Z ##[group]Runner Image Provisioner
2026-08-14T16:22:46.5502950Z Hosted Compute Agent
2026-08-14T16:22:46.5503300Z Version: 20260707.563
2026-08-14T16:22:46.5503680Z Commit: 02667638d2b423fbc733a8e32a88b44996a3ba6e
2026-08-14T16:22:46.5504120Z Build Date: 2026-07-07T19:33:50Z
2026-08-14T16:22:46.5504550Z Worker ID: {9e577edd-59f5-4118-86cc-4c14a4b44e74}
2026-08-14T16:22:46.5504990Z Azure Region: westus
2026-08-14T16:22:46.5505340Z ##[endgroup]
2026-08-14T16:22:46.5506160Z ##[group]Operating System
2026-08-14T16:22:46.5506530Z macOS
2026-08-14T16:22:46.5506850Z 26.5.2
2026-08-14T16:22:46.5507150Z 25F84
2026-08-14T16:22:46.5507470Z ##[endgroup]
2026-08-14T16:22:46.5507800Z ##[group]Runner Image
2026-08-14T16:22:46.5508200Z Image: macos-26-arm64
2026-08-14T16:22:46.5508600Z Version: 20260728.0273.1
2026-08-14T16:22:46.5509380Z Included Software: https://github.com/actions/runner-images/blob/macos-26-arm64/20260728.0273/images/macos/macos-26-arm64-Readme.md
2026-08-14T16:22:46.5510410Z Image Release: https://github.com/actions/runner-images/releases/tag/macos-26-arm64%2F20260728.0273
2026-08-14T16:22:46.5511050Z ##[endgroup]
2026-08-14T16:22:46.5511730Z ##[group]GITHUB_TOKEN Permissions
2026-08-14T16:22:46.5512720Z Contents: read
2026-08-14T16:22:46.5513080Z Metadata: read
2026-08-14T16:22:46.5513430Z ##[endgroup]
2026-08-14T16:22:46.5514730Z Secret source: Actions
2026-08-14T16:22:46.5515360Z Prepare workflow directory
2026-08-14T16:22:46.5763930Z Prepare all required actions
2026-08-14T16:22:46.5798640Z Getting action download info
2026-08-14T16:22:46.9717370Z Download action repository 'actions/checkout@v6' (SHA:d23441a48e516b6c34aea4fa41551a30e30af803)
2026-08-14T16:22:47.1058300Z Download action repository 'r-lib/actions@v2' (SHA:d3c5be51b12e724e68f33216ca3c148b66d5f0b6)
2026-08-14T16:22:47.6826790Z Getting action download info
2026-08-14T16:22:47.8662320Z Download action repository 'actions/cache@27d5ce7f107fe9357f9df03efb73ab90386fccae' (SHA:27d5ce7f107fe9357f9df03efb73ab90386fccae)
2026-08-14T16:22:47.9410750Z Download action repository 'r-lib/actions@9f58233a78a2a9fd874714be10f8bba627233339' (SHA:9f58233a78a2a9fd874714be10f8bba627233339)
2026-08-14T16:22:48.3788820Z Download action repository 'quarto-dev/quarto-actions@8a96df13519ee81fd526f2dfca5962811136661b' (SHA:8a96df13519ee81fd526f2dfca5962811136661b)
2026-08-14T16:22:48.7565490Z Getting action download info
2026-08-14T16:22:48.9148360Z Download action repository 'actions/upload-artifact@043fb46d1a93c77aae656e7c1c64a875d1fc6a0a' (SHA:043fb46d1a93c77aae656e7c1c64a875d1fc6a0a)
2026-08-14T16:22:48.9919750Z Complete job name: macos-release
2026-08-14T16:22:49.0376240Z ##[group]Run actions/checkout@v6
2026-08-14T16:22:49.0377020Z with:
2026-08-14T16:22:49.0377540Z   repository: joonho112/multisiteDGP
2026-08-14T16:22:49.0383040Z   token: ***
2026-08-14T16:22:49.0383540Z   ssh-strict: true
2026-08-14T16:22:49.0384060Z   ssh-user: git
2026-08-14T16:22:49.0384570Z   persist-credentials: true
2026-08-14T16:22:49.0385180Z   clean: true
2026-08-14T16:22:49.0385710Z   sparse-checkout-cone-mode: true
2026-08-14T16:22:49.0386320Z   fetch-depth: 1
2026-08-14T16:22:49.0386830Z   fetch-tags: false
2026-08-14T16:22:49.0387360Z   show-progress: true
2026-08-14T16:22:49.0387890Z   lfs: false
2026-08-14T16:22:49.0388390Z   submodules: false
2026-08-14T16:22:49.0388920Z   set-safe-directory: true
2026-08-14T16:22:49.0389510Z   allow-unsafe-pr-checkout: false
2026-08-14T16:22:49.0390210Z env:
2026-08-14T16:22:49.0390710Z   _R_CHECK_FORCE_SUGGESTS_: false
2026-08-14T16:22:49.0391300Z   NOT_CRAN: true
2026-08-14T16:22:49.0391790Z   TZ: UTC
2026-08-14T16:22:49.0392310Z   R_KEEP_PKG_SOURCE: yes
2026-08-14T16:22:49.0392870Z   MULTISITEDGP_RUN_SLOW: true
2026-08-14T16:22:49.0393480Z   MULTISITEDGP_RUN_PROPERTY: false
2026-08-14T16:22:49.0394120Z   MULTISITEDGP_RUN_VALIDATION: false
2026-08-14T16:22:49.0394960Z   MULTISITEDGP_REPRODUCIBILITY_POLICY: linux-strict-hash-cross-os-demoted
2026-08-14T16:22:49.0395890Z   MULTISITEDGP_ALLOW_NON_LINUX_PRINT_REGEN: false
2026-08-14T16:22:49.0396940Z ##[endgroup]
2026-08-14T16:22:49.2550180Z Syncing repository: joonho112/multisiteDGP
2026-08-14T16:22:49.2552080Z ##[group]Getting Git version info
2026-08-14T16:22:49.2553100Z Working directory is '/Users/runner/work/multisiteDGP/multisiteDGP'
2026-08-14T16:22:49.2554390Z [command]/opt/homebrew/bin/git version
2026-08-14T16:22:49.2792230Z git version 2.55.0
2026-08-14T16:22:49.2806390Z ##[endgroup]
2026-08-14T16:22:49.2813350Z Copying '/Users/runner/.gitconfig' to '/Users/runner/work/_temp/031491f0-5d27-41a5-a92c-c66a639c8662/.gitconfig'
2026-08-14T16:22:49.2821000Z Temporarily overriding HOME='/Users/runner/work/_temp/031491f0-5d27-41a5-a92c-c66a639c8662' before making global git config changes
2026-08-14T16:22:49.2822730Z Adding repository directory to the temporary git global config as a safe directory
2026-08-14T16:22:49.2825110Z [command]/opt/homebrew/bin/git config --global --add safe.directory /Users/runner/work/multisiteDGP/multisiteDGP
2026-08-14T16:22:49.2927090Z Deleting the contents of '/Users/runner/work/multisiteDGP/multisiteDGP'
2026-08-14T16:22:49.2929540Z ##[group]Determining repository object format
2026-08-14T16:22:49.2930970Z ##[endgroup]
2026-08-14T16:22:49.2931870Z ##[group]Initializing the repository
2026-08-14T16:22:49.2934460Z [command]/opt/homebrew/bin/git init /Users/runner/work/multisiteDGP/multisiteDGP
2026-08-14T16:22:49.3121320Z hint: Using 'master' as the name for the initial branch. This default branch name
2026-08-14T16:22:49.3122690Z hint: will change to "main" in Git 3.0. To configure the initial branch name
2026-08-14T16:22:49.3124080Z hint: to use in all of your new repositories, which will suppress this warning,
2026-08-14T16:22:49.3125050Z hint: call:
2026-08-14T16:22:49.3125610Z hint:
2026-08-14T16:22:49.3126230Z hint: 	git config --global init.defaultBranch <name>
2026-08-14T16:22:49.3126950Z hint:
2026-08-14T16:22:49.3127630Z hint: Names commonly chosen instead of 'master' are 'main', 'trunk' and
2026-08-14T16:22:49.3128860Z hint: 'development'. The just-created branch can be renamed via this command:
2026-08-14T16:22:49.3129820Z hint:
2026-08-14T16:22:49.3130340Z hint: 	git branch -m <name>
2026-08-14T16:22:49.3130930Z hint:
2026-08-14T16:22:49.3131680Z hint: Disable this message with "git config set advice.defaultBranchName false"
2026-08-14T16:22:49.3132990Z Initialized empty Git repository in /Users/runner/work/multisiteDGP/multisiteDGP/.git/
2026-08-14T16:22:49.3135270Z [command]/opt/homebrew/bin/git remote add origin https://github.com/joonho112/multisiteDGP
2026-08-14T16:22:49.3211020Z ##[endgroup]
2026-08-14T16:22:49.3212580Z ##[group]Disabling automatic garbage collection
2026-08-14T16:22:49.3213510Z [command]/opt/homebrew/bin/git config --local gc.auto 0
2026-08-14T16:22:49.3271370Z ##[endgroup]
2026-08-14T16:22:49.3272400Z ##[group]Setting up auth
2026-08-14T16:22:49.3273160Z Removing SSH command configuration
2026-08-14T16:22:49.3275920Z [command]/opt/homebrew/bin/git config --local --name-only --get-regexp core\.sshCommand
2026-08-14T16:22:49.3337850Z [command]/opt/homebrew/bin/git submodule foreach --recursive sh -c "git config --local --name-only --get-regexp 'core\.sshCommand' && git config --local --unset-all 'core.sshCommand' || :"
2026-08-14T16:22:49.4146120Z Removing HTTP extra header
2026-08-14T16:22:49.4151040Z [command]/opt/homebrew/bin/git config --local --name-only --get-regexp http\.https\:\/\/github\.com\/\.extraheader
2026-08-14T16:22:49.4211880Z [command]/opt/homebrew/bin/git submodule foreach --recursive sh -c "git config --local --name-only --get-regexp 'http\.https\:\/\/github\.com\/\.extraheader' && git config --local --unset-all 'http.https://github.com/.extraheader' || :"
2026-08-14T16:22:49.4935590Z Removing includeIf entries pointing to credentials config files
2026-08-14T16:22:49.4939310Z [command]/opt/homebrew/bin/git config --local --name-only --get-regexp ^includeIf\.gitdir:
2026-08-14T16:22:49.5008680Z [command]/opt/homebrew/bin/git submodule foreach --recursive git config --local --show-origin --name-only --get-regexp remote.origin.url
2026-08-14T16:22:49.6394660Z [command]/opt/homebrew/bin/git config --file /Users/runner/work/_temp/git-credentials-01cd7156-a6dc-47fe-9bac-d4bb8196bc83.config http.https://github.com/.extraheader AUTHORIZATION: basic ***
2026-08-14T16:22:49.6405950Z [command]/opt/homebrew/bin/git config --local includeIf.gitdir:/Users/runner/work/multisiteDGP/multisiteDGP/.git.path /Users/runner/work/_temp/git-credentials-01cd7156-a6dc-47fe-9bac-d4bb8196bc83.config
2026-08-14T16:22:49.6409910Z [command]/opt/homebrew/bin/git config --local includeIf.gitdir:/Users/runner/work/multisiteDGP/multisiteDGP/.git/worktrees/*.path /Users/runner/work/_temp/git-credentials-01cd7156-a6dc-47fe-9bac-d4bb8196bc83.config
2026-08-14T16:22:49.6413890Z [command]/opt/homebrew/bin/git config --local includeIf.gitdir:/github/workspace/.git.path /github/runner_temp/git-credentials-01cd7156-a6dc-47fe-9bac-d4bb8196bc83.config
2026-08-14T16:22:49.6466400Z [command]/opt/homebrew/bin/git config --local includeIf.gitdir:/github/workspace/.git/worktrees/*.path /github/runner_temp/git-credentials-01cd7156-a6dc-47fe-9bac-d4bb8196bc83.config
2026-08-14T16:22:49.6526560Z ##[endgroup]
2026-08-14T16:22:49.6527560Z ##[group]Fetching the repository
2026-08-14T16:22:49.6531790Z [command]/opt/homebrew/bin/git -c protocol.version=2 fetch --no-tags --prune --no-recurse-submodules --depth=1 origin +4cb09653eac39aaeb10207fa3ed214b320ebab15:refs/remotes/origin/upgrade/phase-05-test-suite
2026-08-14T16:22:50.5356170Z From https://github.com/joonho112/multisiteDGP
2026-08-14T16:22:50.5358830Z  * [new ref]         4cb09653eac39aaeb10207fa3ed214b320ebab15 -> origin/upgrade/phase-05-test-suite
2026-08-14T16:22:50.5362530Z [command]/opt/homebrew/bin/git branch --list --remote origin/upgrade/phase-05-test-suite
2026-08-14T16:22:50.5434420Z   origin/upgrade/phase-05-test-suite
2026-08-14T16:22:50.5438790Z [command]/opt/homebrew/bin/git rev-parse refs/remotes/origin/upgrade/phase-05-test-suite
2026-08-14T16:22:50.5493620Z 4cb09653eac39aaeb10207fa3ed214b320ebab15
2026-08-14T16:22:50.5496330Z ##[endgroup]
2026-08-14T16:22:50.5497320Z ##[group]Determining the checkout info
2026-08-14T16:22:50.5498340Z ##[endgroup]
2026-08-14T16:22:50.5500120Z [command]/opt/homebrew/bin/git sparse-checkout disable
2026-08-14T16:22:50.5575930Z [command]/opt/homebrew/bin/git config --local --unset-all extensions.worktreeConfig
2026-08-14T16:22:50.5630860Z ##[group]Checking out the ref
2026-08-14T16:22:50.5633680Z [command]/opt/homebrew/bin/git checkout --progress --force -B upgrade/phase-05-test-suite refs/remotes/origin/upgrade/phase-05-test-suite
2026-08-14T16:22:50.7011490Z Switched to a new branch 'upgrade/phase-05-test-suite'
2026-08-14T16:22:50.7014460Z branch 'upgrade/phase-05-test-suite' set up to track 'origin/upgrade/phase-05-test-suite'.
2026-08-14T16:22:50.7048280Z ##[endgroup]
2026-08-14T16:22:50.7140920Z [command]/opt/homebrew/bin/git log -1 --format=%H
2026-08-14T16:22:50.7208250Z 4cb09653eac39aaeb10207fa3ed214b320ebab15
2026-08-14T16:22:50.7434420Z ##[group]Run r-lib/actions/setup-r@v2
2026-08-14T16:22:50.7435100Z with:
2026-08-14T16:22:50.7435600Z   r-version: release
2026-08-14T16:22:50.7436140Z   use-public-rspm: true
2026-08-14T16:22:50.7436690Z   Ncpus: 1
2026-08-14T16:22:50.7437240Z   remove-openmp-macos: true
2026-08-14T16:22:50.7437830Z   http-user-agent: default
2026-08-14T16:22:50.7438400Z   install-r: true
2026-08-14T16:22:50.7438940Z   windows-path-include-rtools: true
2026-08-14T16:22:50.7439610Z   windows-path-include-mingw: true
2026-08-14T16:22:50.7440290Z   update-rtools: false
2026-08-14T16:22:50.7440860Z   working-directory: .
2026-08-14T16:22:50.7441390Z env:
2026-08-14T16:22:50.7454210Z   _R_CHECK_FORCE_SUGGESTS_: false
2026-08-14T16:22:50.7454850Z   NOT_CRAN: true
2026-08-14T16:22:50.7455350Z   TZ: UTC
2026-08-14T16:22:50.7455830Z   R_KEEP_PKG_SOURCE: yes
2026-08-14T16:22:50.7456410Z   MULTISITEDGP_RUN_SLOW: true
2026-08-14T16:22:50.7457020Z   MULTISITEDGP_RUN_PROPERTY: false
2026-08-14T16:22:50.7457710Z   MULTISITEDGP_RUN_VALIDATION: false
2026-08-14T16:22:50.7459120Z   MULTISITEDGP_REPRODUCIBILITY_POLICY: linux-strict-hash-cross-os-demoted
2026-08-14T16:22:50.7460140Z   MULTISITEDGP_ALLOW_NON_LINUX_PRINT_REGEN: false
2026-08-14T16:22:50.7460820Z ##[endgroup]
2026-08-14T16:22:50.9453200Z ##[group]Downloading gfortran
2026-08-14T16:22:52.2320860Z [command]/usr/bin/sudo installer -allowUntrusted -dumplog -pkg /Users/runner/work/_temp/gfortran-14.2-universal.pkg -target /
2026-08-14T16:22:52.4781630Z Aug 14 16:22:52  installer[1373] <Debug>: Product archive /Users/runner/work/_temp/gfortran-14.2-universal.pkg trustLevel=350
2026-08-14T16:22:52.4863190Z Aug 14 16:22:52  installer[1373] <Debug>: External component packages (1) trustLevel=350
2026-08-14T16:22:52.4908570Z Aug 14 16:22:52  installer[1373] <Debug>: -[IFDInstallController(Private) _buildInstallPlanReturningError:]: location = file://localhost
2026-08-14T16:22:52.4909820Z Aug 14 16:22:52  installer[1373] <Debug>: -[IFDInstallController(Private) _buildInstallPlanReturningError:]: file://localhost/Users/runner/work/_temp/gfortran-14.2-universal.pkg#gfortran.pkg
2026-08-14T16:22:52.4915690Z Aug 14 16:22:52  installer[1373] <Info>: Set authorization level to root for session
2026-08-14T16:22:52.4916850Z Aug 14 16:22:52  installer[1373] <Info>: Administrator authorization granted.
2026-08-14T16:22:52.4917550Z Aug 14 16:22:52  installer[1373] <Info>: Authorization is being checked, waiting until authorization arrives.
2026-08-14T16:22:52.4918110Z Aug 14 16:22:52  installer[1373] <Info>: Packages have been authorized for installation.
2026-08-14T16:22:52.4923850Z Aug 14 16:22:52  installer[1373] <Debug>: Will use PK session
2026-08-14T16:22:52.4924460Z Aug 14 16:22:52  installer[1373] <Debug>: Using authorization level of root for IFPKInstallElement
2026-08-14T16:22:52.5374770Z Aug 14 16:22:52  installer[1373] <Info>: Starting installation:
2026-08-14T16:22:52.5375300Z Aug 14 16:22:52  installer[1373] <Notice>: Configuring volume "Macintosh HD"
2026-08-14T16:22:52.5378560Z Aug 14 16:22:52  installer[1373] <Info>: Preparing disk for local booted install.
2026-08-14T16:22:52.5392790Z Aug 14 16:22:52  installer[1373] <Notice>: Free space on "Macintosh HD": 103.82 GB (103821402112 bytes).
2026-08-14T16:22:52.5393700Z Aug 14 16:22:52  installer[1373] <Notice>: Create temporary directory "/var/folders/zz/zyxvpxvq6csfxvn_n0000000000000/T//Install.1373LcxaKj"
2026-08-14T16:22:52.5398200Z Aug 14 16:22:52  installer[1373] <Notice>: IFPKInstallElement (1 packages)
2026-08-14T16:22:52.6294230Z Aug 14 16:22:52  installer[1373] <Info>: Current Path: /usr/sbin/installer
2026-08-14T16:22:52.6299530Z Aug 14 16:22:52  installer[1373] <Info>: Current Path: /usr/bin/sudo
2026-08-14T16:22:52.6614890Z Aug 14 16:22:52  installer[1373] <Notice>: PackageKit: Enqueuing install with framework-specified quality of service (utility)
2026-08-14T16:22:57.9850820Z Aug 14 16:22:57  installer[1373] <Notice>: Running install actions
2026-08-14T16:22:57.9870730Z Aug 14 16:22:57  installer[1373] <Notice>: Removing temporary directory "/var/folders/zz/zyxvpxvq6csfxvn_n0000000000000/T//Install.1373LcxaKj"
2026-08-14T16:22:57.9871580Z Aug 14 16:22:57  installer[1373] <Notice>: Finalize disk "Macintosh HD"
2026-08-14T16:22:57.9882250Z Aug 14 16:22:57  installer[1373] <Notice>: Notifying system of updated components
2026-08-14T16:22:57.9884440Z Aug 14 16:22:57  installer[1373] <Notice>: 
2026-08-14T16:22:57.9885080Z Aug 14 16:22:57  installer[1373] <Notice>: **** Summary Information ****
2026-08-14T16:22:57.9894550Z Aug 14 16:22:57  installer[1373] <Notice>:   Operation      Elapsed time
2026-08-14T16:22:57.9895020Z Aug 14 16:22:57  installer[1373] <Notice>: -----------------------------
2026-08-14T16:22:57.9895500Z Aug 14 16:22:57  installer[1373] <Notice>:        disk      0.00 seconds
2026-08-14T16:22:57.9896000Z Aug 14 16:22:57  installer[1373] <Notice>:      script      0.00 seconds
2026-08-14T16:22:57.9896510Z Aug 14 16:22:57  installer[1373] <Notice>:        zero      0.00 seconds
2026-08-14T16:22:57.9896910Z Aug 14 16:22:57  installer[1373] <Notice>:     install      5.44 seconds
2026-08-14T16:22:58.0156600Z Aug 14 16:22:57  installer[1373] <Notice>:     -total-      5.44 seconds
2026-08-14T16:22:58.0156910Z Aug 14 16:22:57  installer[1373] <Notice>: 
2026-08-14T16:22:58.0157150Z installer: Package name is 
2026-08-14T16:22:58.0157460Z installer: Installing at base path /
2026-08-14T16:22:58.0157750Z installer: The install was successful.
2026-08-14T16:22:58.0158580Z ##[endgroup]
2026-08-14T16:22:58.0158890Z ##[group]Downloading macOS utils
2026-08-14T16:23:05.9416020Z ##[endgroup]
2026-08-14T16:23:05.9416470Z ##[group]Downloading R
2026-08-14T16:23:07.3625160Z [command]/usr/bin/sudo installer -allowUntrusted -dumplog -pkg /Users/runner/work/_temp/R-4.6.1-arm64.pkg -target /
2026-08-14T16:23:07.5632240Z Aug 14 16:23:07  installer[2467] <Debug>: Product archive /Users/runner/work/_temp/R-4.6.1-arm64.pkg trustLevel=350
2026-08-14T16:23:07.5710140Z Aug 14 16:23:07  installer[2467] <Debug>: External component packages (1) trustLevel=350
2026-08-14T16:23:07.5730440Z Aug 14 16:23:07  installer[2467] <Debug>: -[IFDInstallController(Private) _buildInstallPlanReturningError:]: location = file://localhost
2026-08-14T16:23:07.5731520Z Aug 14 16:23:07  installer[2467] <Debug>: -[IFDInstallController(Private) _buildInstallPlanReturningError:]: file://localhost/Users/runner/work/_temp/R-4.6.1-arm64.pkg#R-fw.pkg
2026-08-14T16:23:07.5732520Z Aug 14 16:23:07  installer[2467] <Debug>: -[IFDInstallController(Private) _buildInstallPlanReturningError:]: file://localhost/Users/runner/work/_temp/R-4.6.1-arm64.pkg#R-app.pkg
2026-08-14T16:23:07.5733460Z Aug 14 16:23:07  installer[2467] <Debug>: -[IFDInstallController(Private) _buildInstallPlanReturningError:]: file://localhost/Users/runner/work/_temp/R-4.6.1-arm64.pkg#tcltk.pkg
2026-08-14T16:23:07.5734400Z Aug 14 16:23:07  installer[2467] <Debug>: -[IFDInstallController(Private) _buildInstallPlanReturningError:]: file://localhost/Users/runner/work/_temp/R-4.6.1-arm64.pkg#texinfo.pkg
2026-08-14T16:23:07.5759560Z Aug 14 16:23:07  installer[2467] <Info>: Set authorization level to root for session
2026-08-14T16:23:07.5760150Z Aug 14 16:23:07  installer[2467] <Info>: Administrator authorization granted.
2026-08-14T16:23:07.5760970Z Aug 14 16:23:07  installer[2467] <Info>: Authorization is being checked, waiting until authorization arrives.
2026-08-14T16:23:07.5761570Z Aug 14 16:23:07  installer[2467] <Info>: Packages have been authorized for installation.
2026-08-14T16:23:07.5806000Z Aug 14 16:23:07  installer[2467] <Debug>: Will use PK session
2026-08-14T16:23:07.5806670Z Aug 14 16:23:07  installer[2467] <Debug>: Using authorization level of root for IFPKInstallElement
2026-08-14T16:23:07.7369910Z Aug 14 16:23:07  installer[2467] <Info>: Starting installation:
2026-08-14T16:23:07.7470440Z Aug 14 16:23:07  installer[2467] <Notice>: Configuring volume "Macintosh HD"
2026-08-14T16:23:07.7571480Z Aug 14 16:23:07  installer[2467] <Info>: Preparing disk for local booted install.
2026-08-14T16:23:07.7822390Z Aug 14 16:23:07  installer[2467] <Notice>: Free space on "Macintosh HD": 102.5 GB (102500597760 bytes).
2026-08-14T16:23:07.7823500Z Aug 14 16:23:07  installer[2467] <Notice>: Create temporary directory "/var/folders/zz/zyxvpxvq6csfxvn_n0000000000000/T//Install.2467BdF2E5"
2026-08-14T16:23:07.7824060Z Aug 14 16:23:07  installer[2467] <Notice>: IFPKInstallElement (4 packages)
2026-08-14T16:23:07.8187480Z Aug 14 16:23:07  installer[2467] <Info>: Current Path: /usr/sbin/installer
2026-08-14T16:23:07.8192900Z Aug 14 16:23:07  installer[2467] <Info>: Current Path: /usr/bin/sudo
2026-08-14T16:23:07.8207990Z Aug 14 16:23:07  installer[2467] <Notice>: PackageKit: Enqueuing install with framework-specified quality of service (utility)
2026-08-14T16:23:11.7087470Z Aug 14 16:23:11  installer[2467] <Info>: PackageKit: Registered bundle file:///Applications/R.app/ for uid 0
2026-08-14T16:23:12.0774380Z Aug 14 16:23:12  installer[2467] <Notice>: Running install actions
2026-08-14T16:23:12.0784830Z Aug 14 16:23:12  installer[2467] <Notice>: Removing temporary directory "/var/folders/zz/zyxvpxvq6csfxvn_n0000000000000/T//Install.2467BdF2E5"
2026-08-14T16:23:12.0787480Z Aug 14 16:23:12  installer[2467] <Notice>: Finalize disk "Macintosh HD"
2026-08-14T16:23:12.0793810Z Aug 14 16:23:12  installer[2467] <Notice>: Notifying system of updated components
2026-08-14T16:23:12.0798300Z Aug 14 16:23:12  installer[2467] <Notice>: 
2026-08-14T16:23:12.0798780Z Aug 14 16:23:12  installer[2467] <Notice>: **** Summary Information ****
2026-08-14T16:23:12.0799190Z Aug 14 16:23:12  installer[2467] <Notice>:   Operation      Elapsed time
2026-08-14T16:23:12.0799530Z Aug 14 16:23:12  installer[2467] <Notice>: -----------------------------
2026-08-14T16:23:12.0800000Z Aug 14 16:23:12  installer[2467] <Notice>:        disk      0.00 seconds
2026-08-14T16:23:12.0800330Z Aug 14 16:23:12  installer[2467] <Notice>:      script      0.00 seconds
2026-08-14T16:23:12.0800700Z Aug 14 16:23:12  installer[2467] <Notice>:        zero      0.00 seconds
2026-08-14T16:23:12.0801280Z Aug 14 16:23:12  installer[2467] <Notice>:     install      4.32 seconds
2026-08-14T16:23:12.0801670Z Aug 14 16:23:12  installer[2467] <Notice>:     -total-      4.33 seconds
2026-08-14T16:23:12.0802140Z Aug 14 16:23:12  installer[2467] <Notice>: 
2026-08-14T16:23:12.0808640Z installer: Package name is R 4.6.1 for macOS (ARM64)
2026-08-14T16:23:12.0809010Z installer: Installing at base path /
2026-08-14T16:23:12.0809220Z installer: The install was successful.
2026-08-14T16:23:12.7895720Z [command]/usr/bin/sudo ln -sfv /Library/Frameworks/R.framework/Resources/bin/R /usr/local/bin/R
2026-08-14T16:23:12.8023550Z /usr/local/bin/R -> /Library/Frameworks/R.framework/Resources/bin/R
2026-08-14T16:23:12.8045330Z [command]/usr/bin/sudo ln -sfv /Library/Frameworks/R.framework/Resources/bin/Rscript /usr/local/bin/Rscript
2026-08-14T16:23:12.8168050Z /usr/local/bin/Rscript -> /Library/Frameworks/R.framework/Resources/bin/Rscript
2026-08-14T16:23:12.8178580Z ##[endgroup]
2026-08-14T16:23:12.8179220Z ##[group]Patching -fopenmp
2026-08-14T16:23:12.8192710Z [command]/usr/bin/sed -i .bak -e s/-fopenmp//g /Library/Frameworks/R.framework/Resources/etc/Makeconf
2026-08-14T16:23:12.8228450Z ##[endgroup]
2026-08-14T16:23:12.8557010Z ##[group]Run r-lib/actions/setup-r-dependencies@v2
2026-08-14T16:23:12.8557250Z with:
2026-08-14T16:23:12.8557390Z   dependencies: "hard"
2026-08-14T16:23:12.8558120Z   extra-packages: any::rcmdcheck
any::testthat
any::knitr
any::rmarkdown
any::metafor
any::baggr
any::sn
any::LaplacesDemon
any::copula
any::gridExtra
any::patchwork
any::deconvolveR
any::moments

2026-08-14T16:23:12.8558720Z   install-quarto: false
2026-08-14T16:23:12.8558870Z   cache: true
2026-08-14T16:23:12.8558990Z   cache-version: 1
2026-08-14T16:23:12.8559150Z   packages: deps::., any::sessioninfo
2026-08-14T16:23:12.8559340Z   pak-version: stable
2026-08-14T16:23:12.8559490Z   working-directory: .
2026-08-14T16:23:12.8559640Z   upgrade: FALSE
2026-08-14T16:23:12.8559780Z   lockfile-create-lib: NULL
2026-08-14T16:23:12.8559970Z   pandoc-version: 3.8.3
2026-08-14T16:23:12.8560130Z   quarto-version: release
2026-08-14T16:23:12.8560270Z env:
2026-08-14T16:23:12.8560400Z   _R_CHECK_FORCE_SUGGESTS_: false
2026-08-14T16:23:12.8560680Z   NOT_CRAN: true
2026-08-14T16:23:12.8560820Z   TZ: UTC
2026-08-14T16:23:12.8560940Z   R_KEEP_PKG_SOURCE: yes
2026-08-14T16:23:12.8561100Z   MULTISITEDGP_RUN_SLOW: true
2026-08-14T16:23:12.8561280Z   MULTISITEDGP_RUN_PROPERTY: false
2026-08-14T16:23:12.8561470Z   MULTISITEDGP_RUN_VALIDATION: false
2026-08-14T16:23:12.8561800Z   MULTISITEDGP_REPRODUCIBILITY_POLICY: linux-strict-hash-cross-os-demoted
2026-08-14T16:23:12.8562140Z   MULTISITEDGP_ALLOW_NON_LINUX_PRINT_REGEN: false
2026-08-14T16:23:12.8562380Z   R_LIBS_USER: /Users/runner/work/_temp/Library
2026-08-14T16:23:12.8562600Z   _R_CHECK_SYSTEM_CLOCK_: FALSE
2026-08-14T16:23:12.8562770Z ##[endgroup]
2026-08-14T16:23:12.8614360Z ##[start-action display=Set site library path;id=__r-lib_actions_2.__run]
2026-08-14T16:23:12.8660570Z ##[group]Run # Set site library path
2026-08-14T16:23:12.8661220Z [36;1m# Set site library path[0m
2026-08-14T16:23:12.8661440Z [36;1mcat("::group::Set site library path\n")[0m
2026-08-14T16:23:12.8661690Z [36;1mlibpak <- Sys.getenv("R_LIB_FOR_PAK")[0m
2026-08-14T16:23:12.8661910Z [36;1mif (libpak != "") {[0m
2026-08-14T16:23:12.8662150Z [36;1m  message("R_LIB_FOR_PAK is already set to ", libpak)[0m
2026-08-14T16:23:12.8662390Z [36;1m}[0m
2026-08-14T16:23:12.8662550Z [36;1mif (Sys.getenv("RENV_PROJECT") != "") {[0m
2026-08-14T16:23:12.8662840Z [36;1m  message("renv project detected, no need to set R_LIBS_SITE")[0m
2026-08-14T16:23:12.8663120Z [36;1m  if (libpak == "") {[0m
2026-08-14T16:23:12.8663460Z [36;1m    cat(sprintf("R_LIB_FOR_PAK=%s\n", .libPaths()[1]), file = Sys.getenv("GITHUB_ENV"), append = TRUE)[0m
2026-08-14T16:23:12.8663880Z [36;1m    message("Setting R_LIB_FOR_PAK to ", .libPaths()[1])[0m
2026-08-14T16:23:12.8664120Z [36;1m  }[0m
2026-08-14T16:23:12.8664250Z [36;1m  q("no")[0m
2026-08-14T16:23:12.8664380Z [36;1m}[0m
2026-08-14T16:23:12.8664530Z [36;1mlib <- Sys.getenv("R_LIBS_SITE")[0m
2026-08-14T16:23:12.8664720Z [36;1mif (lib == "") {[0m
2026-08-14T16:23:12.8664940Z [36;1m  lib <- file.path(dirname(.Library), "site-library")[0m
2026-08-14T16:23:12.8665320Z [36;1m  cat(sprintf("R_LIBS_SITE=%s\n", lib), file = Sys.getenv("GITHUB_ENV"), append = TRUE)[0m
2026-08-14T16:23:12.8665680Z [36;1m  message("Setting R_LIBS_SITE to ", lib)[0m
2026-08-14T16:23:12.8665900Z [36;1m  if (libpak == "") {[0m
2026-08-14T16:23:12.8666210Z [36;1m    cat(sprintf("R_LIB_FOR_PAK=%s\n", lib), file = Sys.getenv("GITHUB_ENV"), append = TRUE)[0m
2026-08-14T16:23:12.8666570Z [36;1m    message("Setting R_LIB_FOR_PAK to ", lib)[0m
2026-08-14T16:23:12.8666780Z [36;1m  }[0m
2026-08-14T16:23:12.8666910Z [36;1m} else {[0m
2026-08-14T16:23:12.8667090Z [36;1m  message("R_LIBS_SITE is already set to ", lib)[0m
2026-08-14T16:23:12.8667320Z [36;1m  if (libpak == "") {[0m
2026-08-14T16:23:12.8667550Z [36;1m    plib <- strsplit(lib, .Platform$path.sep)[[1]][[1]][0m
2026-08-14T16:23:12.8668220Z [36;1m    cat(sprintf("R_LIB_FOR_PAK=%s\n", plib), file = Sys.getenv("GITHUB_ENV"), append = TRUE)[0m
2026-08-14T16:23:12.8668600Z [36;1m    message("Setting R_LIB_FOR_PAK to ", plib)[0m
2026-08-14T16:23:12.8668820Z [36;1m  }[0m
2026-08-14T16:23:12.8668970Z [36;1m}[0m
2026-08-14T16:23:12.8669120Z [36;1mif (nchar("ok") == 0) {[0m
2026-08-14T16:23:12.8669430Z [36;1m  message("R_LIBS_USER GH env var is unset, setting now: ", Sys.getenv("R_LIBS_USER"))[0m
2026-08-14T16:23:12.8669940Z [36;1m  cat(sprintf("R_LIBS_USER=%s\n", Sys.getenv("R_LIBS_USER")), file = Sys.getenv("GITHUB_ENV"), append = TRUE)[0m
2026-08-14T16:23:12.8670310Z [36;1m} else {[0m
2026-08-14T16:23:12.8670560Z [36;1m  message("R_LIBS_USER GH env var is already set: ", Sys.getenv("R_LIBS_USER"))[0m
2026-08-14T16:23:12.8670860Z [36;1m}[0m
2026-08-14T16:23:12.8671100Z [36;1mdir.create(Sys.getenv("R_LIBS_SITE"), recursive = TRUE, showWarnings = FALSE)[0m
2026-08-14T16:23:12.8671520Z [36;1mdir.create(Sys.getenv("R_LIBS_USER"), recursive = TRUE, showWarnings = FALSE)[0m
2026-08-14T16:23:12.8671840Z [36;1mcat("::endgroup::\n")[0m
2026-08-14T16:23:12.8698700Z shell: /usr/local/bin/Rscript {0}
2026-08-14T16:23:12.8698890Z env:
2026-08-14T16:23:12.8699030Z   _R_CHECK_FORCE_SUGGESTS_: false
2026-08-14T16:23:12.8699200Z   NOT_CRAN: true
2026-08-14T16:23:12.8699330Z   TZ: UTC
2026-08-14T16:23:12.8699460Z   R_KEEP_PKG_SOURCE: yes
2026-08-14T16:23:12.8699620Z   MULTISITEDGP_RUN_SLOW: true
2026-08-14T16:23:12.8699810Z   MULTISITEDGP_RUN_PROPERTY: false
2026-08-14T16:23:12.8700000Z   MULTISITEDGP_RUN_VALIDATION: false
2026-08-14T16:23:12.8700300Z   MULTISITEDGP_REPRODUCIBILITY_POLICY: linux-strict-hash-cross-os-demoted
2026-08-14T16:23:12.8700640Z   MULTISITEDGP_ALLOW_NON_LINUX_PRINT_REGEN: false
2026-08-14T16:23:12.8700960Z   R_LIBS_USER: /Users/runner/work/_temp/Library
2026-08-14T16:23:12.8701270Z   _R_CHECK_SYSTEM_CLOCK_: FALSE
2026-08-14T16:23:12.8701600Z ##[endgroup]
2026-08-14T16:23:13.0792140Z ##[group]Set site library path
2026-08-14T16:23:13.0800440Z R_LIBS_SITE is already set to /Library/Frameworks/R.framework/Resources/site-library
2026-08-14T16:23:13.0802500Z Setting R_LIB_FOR_PAK to /Library/Frameworks/R.framework/Resources/site-library
2026-08-14T16:23:13.0803950Z R_LIBS_USER GH env var is already set: /Users/runner/work/_temp/Library
2026-08-14T16:23:13.0805870Z ##[endgroup]
2026-08-14T16:23:13.0896740Z ##[end-action id=__r-lib_actions_2.__run;outcome=success;conclusion=success;duration_ms=228]
2026-08-14T16:23:13.0898650Z ##[start-action display=Install pak (Windows);id=__r-lib_actions_2.__run_2]
2026-08-14T16:23:13.0908690Z ##[end-action id=__r-lib_actions_2.__run_2;outcome=skipped;conclusion=skipped;duration_ms=0]
2026-08-14T16:23:13.0910130Z ##[start-action display=Install pak (Unix);id=__r-lib_actions_2.__run_3]
2026-08-14T16:23:13.0927840Z ##[group]Run # Install pak
2026-08-14T16:23:13.0928030Z [36;1m# Install pak[0m
2026-08-14T16:23:13.0928230Z [36;1mecho "::group::Install pak"[0m
2026-08-14T16:23:13.0928580Z [36;1mif which sudo >/dev/null; then SUDO="sudo -E --preserve-env=PATH env"; else SUDO=""; fi[0m
2026-08-14T16:23:13.0929090Z [36;1m$SUDO R -q -e 'dir.create(Sys.getenv("R_LIB_FOR_PAK"), recursive = TRUE, showWarnings = FALSE)'[0m
2026-08-14T16:23:13.0930100Z [36;1m$SUDO R -q -e 'if ("stable" == "repo") { install.packages("pak", lib = Sys.getenv("R_LIB_FOR_PAK")) } else { install.packages("pak", lib = Sys.getenv("R_LIB_FOR_PAK"), repos = sprintf("https://r-lib.github.io/p/pak/%s/%s/%s/%s", "stable", .Platform$pkgType, R.Version()$os, R.Version()$arch)) }'[0m
2026-08-14T16:23:13.0930930Z [36;1mecho "::endgroup::"[0m
2026-08-14T16:23:13.0969700Z shell: /bin/bash --noprofile --norc -e -o pipefail {0}
2026-08-14T16:23:13.0969970Z env:
2026-08-14T16:23:13.0970110Z   _R_CHECK_FORCE_SUGGESTS_: false
2026-08-14T16:23:13.0970290Z   NOT_CRAN: true
2026-08-14T16:23:13.0970420Z   TZ: UTC
2026-08-14T16:23:13.0970540Z   R_KEEP_PKG_SOURCE: yes
2026-08-14T16:23:13.0970700Z   MULTISITEDGP_RUN_SLOW: true
2026-08-14T16:23:13.0970880Z   MULTISITEDGP_RUN_PROPERTY: false
2026-08-14T16:23:13.0971260Z   MULTISITEDGP_RUN_VALIDATION: false
2026-08-14T16:23:13.0971570Z   MULTISITEDGP_REPRODUCIBILITY_POLICY: linux-strict-hash-cross-os-demoted
2026-08-14T16:23:13.0971900Z   MULTISITEDGP_ALLOW_NON_LINUX_PRINT_REGEN: false
2026-08-14T16:23:13.0972140Z   R_LIBS_USER: /Users/runner/work/_temp/Library
2026-08-14T16:23:13.0972370Z   _R_CHECK_SYSTEM_CLOCK_: FALSE
2026-08-14T16:23:13.0972610Z   R_LIB_FOR_PAK: /Library/Frameworks/R.framework/Resources/site-library
2026-08-14T16:23:13.0972880Z ##[endgroup]
2026-08-14T16:23:13.1210800Z ##[group]Install pak
2026-08-14T16:23:13.2514900Z > dir.create(Sys.getenv("R_LIB_FOR_PAK"), recursive = TRUE, showWarnings = FALSE)
2026-08-14T16:23:13.2515470Z > 
2026-08-14T16:23:13.3904560Z > if ("stable" == "repo") { install.packages("pak", lib = Sys.getenv("R_LIB_FOR_PAK")) } else { install.packages("pak", lib = Sys.getenv("R_LIB_FOR_PAK"), repos = sprintf("https://r-lib.github.io/p/pak/%s/%s/%s/%s", "stable", .Platform$pkgType, R.Version()$os, R.Version()$arch)) }
2026-08-14T16:23:13.6031500Z trying URL 'https://r-lib.github.io/p/pak/stable/mac.binary.sonoma-arm64/darwin23/aarch64/bin/macosx/sonoma-arm64/contrib/4.6/../../../../../../../../darwin23/aarch64/pak_0.11.1_R-4-6_aarch64-darwin23.tgz'
2026-08-14T16:23:13.6148950Z Content type 'application/octet-stream' length 7386925 bytes (7.0 MB)
2026-08-14T16:23:13.8310590Z ==================================================
2026-08-14T16:23:13.8311010Z downloaded 7.0 MB
2026-08-14T16:23:13.8311190Z 
2026-08-14T16:23:13.9207210Z 
2026-08-14T16:23:13.9207660Z The downloaded binary packages are in
2026-08-14T16:23:13.9208210Z 	/var/folders/df/djsxfhc17x95674wsm_g8s980000gn/T//RtmpnyjBoU/downloaded_packages
2026-08-14T16:23:13.9208550Z > 
2026-08-14T16:23:13.9291330Z ##[endgroup]
2026-08-14T16:23:13.9297560Z ##[end-action id=__r-lib_actions_2.__run_3;outcome=success;conclusion=success;duration_ms=838]
2026-08-14T16:23:13.9299650Z ##[start-action display=Repo status;id=__r-lib_actions_2.__run_4]
2026-08-14T16:23:13.9314010Z ##[group]Run # Repo status
2026-08-14T16:23:13.9314250Z [36;1m# Repo status[0m
2026-08-14T16:23:13.9314560Z [36;1mcat("::group::Repo status\n")[0m
2026-08-14T16:23:13.9314810Z [36;1moptions(width = 1000)[0m
2026-08-14T16:23:13.9315040Z [36;1mpak::repo_status()[0m
2026-08-14T16:23:13.9315290Z [36;1mcat("::endgroup::\n")[0m
2026-08-14T16:23:13.9337810Z shell: /usr/local/bin/Rscript {0}
2026-08-14T16:23:13.9338030Z env:
2026-08-14T16:23:13.9338190Z   _R_CHECK_FORCE_SUGGESTS_: false
2026-08-14T16:23:13.9338370Z   NOT_CRAN: true
2026-08-14T16:23:13.9338520Z   TZ: UTC
2026-08-14T16:23:13.9338660Z   R_KEEP_PKG_SOURCE: yes
2026-08-14T16:23:13.9338910Z   MULTISITEDGP_RUN_SLOW: true
2026-08-14T16:23:13.9339100Z   MULTISITEDGP_RUN_PROPERTY: false
2026-08-14T16:23:13.9339320Z   MULTISITEDGP_RUN_VALIDATION: false
2026-08-14T16:23:13.9339620Z   MULTISITEDGP_REPRODUCIBILITY_POLICY: linux-strict-hash-cross-os-demoted
2026-08-14T16:23:13.9339990Z   MULTISITEDGP_ALLOW_NON_LINUX_PRINT_REGEN: false
2026-08-14T16:23:13.9340320Z   R_LIBS_USER: /Users/runner/work/_temp/Library
2026-08-14T16:23:13.9340620Z   _R_CHECK_SYSTEM_CLOCK_: FALSE
2026-08-14T16:23:13.9340940Z   R_LIB_FOR_PAK: /Library/Frameworks/R.framework/Resources/site-library
2026-08-14T16:23:13.9341220Z ##[endgroup]
2026-08-14T16:23:14.0708090Z ##[group]Repo status
2026-08-14T16:23:15.1594150Z             name                                                         url type bioc_version               platform                                path r_version   ok     ping error
2026-08-14T16:23:15.1595520Z 1           CRAN                                    https://cran.rstudio.com cran         <NA>                 source                         src/contrib       4.6 TRUE 0.132042  NULL
2026-08-14T16:23:15.1597740Z 2           CRAN                                    https://cran.rstudio.com cran         <NA> aarch64-apple-darwin23 bin/macosx/sonoma-arm64/contrib/4.6       4.6 TRUE 0.136465  NULL
2026-08-14T16:23:15.1599760Z 3       BioCsoft            https://bioconductor.posit.co/packages/3.23/bioc bioc         3.23                 source                         src/contrib       4.6 TRUE 0.143409  NULL
2026-08-14T16:23:15.1600960Z 4       BioCsoft            https://bioconductor.posit.co/packages/3.23/bioc bioc         3.23 aarch64-apple-darwin23 bin/macosx/sonoma-arm64/contrib/4.6       4.6 TRUE 0.145747  NULL
2026-08-14T16:23:15.1602100Z 5        BioCann https://bioconductor.posit.co/packages/3.23/data/annotation bioc         3.23                 source                         src/contrib       4.6 TRUE 0.183798  NULL
2026-08-14T16:23:15.1603390Z 6        BioCann https://bioconductor.posit.co/packages/3.23/data/annotation bioc         3.23 aarch64-apple-darwin23 bin/macosx/sonoma-arm64/contrib/4.6       4.6 TRUE 0.192352  NULL
2026-08-14T16:23:15.1604510Z 7        BioCexp https://bioconductor.posit.co/packages/3.23/data/experiment bioc         3.23                 source                         src/contrib       4.6 TRUE 0.226284  NULL
2026-08-14T16:23:15.1605630Z 8        BioCexp https://bioconductor.posit.co/packages/3.23/data/experiment bioc         3.23 aarch64-apple-darwin23 bin/macosx/sonoma-arm64/contrib/4.6       4.6 TRUE 0.318297  NULL
2026-08-14T16:23:15.1606950Z 9  BioCworkflows       https://bioconductor.posit.co/packages/3.23/workflows bioc         3.23                 source                         src/contrib       4.6 TRUE 0.267314  NULL
2026-08-14T16:23:15.1612820Z 10 BioCworkflows       https://bioconductor.posit.co/packages/3.23/workflows bioc         3.23 aarch64-apple-darwin23 bin/macosx/sonoma-arm64/contrib/4.6       4.6 TRUE 0.394071  NULL
2026-08-14T16:23:15.1616840Z 11     BioCbooks           https://bioconductor.posit.co/packages/3.23/books bioc         3.23                 source                         src/contrib       4.6 TRUE 0.328282  NULL
2026-08-14T16:23:15.1618150Z 12     BioCbooks           https://bioconductor.posit.co/packages/3.23/books bioc         3.23 aarch64-apple-darwin23 bin/macosx/sonoma-arm64/contrib/4.6       4.6 TRUE 0.459292  NULL
2026-08-14T16:23:15.1621090Z ##[endgroup]
2026-08-14T16:23:15.1775910Z ##[end-action id=__r-lib_actions_2.__run_4;outcome=success;conclusion=success;duration_ms=1246]
2026-08-14T16:23:15.1777890Z ##[start-action display=Query dependencies;id=__r-lib_actions_2.install]
2026-08-14T16:23:15.1811870Z ##[group]Run # Dependency resolution
2026-08-14T16:23:15.1812150Z [36;1m# Dependency resolution[0m
2026-08-14T16:23:15.1812380Z [36;1mcat("::group::Dependency resolution\n")[0m
2026-08-14T16:23:15.1812790Z [36;1mcat("os-version=", sessionInfo()$running, "\n", file = Sys.getenv("GITHUB_OUTPUT"), sep = "", append = TRUE)[0m
2026-08-14T16:23:15.1813350Z [36;1mcat("r-arch=", R.Version()$arch, "\n", file = Sys.getenv("GITHUB_OUTPUT"), sep = "", append = TRUE)[0m
2026-08-14T16:23:15.1813710Z [36;1mr_version <-[0m
2026-08-14T16:23:15.1813940Z [36;1m  if (grepl("development", R.version.string)) {[0m
2026-08-14T16:23:15.1814200Z [36;1m    pdf(tempfile())[0m
2026-08-14T16:23:15.1814430Z [36;1m    ge_ver <- attr(recordPlot(), "engineVersion")[0m
2026-08-14T16:23:15.1814690Z [36;1m    dev.off()[0m
2026-08-14T16:23:15.1815020Z [36;1m    paste0("R version ", getRversion(), " (ge:", ge_ver, "; iid:", .Internal(internalsID()), ")")[0m
2026-08-14T16:23:15.1815360Z [36;1m  } else {[0m
2026-08-14T16:23:15.1815540Z [36;1m    R.version.string[0m
2026-08-14T16:23:15.1815710Z [36;1m  }[0m
2026-08-14T16:23:15.1816010Z [36;1mcat("r-version=", r_version, "\n", file = Sys.getenv("GITHUB_OUTPUT"), sep = "", append = TRUE)[0m
2026-08-14T16:23:15.1816480Z [36;1mneeds <- sprintf("Config/Needs/%s", strsplit("", "[[:space:],]+")[[1]])[0m
2026-08-14T16:23:15.1816820Z [36;1mif (length(needs) == 0L) needs <- NULL[0m
2026-08-14T16:23:15.1817130Z [36;1mdeps <- strsplit("deps::., any::sessioninfo", "[[:space:],]+")[[1]][0m
2026-08-14T16:23:15.1817460Z [36;1mextra_deps <- strsplit("any::rcmdcheck[0m
2026-08-14T16:23:15.1817700Z [36;1many::testthat[0m
2026-08-14T16:23:15.1817870Z [36;1many::knitr[0m
2026-08-14T16:23:15.1818030Z [36;1many::rmarkdown[0m
2026-08-14T16:23:15.1818380Z [36;1many::metafor[0m
2026-08-14T16:23:15.1818550Z [36;1many::baggr[0m
2026-08-14T16:23:15.1818710Z [36;1many::sn[0m
2026-08-14T16:23:15.1818860Z [36;1many::LaplacesDemon[0m
2026-08-14T16:23:15.1819040Z [36;1many::copula[0m
2026-08-14T16:23:15.1819200Z [36;1many::gridExtra[0m
2026-08-14T16:23:15.1819370Z [36;1many::patchwork[0m
2026-08-14T16:23:15.1819530Z [36;1many::deconvolveR[0m
2026-08-14T16:23:15.1819700Z [36;1many::moments[0m
2026-08-14T16:23:15.1819850Z [36;1m", "[[:space:],]+")[[1]][0m
2026-08-14T16:23:15.1820090Z [36;1mdir.create(".github", showWarnings=FALSE)[0m
2026-08-14T16:23:15.1820350Z [36;1mSys.setenv("PKGCACHE_HTTP_VERSION" = "2")[0m
2026-08-14T16:23:15.1820630Z [36;1mlibrary(pak, lib.loc = Sys.getenv("R_LIB_FOR_PAK"))[0m
2026-08-14T16:23:15.1820890Z [36;1mpak::lockfile_create([0m
2026-08-14T16:23:15.1821090Z [36;1m  c(deps, extra_deps),[0m
2026-08-14T16:23:15.1821290Z [36;1m  lockfile = ".github/pkg.lock",[0m
2026-08-14T16:23:15.1821520Z [36;1m  upgrade = (FALSE),[0m
2026-08-14T16:23:15.1821730Z [36;1m  dependencies = c(needs, ("hard")),[0m
2026-08-14T16:23:15.1821950Z [36;1m  lib = NULL[0m
2026-08-14T16:23:15.1822100Z [36;1m)[0m
2026-08-14T16:23:15.1822260Z [36;1mcat("::endgroup::\n")[0m
2026-08-14T16:23:15.1822450Z [36;1mcat("::group::Show Lockfile\n")[0m
2026-08-14T16:23:15.1822700Z [36;1mwriteLines(readLines(".github/pkg.lock"))[0m
2026-08-14T16:23:15.1822940Z [36;1mcat("::endgroup::\n")[0m
2026-08-14T16:23:15.1846250Z shell: /usr/local/bin/Rscript {0}
2026-08-14T16:23:15.1846460Z env:
2026-08-14T16:23:15.1846610Z   _R_CHECK_FORCE_SUGGESTS_: false
2026-08-14T16:23:15.1846780Z   NOT_CRAN: true
2026-08-14T16:23:15.1846940Z   TZ: UTC
2026-08-14T16:23:15.1847080Z   R_KEEP_PKG_SOURCE: yes
2026-08-14T16:23:15.1847260Z   MULTISITEDGP_RUN_SLOW: true
2026-08-14T16:23:15.1847640Z   MULTISITEDGP_RUN_PROPERTY: false
2026-08-14T16:23:15.1847850Z   MULTISITEDGP_RUN_VALIDATION: false
2026-08-14T16:23:15.1848150Z   MULTISITEDGP_REPRODUCIBILITY_POLICY: linux-strict-hash-cross-os-demoted
2026-08-14T16:23:15.1848500Z   MULTISITEDGP_ALLOW_NON_LINUX_PRINT_REGEN: false
2026-08-14T16:23:15.1848750Z   R_LIBS_USER: /Users/runner/work/_temp/Library
2026-08-14T16:23:15.1848980Z   _R_CHECK_SYSTEM_CLOCK_: FALSE
2026-08-14T16:23:15.1849250Z   R_LIB_FOR_PAK: /Library/Frameworks/R.framework/Resources/site-library
2026-08-14T16:23:15.1849540Z ##[endgroup]
2026-08-14T16:23:15.3196330Z ##[group]Dependency resolution
2026-08-14T16:23:15.8740020Z ℹ Creating lockfile '.github/pkg.lock'
2026-08-14T16:23:16.1199350Z 
2026-08-14T16:23:16.5496790Z ✔ Updated metadata database: 6.91 MB in 15 files.
2026-08-14T16:23:16.5498790Z 
2026-08-14T16:23:16.5625480Z ℹ Creating lockfile '.github/pkg.lock'
2026-08-14T16:23:16.5625900Z ℹ Updating metadata database
2026-08-14T16:23:24.0473800Z ✔ Updating metadata database ... done
2026-08-14T16:23:24.0485820Z 
2026-08-14T16:23:27.0860750Z ℹ Creating lockfile '.github/pkg.lock'
2026-08-14T16:23:27.0962410Z ✔ Created lockfile '.github/pkg.lock' [11.2s]
2026-08-14T16:23:27.1063510Z 
2026-08-14T16:23:27.1249130Z ##[endgroup]
2026-08-14T16:23:27.1249450Z ##[group]Show Lockfile
2026-08-14T16:23:27.1279400Z {
2026-08-14T16:23:27.1279730Z   "lockfile_version": 1,
2026-08-14T16:23:27.1280030Z   "os": "macOS Tahoe 26.5.2",
2026-08-14T16:23:27.1280370Z   "r_version": "R version 4.6.1 (2026-06-24)",
2026-08-14T16:23:27.1280670Z   "platform": "aarch64-apple-darwin23",
2026-08-14T16:23:27.1280920Z   "packages": [
2026-08-14T16:23:27.1281070Z     {
2026-08-14T16:23:27.1281290Z       "ref": "deps::.",
2026-08-14T16:23:27.1281550Z       "package": "multisiteDGP-deps",
2026-08-14T16:23:27.1281810Z       "version": "0.1.1",
2026-08-14T16:23:27.1282020Z       "type": "deps",
2026-08-14T16:23:27.1282230Z       "direct": true,
2026-08-14T16:23:27.1282450Z       "binary": false,
2026-08-14T16:23:27.1283070Z       "dependencies": ["tibble", "dplyr", "tidyr", "withr", "cli", "rlang", "nleqslv", "ggplot2", "digest", "RColorBrewer", "viridisLite"],
2026-08-14T16:23:27.1284380Z       "deps": [
2026-08-14T16:23:27.1284560Z         {
2026-08-14T16:23:27.1284770Z           "ref": "R",
2026-08-14T16:23:27.1285040Z           "type": "Depends",
2026-08-14T16:23:27.1285520Z           "package": "R",
2026-08-14T16:23:27.1285730Z           "op": ">=",
2026-08-14T16:23:27.1285940Z           "version": "4.1.0"
2026-08-14T16:23:27.1286160Z         },
2026-08-14T16:23:27.1286300Z         {
2026-08-14T16:23:27.1286470Z           "ref": "tibble",
2026-08-14T16:23:27.1286700Z           "type": "Imports",
2026-08-14T16:23:27.1286930Z           "package": "tibble",
2026-08-14T16:23:27.1287140Z           "op": "",
2026-08-14T16:23:27.1287330Z           "version": ""
2026-08-14T16:23:27.1287500Z         },
2026-08-14T16:23:27.1287650Z         {
2026-08-14T16:23:27.1287820Z           "ref": "dplyr",
2026-08-14T16:23:27.1288050Z           "type": "Imports",
2026-08-14T16:23:27.1288270Z           "package": "dplyr",
2026-08-14T16:23:27.1288480Z           "op": ">=",
2026-08-14T16:23:27.1288680Z           "version": "1.0.0"
2026-08-14T16:23:27.1288880Z         },
2026-08-14T16:23:27.1289030Z         {
2026-08-14T16:23:27.1289200Z           "ref": "tidyr",
2026-08-14T16:23:27.1289420Z           "type": "Imports",
2026-08-14T16:23:27.1289640Z           "package": "tidyr",
2026-08-14T16:23:27.1289850Z           "op": ">=",
2026-08-14T16:23:27.1290060Z           "version": "1.2.0"
2026-08-14T16:23:27.1290250Z         },
2026-08-14T16:23:27.1290390Z         {
2026-08-14T16:23:27.1290560Z           "ref": "withr",
2026-08-14T16:23:27.1290790Z           "type": "Imports",
2026-08-14T16:23:27.1291000Z           "package": "withr",
2026-08-14T16:23:27.1291220Z           "op": ">=",
2026-08-14T16:23:27.1291420Z           "version": "2.5.0"
2026-08-14T16:23:27.1291590Z         },
2026-08-14T16:23:27.1291740Z         {
2026-08-14T16:23:27.1310180Z           "ref": "cli",
2026-08-14T16:23:27.1310420Z           "type": "Imports",
2026-08-14T16:23:27.1310670Z           "package": "cli",
2026-08-14T16:23:27.1310880Z           "op": ">=",
2026-08-14T16:23:27.1311090Z           "version": "3.6.0"
2026-08-14T16:23:27.1311270Z         },
2026-08-14T16:23:27.1311420Z         {
2026-08-14T16:23:27.1311590Z           "ref": "rlang",
2026-08-14T16:23:27.1311820Z           "type": "Imports",
2026-08-14T16:23:27.1312040Z           "package": "rlang",
2026-08-14T16:23:27.1312260Z           "op": ">=",
2026-08-14T16:23:27.1312460Z           "version": "1.1.0"
2026-08-14T16:23:27.1312650Z         },
2026-08-14T16:23:27.1312790Z         {
2026-08-14T16:23:27.1312970Z           "ref": "nleqslv",
2026-08-14T16:23:27.1313200Z           "type": "Imports",
2026-08-14T16:23:27.1313420Z           "package": "nleqslv",
2026-08-14T16:23:27.1313640Z           "op": "",
2026-08-14T16:23:27.1313820Z           "version": ""
2026-08-14T16:23:27.1314000Z         },
2026-08-14T16:23:27.1314140Z         {
2026-08-14T16:23:27.1314330Z           "ref": "ggplot2",
2026-08-14T16:23:27.1314540Z           "type": "Imports",
2026-08-14T16:23:27.1314780Z           "package": "ggplot2",
2026-08-14T16:23:27.1314990Z           "op": ">=",
2026-08-14T16:23:27.1315200Z           "version": "3.4.0"
2026-08-14T16:23:27.1315380Z         },
2026-08-14T16:23:27.1315520Z         {
2026-08-14T16:23:27.1315700Z           "ref": "digest",
2026-08-14T16:23:27.1315920Z           "type": "Imports",
2026-08-14T16:23:27.1316140Z           "package": "digest",
2026-08-14T16:23:27.1316350Z           "op": ">=",
2026-08-14T16:23:27.1316550Z           "version": "0.6.30"
2026-08-14T16:23:27.1316740Z         },
2026-08-14T16:23:27.1316870Z         {
2026-08-14T16:23:27.1317050Z           "ref": "RColorBrewer",
2026-08-14T16:23:27.1317300Z           "type": "Imports",
2026-08-14T16:23:27.1317530Z           "package": "RColorBrewer",
2026-08-14T16:23:27.1317770Z           "op": "",
2026-08-14T16:23:27.1317960Z           "version": ""
2026-08-14T16:23:27.1318140Z         },
2026-08-14T16:23:27.1318280Z         {
2026-08-14T16:23:27.1318470Z           "ref": "viridisLite",
2026-08-14T16:23:27.1318970Z           "type": "Imports",
2026-08-14T16:23:27.1319230Z           "package": "viridisLite",
2026-08-14T16:23:27.1319450Z           "op": "",
2026-08-14T16:23:27.1319650Z           "version": ""
2026-08-14T16:23:27.1321190Z         },
2026-08-14T16:23:27.1321320Z         {
2026-08-14T16:23:27.1321470Z           "ref": "sn",
2026-08-14T16:23:27.1321680Z           "type": "Suggests",
2026-08-14T16:23:27.1321960Z           "package": "sn",
2026-08-14T16:23:27.1322210Z           "op": "",
2026-08-14T16:23:27.1322380Z           "version": ""
2026-08-14T16:23:27.1322540Z         },
2026-08-14T16:23:27.1322670Z         {
2026-08-14T16:23:27.1322850Z           "ref": "LaplacesDemon",
2026-08-14T16:23:27.1323070Z           "type": "Suggests",
2026-08-14T16:23:27.1323300Z           "package": "LaplacesDemon",
2026-08-14T16:23:27.1323520Z           "op": "",
2026-08-14T16:23:27.1323690Z           "version": ""
2026-08-14T16:23:27.1323850Z         },
2026-08-14T16:23:27.1323990Z         {
2026-08-14T16:23:27.1324190Z           "ref": "copula",
2026-08-14T16:23:27.1324440Z           "type": "Suggests",
2026-08-14T16:23:27.1324650Z           "package": "copula",
2026-08-14T16:23:27.1324840Z           "op": "",
2026-08-14T16:23:27.1325010Z           "version": ""
2026-08-14T16:23:27.1325170Z         },
2026-08-14T16:23:27.1325290Z         {
2026-08-14T16:23:27.1325490Z           "ref": "metafor",
2026-08-14T16:23:27.1325740Z           "type": "Suggests",
2026-08-14T16:23:27.1325960Z           "package": "metafor",
2026-08-14T16:23:27.1326150Z           "op": "",
2026-08-14T16:23:27.1326410Z           "version": ""
2026-08-14T16:23:27.1326570Z         },
2026-08-14T16:23:27.1326700Z         {
2026-08-14T16:23:27.1326930Z           "ref": "baggr",
2026-08-14T16:23:27.1328130Z           "type": "Suggests",
2026-08-14T16:23:27.1328660Z           "package": "baggr",
2026-08-14T16:23:27.1328870Z           "op": "",
2026-08-14T16:23:27.1329050Z           "version": ""
2026-08-14T16:23:27.1329230Z         },
2026-08-14T16:23:27.1329360Z         {
2026-08-14T16:23:27.1329550Z           "ref": "multisitepower",
2026-08-14T16:23:27.1329780Z           "type": "Suggests",
2026-08-14T16:23:27.1330020Z           "package": "multisitepower",
2026-08-14T16:23:27.1330230Z           "op": "",
2026-08-14T16:23:27.1330410Z           "version": ""
2026-08-14T16:23:27.1330570Z         },
2026-08-14T16:23:27.1330690Z         {
2026-08-14T16:23:27.1330870Z           "ref": "deconvolveR",
2026-08-14T16:23:27.1331090Z           "type": "Suggests",
2026-08-14T16:23:27.1331320Z           "package": "deconvolveR",
2026-08-14T16:23:27.1331530Z           "op": "",
2026-08-14T16:23:27.1331700Z           "version": ""
2026-08-14T16:23:27.1331860Z         },
2026-08-14T16:23:27.1331990Z         {
2026-08-14T16:23:27.1332640Z           "ref": "furrr",
2026-08-14T16:23:27.1332860Z           "type": "Suggests",
2026-08-14T16:23:27.1333080Z           "package": "furrr",
2026-08-14T16:23:27.1333280Z           "op": "",
2026-08-14T16:23:27.1334730Z           "version": ""
2026-08-14T16:23:27.1334890Z         },
2026-08-14T16:23:27.1335030Z         {
2026-08-14T16:23:27.1335190Z           "ref": "yaml",
2026-08-14T16:23:27.1336350Z           "type": "Suggests",
2026-08-14T16:23:27.1336600Z           "package": "yaml",
2026-08-14T16:23:27.1336790Z           "op": "",
2026-08-14T16:23:27.1336970Z           "version": ""
2026-08-14T16:23:27.1337120Z         },
2026-08-14T16:23:27.1337250Z         {
2026-08-14T16:23:27.1337420Z           "ref": "arrow",
2026-08-14T16:23:27.1337620Z           "type": "Suggests",
2026-08-14T16:23:27.1337830Z           "package": "arrow",
2026-08-14T16:23:27.1338010Z           "op": "",
2026-08-14T16:23:27.1338190Z           "version": ""
2026-08-14T16:23:27.1338340Z         },
2026-08-14T16:23:27.1338470Z         {
2026-08-14T16:23:27.1338630Z           "ref": "moments",
2026-08-14T16:23:27.1338940Z           "type": "Suggests",
2026-08-14T16:23:27.1339210Z           "package": "moments",
2026-08-14T16:23:27.1339400Z           "op": "",
2026-08-14T16:23:27.1339930Z           "version": ""
2026-08-14T16:23:27.1340100Z         },
2026-08-14T16:23:27.1340230Z         {
2026-08-14T16:23:27.1340400Z           "ref": "testthat",
2026-08-14T16:23:27.1340620Z           "type": "Suggests",
2026-08-14T16:23:27.1340840Z           "package": "testthat",
2026-08-14T16:23:27.1341040Z           "op": ">=",
2026-08-14T16:23:27.1341230Z           "version": "3.0.0"
2026-08-14T16:23:27.1341490Z         },
2026-08-14T16:23:27.1341650Z         {
2026-08-14T16:23:27.1341830Z           "ref": "knitr",
2026-08-14T16:23:27.1342030Z           "type": "Suggests",
2026-08-14T16:23:27.1342240Z           "package": "knitr",
2026-08-14T16:23:27.1342430Z           "op": "",
2026-08-14T16:23:27.1342610Z           "version": ""
2026-08-14T16:23:27.1342770Z         },
2026-08-14T16:23:27.1342910Z         {
2026-08-14T16:23:27.1343080Z           "ref": "rmarkdown",
2026-08-14T16:23:27.1343290Z           "type": "Suggests",
2026-08-14T16:23:27.1343510Z           "package": "rmarkdown",
2026-08-14T16:23:27.1343710Z           "op": "",
2026-08-14T16:23:27.1343890Z           "version": ""
2026-08-14T16:23:27.1344050Z         },
2026-08-14T16:23:27.1344170Z         {
2026-08-14T16:23:27.1344340Z           "ref": "covr",
2026-08-14T16:23:27.1344530Z           "type": "Suggests",
2026-08-14T16:23:27.1344750Z           "package": "covr",
2026-08-14T16:23:27.1344940Z           "op": "",
2026-08-14T16:23:27.1345120Z           "version": ""
2026-08-14T16:23:27.1345360Z         },
2026-08-14T16:23:27.1345520Z         {
2026-08-14T16:23:27.1345720Z           "ref": "gridExtra",
2026-08-14T16:23:27.1345930Z           "type": "Suggests",
2026-08-14T16:23:27.1346150Z           "package": "gridExtra",
2026-08-14T16:23:27.1346350Z           "op": "",
2026-08-14T16:23:27.1346530Z           "version": ""
2026-08-14T16:23:27.1346900Z         },
2026-08-14T16:23:27.1347020Z         {
2026-08-14T16:23:27.1347200Z           "ref": "patchwork",
2026-08-14T16:23:27.1347410Z           "type": "Suggests",
2026-08-14T16:23:27.1347630Z           "package": "patchwork",
2026-08-14T16:23:27.1347840Z           "op": "",
2026-08-14T16:23:27.1348020Z           "version": ""
2026-08-14T16:23:27.1348180Z         },
2026-08-14T16:23:27.1348300Z         {
2026-08-14T16:23:27.1348470Z           "ref": "roxygen2",
2026-08-14T16:23:27.1348730Z           "type": "Config/Needs/documentation",
2026-08-14T16:23:27.1349010Z           "package": "roxygen2",
2026-08-14T16:23:27.1349330Z           "op": "",
2026-08-14T16:23:27.1349530Z           "version": ""
2026-08-14T16:23:27.1350580Z         },
2026-08-14T16:23:27.1350710Z         {
2026-08-14T16:23:27.1350910Z           "ref": "pkgdown",
2026-08-14T16:23:27.1351170Z           "type": "Config/Needs/website",
2026-08-14T16:23:27.1351430Z           "package": "pkgdown",
2026-08-14T16:23:27.1351650Z           "op": "",
2026-08-14T16:23:27.1351830Z           "version": ""
2026-08-14T16:23:27.1352010Z         },
2026-08-14T16:23:27.1352160Z         {
2026-08-14T16:23:27.1352350Z           "ref": "lintr",
2026-08-14T16:23:27.1352580Z           "type": "Config/Needs/lint",
2026-08-14T16:23:27.1352960Z           "package": "lintr",
2026-08-14T16:23:27.1353180Z           "op": "",
2026-08-14T16:23:27.1353380Z           "version": ""
2026-08-14T16:23:27.1353550Z         },
2026-08-14T16:23:27.1353690Z         {
2026-08-14T16:23:27.1353880Z           "ref": "cyclocomp",
2026-08-14T16:23:27.1354140Z           "type": "Config/Needs/lint",
2026-08-14T16:23:27.1354390Z           "package": "cyclocomp",
2026-08-14T16:23:27.1354620Z           "op": "",
2026-08-14T16:23:27.1354860Z           "version": ""
2026-08-14T16:23:27.1355030Z         }
2026-08-14T16:23:27.1355160Z       ],
2026-08-14T16:23:27.1355350Z       "vignettes": false,
2026-08-14T16:23:27.1356400Z       "metadata": {
2026-08-14T16:23:27.1357470Z         "RemotePkgRef": "deps::.",
2026-08-14T16:23:27.1357730Z         "RemoteType": "deps"
2026-08-14T16:23:27.1357920Z       },
2026-08-14T16:23:27.1358090Z       "sources": [],
2026-08-14T16:23:27.1358600Z       "target": "src/contrib/multisiteDGP-deps_0.1.1.tar.gz",
2026-08-14T16:23:27.1358920Z       "platform": "source",
2026-08-14T16:23:27.1359170Z       "rversion": "*",
2026-08-14T16:23:27.1359540Z       "directpkg": true,
2026-08-14T16:23:27.1359810Z       "license": "MIT + file LICENSE",
2026-08-14T16:23:27.1360340Z       "dep_types": ["Depends", "Imports", "LinkingTo"],
2026-08-14T16:23:27.1360650Z       "params": [],
2026-08-14T16:23:27.1360840Z       "install_args": [],
2026-08-14T16:23:27.1361040Z       "sysreqs": ""
2026-08-14T16:23:27.1361180Z     },
2026-08-14T16:23:27.1361310Z     {
2026-08-14T16:23:27.1361470Z       "ref": "cli",
2026-08-14T16:23:27.1361660Z       "package": "cli",
2026-08-14T16:23:27.1361880Z       "version": "3.6.6",
2026-08-14T16:23:27.1362090Z       "type": "standard",
2026-08-14T16:23:27.1362300Z       "direct": false,
2026-08-14T16:23:27.1362490Z       "binary": true,
2026-08-14T16:23:27.1362690Z       "dependencies": [],
2026-08-14T16:23:27.1362890Z       "deps": [
2026-08-14T16:23:27.1373600Z         {
2026-08-14T16:23:27.1373790Z           "ref": "callr",
2026-08-14T16:23:27.1374010Z           "type": "suggests",
2026-08-14T16:23:27.1374220Z           "package": "callr",
2026-08-14T16:23:27.1374410Z           "op": "",
2026-08-14T16:23:27.1374590Z           "version": ""
2026-08-14T16:23:27.1374750Z         },
2026-08-14T16:23:27.1374870Z         {
2026-08-14T16:23:27.1375030Z           "ref": "covr",
2026-08-14T16:23:27.1375230Z           "type": "suggests",
2026-08-14T16:23:27.1375440Z           "package": "covr",
2026-08-14T16:23:27.1375630Z           "op": "",
2026-08-14T16:23:27.1375800Z           "version": ""
2026-08-14T16:23:27.1375960Z         },
2026-08-14T16:23:27.1376090Z         {
2026-08-14T16:23:27.1376240Z           "ref": "crayon",
2026-08-14T16:23:27.1376750Z           "type": "suggests",
2026-08-14T16:23:27.1376960Z           "package": "crayon",
2026-08-14T16:23:27.1377150Z           "op": "",
2026-08-14T16:23:27.1377320Z           "version": ""
2026-08-14T16:23:27.1377490Z         },
2026-08-14T16:23:27.1377610Z         {
2026-08-14T16:23:27.1377770Z           "ref": "digest",
2026-08-14T16:23:27.1377980Z           "type": "suggests",
2026-08-14T16:23:27.1378190Z           "package": "digest",
2026-08-14T16:23:27.1378380Z           "op": "",
2026-08-14T16:23:27.1378550Z           "version": ""
2026-08-14T16:23:27.1378710Z         },
2026-08-14T16:23:27.1378830Z         {
2026-08-14T16:23:27.1378990Z           "ref": "glue",
2026-08-14T16:23:27.1379210Z           "type": "suggests",
2026-08-14T16:23:27.1379480Z           "package": "glue",
2026-08-14T16:23:27.1379680Z           "op": ">=",
2026-08-14T16:23:27.1379880Z           "version": "1.6.0"
2026-08-14T16:23:27.1380040Z         },
2026-08-14T16:23:27.1380170Z         {
2026-08-14T16:23:27.1380450Z           "ref": "grDevices",
2026-08-14T16:23:27.1380710Z           "type": "suggests",
2026-08-14T16:23:27.1380930Z           "package": "grDevices",
2026-08-14T16:23:27.1381130Z           "op": "",
2026-08-14T16:23:27.1381310Z           "version": ""
2026-08-14T16:23:27.1381470Z         },
2026-08-14T16:23:27.1381590Z         {
2026-08-14T16:23:27.1381750Z           "ref": "htmltools",
2026-08-14T16:23:27.1381960Z           "type": "suggests",
2026-08-14T16:23:27.1382170Z           "package": "htmltools",
2026-08-14T16:23:27.1382370Z           "op": "",
2026-08-14T16:23:27.1382540Z           "version": ""
2026-08-14T16:23:27.1382690Z         },
2026-08-14T16:23:27.1382820Z         {
2026-08-14T16:23:27.1382990Z           "ref": "htmlwidgets",
2026-08-14T16:23:27.1383200Z           "type": "suggests",
2026-08-14T16:23:27.1383430Z           "package": "htmlwidgets",
2026-08-14T16:23:27.1383630Z           "op": "",
2026-08-14T16:23:27.1383800Z           "version": ""
2026-08-14T16:23:27.1383960Z         },
2026-08-14T16:23:27.1384080Z         {
2026-08-14T16:23:27.1384240Z           "ref": "knitr",
2026-08-14T16:23:27.1384440Z           "type": "suggests",
2026-08-14T16:23:27.1384900Z           "package": "knitr",
2026-08-14T16:23:27.1385090Z           "op": "",
2026-08-14T16:23:27.1385390Z           "version": ""
2026-08-14T16:23:27.1385580Z         },
2026-08-14T16:23:27.1385710Z         {
2026-08-14T16:23:27.1385870Z           "ref": "methods",
2026-08-14T16:23:27.1386080Z           "type": "suggests",
2026-08-14T16:23:27.1386350Z           "package": "methods",
2026-08-14T16:23:27.1386580Z           "op": "",
2026-08-14T16:23:27.1386750Z           "version": ""
2026-08-14T16:23:27.1386900Z         },
2026-08-14T16:23:27.1387100Z         {
2026-08-14T16:23:27.1387320Z           "ref": "processx",
2026-08-14T16:23:27.1387550Z           "type": "suggests",
2026-08-14T16:23:27.1387770Z           "package": "processx",
2026-08-14T16:23:27.1387970Z           "op": "",
2026-08-14T16:23:27.1388140Z           "version": ""
2026-08-14T16:23:27.1388300Z         },
2026-08-14T16:23:27.1388420Z         {
2026-08-14T16:23:27.1388580Z           "ref": "ps",
2026-08-14T16:23:27.1388770Z           "type": "suggests",
2026-08-14T16:23:27.1388980Z           "package": "ps",
2026-08-14T16:23:27.1389160Z           "op": ">=",
2026-08-14T16:23:27.1389350Z           "version": "1.3.4.9000"
2026-08-14T16:23:27.1389540Z         },
2026-08-14T16:23:27.1389660Z         {
2026-08-14T16:23:27.1389810Z           "ref": "R",
2026-08-14T16:23:27.1389990Z           "type": "depends",
2026-08-14T16:23:27.1390200Z           "package": "R",
2026-08-14T16:23:27.1390390Z           "op": ">=",
2026-08-14T16:23:27.1390570Z           "version": "3.4"
2026-08-14T16:23:27.1390740Z         },
2026-08-14T16:23:27.1390860Z         {
2026-08-14T16:23:27.1391020Z           "ref": "rlang",
2026-08-14T16:23:27.1391210Z           "type": "suggests",
2026-08-14T16:23:27.1391420Z           "package": "rlang",
2026-08-14T16:23:27.1391620Z           "op": ">=",
2026-08-14T16:23:27.1391960Z           "version": "1.0.2.9003"
2026-08-14T16:23:27.1392150Z         },
2026-08-14T16:23:27.1392270Z         {
2026-08-14T16:23:27.1392440Z           "ref": "rmarkdown",
2026-08-14T16:23:27.1392640Z           "type": "suggests",
2026-08-14T16:23:27.1392860Z           "package": "rmarkdown",
2026-08-14T16:23:27.1393060Z           "op": "",
2026-08-14T16:23:27.1393230Z           "version": ""
2026-08-14T16:23:27.1393390Z         },
2026-08-14T16:23:27.1393510Z         {
2026-08-14T16:23:27.1393670Z           "ref": "rprojroot",
2026-08-14T16:23:27.1393880Z           "type": "suggests",
2026-08-14T16:23:27.1394100Z           "package": "rprojroot",
2026-08-14T16:23:27.1394410Z           "op": "",
2026-08-14T16:23:27.1394590Z           "version": ""
2026-08-14T16:23:27.1394740Z         },
2026-08-14T16:23:27.1394870Z         {
2026-08-14T16:23:27.1395040Z           "ref": "rstudioapi",
2026-08-14T16:23:27.1395260Z           "type": "suggests",
2026-08-14T16:23:27.1395480Z           "package": "rstudioapi",
2026-08-14T16:23:27.1395680Z           "op": "",
2026-08-14T16:23:27.1395850Z           "version": ""
2026-08-14T16:23:27.1396010Z         },
2026-08-14T16:23:27.1396130Z         {
2026-08-14T16:23:27.1396300Z           "ref": "testthat",
2026-08-14T16:23:27.1396500Z           "type": "suggests",
2026-08-14T16:23:27.1396720Z           "package": "testthat",
2026-08-14T16:23:27.1396920Z           "op": ">=",
2026-08-14T16:23:27.1397100Z           "version": "3.2.0"
2026-08-14T16:23:27.1397270Z         },
2026-08-14T16:23:27.1397400Z         {
2026-08-14T16:23:27.1397550Z           "ref": "tibble",
2026-08-14T16:23:27.1397750Z           "type": "suggests",
2026-08-14T16:23:27.1397960Z           "package": "tibble",
2026-08-14T16:23:27.1398150Z           "op": "",
2026-08-14T16:23:27.1398320Z           "version": ""
2026-08-14T16:23:27.1398480Z         },
2026-08-14T16:23:27.1398610Z         {
2026-08-14T16:23:27.1398770Z           "ref": "utils",
2026-08-14T16:23:27.1398970Z           "type": "imports",
2026-08-14T16:23:27.1399340Z           "package": "utils",
2026-08-14T16:23:27.1399550Z           "op": "",
2026-08-14T16:23:27.1399720Z           "version": ""
2026-08-14T16:23:27.1400100Z         },
2026-08-14T16:23:27.1400260Z         {
2026-08-14T16:23:27.1400430Z           "ref": "whoami",
2026-08-14T16:23:27.1400630Z           "type": "suggests",
2026-08-14T16:23:27.1400840Z           "package": "whoami",
2026-08-14T16:23:27.1401030Z           "op": "",
2026-08-14T16:23:27.1401200Z           "version": ""
2026-08-14T16:23:27.1401360Z         },
2026-08-14T16:23:27.1401480Z         {
2026-08-14T16:23:27.1401640Z           "ref": "withr",
2026-08-14T16:23:27.1401840Z           "type": "suggests",
2026-08-14T16:23:27.1402050Z           "package": "withr",
2026-08-14T16:23:27.1402240Z           "op": "",
2026-08-14T16:23:27.1402410Z           "version": ""
2026-08-14T16:23:27.1402560Z         }
2026-08-14T16:23:27.1402680Z       ],
2026-08-14T16:23:27.1402840Z       "vignettes": false,
2026-08-14T16:23:27.1403060Z       "needscompilation": true,
2026-08-14T16:23:27.1403260Z       "metadata": {
2026-08-14T16:23:27.1403460Z         "RemoteType": "standard",
2026-08-14T16:23:27.1403680Z         "RemotePkgRef": "cli",
2026-08-14T16:23:27.1403900Z         "RemoteRef": "cli",
2026-08-14T16:23:27.1404170Z         "RemoteRepos": "https://cran.rstudio.com",
2026-08-14T16:23:27.1404520Z         "RemotePkgPlatform": "aarch64-apple-darwin23",
2026-08-14T16:23:27.1404800Z         "RemoteSha": "3.6.6"
2026-08-14T16:23:27.1404960Z       },
2026-08-14T16:23:27.1405650Z       "sources": ["https://cran.rstudio.com/bin/macosx/sonoma-arm64/contrib/4.6/cli_3.6.6.tgz", "https://mac.cran.dev/bin/macosx/sonoma-arm64/contrib/4.6/cli_3.6.6.tgz"],
2026-08-14T16:23:27.1406330Z       "target": "bin/macosx/sonoma-arm64/contrib/4.6/cli_3.6.6.tgz",
2026-08-14T16:23:27.1406670Z       "platform": "aarch64-apple-darwin23",
2026-08-14T16:23:27.1406910Z       "rversion": "4.6",
2026-08-14T16:23:27.1407270Z       "built": "R 4.6.0; aarch64-apple-darwin23; 2026-04-25 15:39:10 UTC; unix",
2026-08-14T16:23:27.1407770Z       "directpkg": false,
2026-08-14T16:23:27.1408040Z       "license": "MIT + file LICENSE",
2026-08-14T16:23:27.1408560Z       "sha256": "\n        2657093517706d96047c4e30cd376dcd12651feebaaf9d7ea30a4a7227ec0464",
2026-08-14T16:23:27.1410530Z       "dep_types": ["Depends", "Imports", "LinkingTo"],
2026-08-14T16:23:27.1411810Z       "params": [],
2026-08-14T16:23:27.1412010Z       "install_args": [],
2026-08-14T16:23:27.1412230Z       "repotype": "cran"
2026-08-14T16:23:27.1412450Z     },
2026-08-14T16:23:27.1412610Z     {
2026-08-14T16:23:27.1412830Z       "ref": "digest",
2026-08-14T16:23:27.1413040Z       "package": "digest",
2026-08-14T16:23:27.1413270Z       "version": "0.6.39",
2026-08-14T16:23:27.1413470Z       "type": "standard",
2026-08-14T16:23:27.1413690Z       "direct": false,
2026-08-14T16:23:27.1413880Z       "binary": true,
2026-08-14T16:23:27.1414090Z       "dependencies": [],
2026-08-14T16:23:27.1414280Z       "deps": [
2026-08-14T16:23:27.1414450Z         {
2026-08-14T16:23:27.1414620Z           "ref": "R",
2026-08-14T16:23:27.1414820Z           "type": "depends",
2026-08-14T16:23:27.1415050Z           "package": "R",
2026-08-14T16:23:27.1415240Z           "op": ">=",
2026-08-14T16:23:27.1415440Z           "version": "3.3.0"
2026-08-14T16:23:27.1415630Z         },
2026-08-14T16:23:27.1415780Z         {
2026-08-14T16:23:27.1415970Z           "ref": "rbenchmark",
2026-08-14T16:23:27.1416210Z           "type": "suggests",
2026-08-14T16:23:27.1416450Z           "package": "rbenchmark",
2026-08-14T16:23:27.1416680Z           "op": "",
2026-08-14T16:23:27.1416870Z           "version": ""
2026-08-14T16:23:27.1417050Z         },
2026-08-14T16:23:27.1417200Z         {
2026-08-14T16:23:27.1417410Z           "ref": "simplermarkdown",
2026-08-14T16:23:27.1417650Z           "type": "suggests",
2026-08-14T16:23:27.1417900Z           "package": "simplermarkdown",
2026-08-14T16:23:27.1418130Z           "op": "",
2026-08-14T16:23:27.1418320Z           "version": ""
2026-08-14T16:23:27.1418480Z         },
2026-08-14T16:23:27.1418610Z         {
2026-08-14T16:23:27.1418770Z           "ref": "tinytest",
2026-08-14T16:23:27.1419220Z           "type": "suggests",
2026-08-14T16:23:27.1419450Z           "package": "tinytest",
2026-08-14T16:23:27.1419650Z           "op": "",
2026-08-14T16:23:27.1419820Z           "version": ""
2026-08-14T16:23:27.1419980Z         },
2026-08-14T16:23:27.1420100Z         {
2026-08-14T16:23:27.1420260Z           "ref": "utils",
2026-08-14T16:23:27.1420480Z           "type": "imports",
2026-08-14T16:23:27.1420720Z           "package": "utils",
2026-08-14T16:23:27.1420950Z           "op": "",
2026-08-14T16:23:27.1421170Z           "version": ""
2026-08-14T16:23:27.1421340Z         }
2026-08-14T16:23:27.1421460Z       ],
2026-08-14T16:23:27.1421620Z       "vignettes": false,
2026-08-14T16:23:27.1421850Z       "needscompilation": true,
2026-08-14T16:23:27.1422100Z       "metadata": {
2026-08-14T16:23:27.1422350Z         "RemoteType": "standard",
2026-08-14T16:23:27.1422630Z         "RemotePkgRef": "digest",
2026-08-14T16:23:27.1422890Z         "RemoteRef": "digest",
2026-08-14T16:23:27.1423160Z         "RemoteRepos": "https://cran.rstudio.com",
2026-08-14T16:23:27.1423520Z         "RemotePkgPlatform": "aarch64-apple-darwin23",
2026-08-14T16:23:27.1423850Z         "RemoteSha": "0.6.39"
2026-08-14T16:23:27.1424050Z       },
2026-08-14T16:23:27.1425190Z       "sources": ["https://cran.rstudio.com/bin/macosx/sonoma-arm64/contrib/4.6/digest_0.6.39.tgz", "https://mac.cran.dev/bin/macosx/sonoma-arm64/contrib/4.6/digest_0.6.39.tgz"],
2026-08-14T16:23:27.1426040Z       "target": "bin/macosx/sonoma-arm64/contrib/4.6/digest_0.6.39.tgz",
2026-08-14T16:23:27.1426400Z       "platform": "aarch64-apple-darwin23",
2026-08-14T16:23:27.1426700Z       "rversion": "4.6",
2026-08-14T16:23:27.1427100Z       "built": "R 4.6.0; aarch64-apple-darwin23; 2026-04-25 15:38:59 UTC; unix",
2026-08-14T16:23:27.1427420Z       "directpkg": false,
2026-08-14T16:23:27.1427920Z       "license": "GPL (>= 2)",
2026-08-14T16:23:27.1428360Z       "sha256": "\n        3a2a694c9d1ab8abf7829af29c851b5c82238e2f032b7d6c34a7c85a00c6a698",
2026-08-14T16:23:27.1428840Z       "dep_types": ["Depends", "Imports", "LinkingTo"],
2026-08-14T16:23:27.1429170Z       "params": [],
2026-08-14T16:23:27.1429420Z       "install_args": [],
2026-08-14T16:23:27.1429620Z       "repotype": "cran"
2026-08-14T16:23:27.1429790Z     },
2026-08-14T16:23:27.1429910Z     {
2026-08-14T16:23:27.1430080Z       "ref": "dplyr",
2026-08-14T16:23:27.1430280Z       "package": "dplyr",
2026-08-14T16:23:27.1430500Z       "version": "1.2.1",
2026-08-14T16:23:27.1430700Z       "type": "standard",
2026-08-14T16:23:27.1430910Z       "direct": false,
2026-08-14T16:23:27.1431110Z       "binary": true,
2026-08-14T16:23:27.1431690Z       "dependencies": ["cli", "generics", "glue", "lifecycle", "magrittr", "pillar", "R6", "rlang", "tibble", "tidyselect", "vctrs"],
2026-08-14T16:23:27.1439370Z       "deps": [
2026-08-14T16:23:27.1439520Z         {
2026-08-14T16:23:27.1439690Z           "ref": "broom",
2026-08-14T16:23:27.1439900Z           "type": "suggests",
2026-08-14T16:23:27.1441100Z           "package": "broom",
2026-08-14T16:23:27.1441460Z           "op": "",
2026-08-14T16:23:27.1441680Z           "version": ""
2026-08-14T16:23:27.1441870Z         },
2026-08-14T16:23:27.1442030Z         {
2026-08-14T16:23:27.1442220Z           "ref": "cli",
2026-08-14T16:23:27.1442420Z           "type": "imports",
2026-08-14T16:23:27.1442630Z           "package": "cli",
2026-08-14T16:23:27.1442820Z           "op": ">=",
2026-08-14T16:23:27.1443020Z           "version": "3.6.2"
2026-08-14T16:23:27.1443190Z         },
2026-08-14T16:23:27.1443320Z         {
2026-08-14T16:23:27.1443480Z           "ref": "covr",
2026-08-14T16:23:27.1443680Z           "type": "suggests",
2026-08-14T16:23:27.1443910Z           "package": "covr",
2026-08-14T16:23:27.1444920Z           "op": "",
2026-08-14T16:23:27.1445110Z           "version": ""
2026-08-14T16:23:27.1445310Z         },
2026-08-14T16:23:27.1445460Z         {
2026-08-14T16:23:27.1445660Z           "ref": "DBI",
2026-08-14T16:23:27.1445860Z           "type": "suggests",
2026-08-14T16:23:27.1446330Z           "package": "DBI",
2026-08-14T16:23:27.1446540Z           "op": "",
2026-08-14T16:23:27.1446710Z           "version": ""
2026-08-14T16:23:27.1446880Z         },
2026-08-14T16:23:27.1447010Z         {
2026-08-14T16:23:27.1447170Z           "ref": "dbplyr",
2026-08-14T16:23:27.1447370Z           "type": "suggests",
2026-08-14T16:23:27.1447590Z           "package": "dbplyr",
2026-08-14T16:23:27.1447780Z           "op": ">=",
2026-08-14T16:23:27.1447980Z           "version": "2.2.1"
2026-08-14T16:23:27.1448150Z         },
2026-08-14T16:23:27.1448270Z         {
2026-08-14T16:23:27.1448430Z           "ref": "generics",
2026-08-14T16:23:27.1448650Z           "type": "imports",
2026-08-14T16:23:27.1448890Z           "package": "generics",
2026-08-14T16:23:27.1449170Z           "op": "",
2026-08-14T16:23:27.1449350Z           "version": ""
2026-08-14T16:23:27.1449510Z         },
2026-08-14T16:23:27.1449640Z         {
2026-08-14T16:23:27.1449800Z           "ref": "ggplot2",
2026-08-14T16:23:27.1450020Z           "type": "suggests",
2026-08-14T16:23:27.1450300Z           "package": "ggplot2",
2026-08-14T16:23:27.1450520Z           "op": "",
2026-08-14T16:23:27.1450700Z           "version": ""
2026-08-14T16:23:27.1450860Z         },
2026-08-14T16:23:27.1450980Z         {
2026-08-14T16:23:27.1451140Z           "ref": "glue",
2026-08-14T16:23:27.1451330Z           "type": "imports",
2026-08-14T16:23:27.1451600Z           "package": "glue",
2026-08-14T16:23:27.1451830Z           "op": ">=",
2026-08-14T16:23:27.1452030Z           "version": "1.3.2"
2026-08-14T16:23:27.1452200Z         },
2026-08-14T16:23:27.1452330Z         {
2026-08-14T16:23:27.1452490Z           "ref": "knitr",
2026-08-14T16:23:27.1452680Z           "type": "suggests",
2026-08-14T16:23:27.1452900Z           "package": "knitr",
2026-08-14T16:23:27.1453240Z           "op": "",
2026-08-14T16:23:27.1453420Z           "version": ""
2026-08-14T16:23:27.1453580Z         },
2026-08-14T16:23:27.1453700Z         {
2026-08-14T16:23:27.1453870Z           "ref": "Lahman",
2026-08-14T16:23:27.1454070Z           "type": "suggests",
2026-08-14T16:23:27.1454300Z           "package": "Lahman",
2026-08-14T16:23:27.1454540Z           "op": "",
2026-08-14T16:23:27.1454750Z           "version": ""
2026-08-14T16:23:27.1454910Z         },
2026-08-14T16:23:27.1455040Z         {
2026-08-14T16:23:27.1455200Z           "ref": "lifecycle",
2026-08-14T16:23:27.1455410Z           "type": "imports",
2026-08-14T16:23:27.1455630Z           "package": "lifecycle",
2026-08-14T16:23:27.1455830Z           "op": ">=",
2026-08-14T16:23:27.1456020Z           "version": "1.0.5"
2026-08-14T16:23:27.1456200Z         },
2026-08-14T16:23:27.1456320Z         {
2026-08-14T16:23:27.1456480Z           "ref": "lobstr",
2026-08-14T16:23:27.1456690Z           "type": "suggests",
2026-08-14T16:23:27.1456900Z           "package": "lobstr",
2026-08-14T16:23:27.1457090Z           "op": "",
2026-08-14T16:23:27.1457260Z           "version": ""
2026-08-14T16:23:27.1457420Z         },
2026-08-14T16:23:27.1457550Z         {
2026-08-14T16:23:27.1457710Z           "ref": "magrittr",
2026-08-14T16:23:27.1457920Z           "type": "imports",
2026-08-14T16:23:27.1458130Z           "package": "magrittr",
2026-08-14T16:23:27.1458330Z           "op": ">=",
2026-08-14T16:23:27.1458520Z           "version": "1.5"
2026-08-14T16:23:27.1458680Z         },
2026-08-14T16:23:27.1458800Z         {
2026-08-14T16:23:27.1458970Z           "ref": "methods",
2026-08-14T16:23:27.1459170Z           "type": "imports",
2026-08-14T16:23:27.1459380Z           "package": "methods",
2026-08-14T16:23:27.1459570Z           "op": "",
2026-08-14T16:23:27.1459740Z           "version": ""
2026-08-14T16:23:27.1459900Z         },
2026-08-14T16:23:27.1460040Z         {
2026-08-14T16:23:27.1461190Z           "ref": "nycflights13",
2026-08-14T16:23:27.1461460Z           "type": "suggests",
2026-08-14T16:23:27.1461740Z           "package": "nycflights13",
2026-08-14T16:23:27.1462000Z           "op": "",
2026-08-14T16:23:27.1462400Z           "version": ""
2026-08-14T16:23:27.1462580Z         },
2026-08-14T16:23:27.1462710Z         {
2026-08-14T16:23:27.1462870Z           "ref": "pillar",
2026-08-14T16:23:27.1463070Z           "type": "imports",
2026-08-14T16:23:27.1463280Z           "package": "pillar",
2026-08-14T16:23:27.1463480Z           "op": ">=",
2026-08-14T16:23:27.1463680Z           "version": "1.9.0"
2026-08-14T16:23:27.1464060Z         },
2026-08-14T16:23:27.1464200Z         {
2026-08-14T16:23:27.1464560Z           "ref": "purrr",
2026-08-14T16:23:27.1464820Z           "type": "suggests",
2026-08-14T16:23:27.1465040Z           "package": "purrr",
2026-08-14T16:23:27.1465280Z           "op": "",
2026-08-14T16:23:27.1465490Z           "version": ""
2026-08-14T16:23:27.1465660Z         },
2026-08-14T16:23:27.1465790Z         {
2026-08-14T16:23:27.1465950Z           "ref": "R",
2026-08-14T16:23:27.1466130Z           "type": "depends",
2026-08-14T16:23:27.1466340Z           "package": "R",
2026-08-14T16:23:27.1466520Z           "op": ">=",
2026-08-14T16:23:27.1466710Z           "version": "4.1.0"
2026-08-14T16:23:27.1466880Z         },
2026-08-14T16:23:27.1467010Z         {
2026-08-14T16:23:27.1467160Z           "ref": "R6",
2026-08-14T16:23:27.1467360Z           "type": "imports",
2026-08-14T16:23:27.1468330Z           "package": "R6",
2026-08-14T16:23:27.1468570Z           "op": "",
2026-08-14T16:23:27.1468790Z           "version": ""
2026-08-14T16:23:27.1468970Z         },
2026-08-14T16:23:27.1469100Z         {
2026-08-14T16:23:27.1469260Z           "ref": "rlang",
2026-08-14T16:23:27.1469460Z           "type": "imports",
2026-08-14T16:23:27.1469670Z           "package": "rlang",
2026-08-14T16:23:27.1469870Z           "op": ">=",
2026-08-14T16:23:27.1470060Z           "version": "1.1.7"
2026-08-14T16:23:27.1470230Z         },
2026-08-14T16:23:27.1470480Z         {
2026-08-14T16:23:27.1470660Z           "ref": "rmarkdown",
2026-08-14T16:23:27.1470860Z           "type": "suggests",
2026-08-14T16:23:27.1471080Z           "package": "rmarkdown",
2026-08-14T16:23:27.1471330Z           "op": "",
2026-08-14T16:23:27.1471530Z           "version": ""
2026-08-14T16:23:27.1471680Z         },
2026-08-14T16:23:27.1472270Z         {
2026-08-14T16:23:27.1472450Z           "ref": "RSQLite",
2026-08-14T16:23:27.1472690Z           "type": "suggests",
2026-08-14T16:23:27.1472970Z           "package": "RSQLite",
2026-08-14T16:23:27.1473170Z           "op": "",
2026-08-14T16:23:27.1473350Z           "version": ""
2026-08-14T16:23:27.1473510Z         },
2026-08-14T16:23:27.1473640Z         {
2026-08-14T16:23:27.1473820Z           "ref": "stringi",
2026-08-14T16:23:27.1474030Z           "type": "suggests",
2026-08-14T16:23:27.1474260Z           "package": "stringi",
2026-08-14T16:23:27.1474460Z           "op": ">=",
2026-08-14T16:23:27.1474650Z           "version": "1.7.6"
2026-08-14T16:23:27.1474820Z         },
2026-08-14T16:23:27.1474950Z         {
2026-08-14T16:23:27.1475120Z           "ref": "testthat",
2026-08-14T16:23:27.1475320Z           "type": "suggests",
2026-08-14T16:23:27.1475540Z           "package": "testthat",
2026-08-14T16:23:27.1475740Z           "op": ">=",
2026-08-14T16:23:27.1475930Z           "version": "3.1.5"
2026-08-14T16:23:27.1476100Z         },
2026-08-14T16:23:27.1476230Z         {
2026-08-14T16:23:27.1476390Z           "ref": "tibble",
2026-08-14T16:23:27.1476590Z           "type": "imports",
2026-08-14T16:23:27.1476790Z           "package": "tibble",
2026-08-14T16:23:27.1476990Z           "op": ">=",
2026-08-14T16:23:27.1477180Z           "version": "3.2.0"
2026-08-14T16:23:27.1477340Z         },
2026-08-14T16:23:27.1477470Z         {
2026-08-14T16:23:27.1477630Z           "ref": "tidyr",
2026-08-14T16:23:27.1477830Z           "type": "suggests",
2026-08-14T16:23:27.1478040Z           "package": "tidyr",
2026-08-14T16:23:27.1478230Z           "op": ">=",
2026-08-14T16:23:27.1478420Z           "version": "1.3.0"
2026-08-14T16:23:27.1478590Z         },
2026-08-14T16:23:27.1478720Z         {
2026-08-14T16:23:27.1479070Z           "ref": "tidyselect",
2026-08-14T16:23:27.1479290Z           "type": "imports",
2026-08-14T16:23:27.1479510Z           "package": "tidyselect",
2026-08-14T16:23:27.1479710Z           "op": ">=",
2026-08-14T16:23:27.1479900Z           "version": "1.2.0"
2026-08-14T16:23:27.1480080Z         },
2026-08-14T16:23:27.1480200Z         {
2026-08-14T16:23:27.1480360Z           "ref": "utils",
2026-08-14T16:23:27.1480560Z           "type": "imports",
2026-08-14T16:23:27.1480760Z           "package": "utils",
2026-08-14T16:23:27.1480950Z           "op": "",
2026-08-14T16:23:27.1481130Z           "version": ""
2026-08-14T16:23:27.1481280Z         },
2026-08-14T16:23:27.1481420Z         {
2026-08-14T16:23:27.1481580Z           "ref": "vctrs",
2026-08-14T16:23:27.1481770Z           "type": "imports",
2026-08-14T16:23:27.1481980Z           "package": "vctrs",
2026-08-14T16:23:27.1482170Z           "op": ">=",
2026-08-14T16:23:27.1482360Z           "version": "0.7.1"
2026-08-14T16:23:27.1482550Z         },
2026-08-14T16:23:27.1482700Z         {
2026-08-14T16:23:27.1482870Z           "ref": "withr",
2026-08-14T16:23:27.1483070Z           "type": "suggests",
2026-08-14T16:23:27.1483270Z           "package": "withr",
2026-08-14T16:23:27.1483460Z           "op": "",
2026-08-14T16:23:27.1483630Z           "version": ""
2026-08-14T16:23:27.1483790Z         }
2026-08-14T16:23:27.1483940Z       ],
2026-08-14T16:23:27.1484140Z       "vignettes": false,
2026-08-14T16:23:27.1484380Z       "needscompilation": true,
2026-08-14T16:23:27.1484580Z       "metadata": {
2026-08-14T16:23:27.1484770Z         "RemoteType": "standard",
2026-08-14T16:23:27.1485000Z         "RemotePkgRef": "dplyr",
2026-08-14T16:23:27.1485220Z         "RemoteRef": "dplyr",
2026-08-14T16:23:27.1485490Z         "RemoteRepos": "https://cran.rstudio.com",
2026-08-14T16:23:27.1485840Z         "RemotePkgPlatform": "aarch64-apple-darwin23",
2026-08-14T16:23:27.1486200Z         "RemoteSha": "1.2.1"
2026-08-14T16:23:27.1486360Z       },
2026-08-14T16:23:27.1487120Z       "sources": ["https://cran.rstudio.com/bin/macosx/sonoma-arm64/contrib/4.6/dplyr_1.2.1.tgz", "https://mac.cran.dev/bin/macosx/sonoma-arm64/contrib/4.6/dplyr_1.2.1.tgz"],
2026-08-14T16:23:27.1487880Z       "target": "bin/macosx/sonoma-arm64/contrib/4.6/dplyr_1.2.1.tgz",
2026-08-14T16:23:27.1488300Z       "platform": "aarch64-apple-darwin23",
2026-08-14T16:23:27.1488600Z       "rversion": "4.6",
2026-08-14T16:23:27.1488990Z       "built": "R 4.6.0; aarch64-apple-darwin23; 2026-04-26 11:09:07 UTC; unix",
2026-08-14T16:23:27.1489320Z       "directpkg": false,
2026-08-14T16:23:27.1489550Z       "license": "MIT + file LICENSE",
2026-08-14T16:23:27.1489970Z       "sha256": "\n        64d1dc74891b8195c443377494a990356fe4ca965a9677630921110b7810cbf1",
2026-08-14T16:23:27.1490400Z       "dep_types": ["Depends", "Imports", "LinkingTo"],
2026-08-14T16:23:27.1490650Z       "params": [],
2026-08-14T16:23:27.1490830Z       "install_args": [],
2026-08-14T16:23:27.1491040Z       "repotype": "cran"
2026-08-14T16:23:27.1491210Z     },
2026-08-14T16:23:27.1491340Z     {
2026-08-14T16:23:27.1491490Z       "ref": "farver",
2026-08-14T16:23:27.1491690Z       "package": "farver",
2026-08-14T16:23:27.1491880Z       "version": "2.1.2",
2026-08-14T16:23:27.1492070Z       "type": "standard",
2026-08-14T16:23:27.1492260Z       "direct": false,
2026-08-14T16:23:27.1492480Z       "binary": true,
2026-08-14T16:23:27.1492710Z       "dependencies": [],
2026-08-14T16:23:27.1492890Z       "deps": [
2026-08-14T16:23:27.1493020Z         {
2026-08-14T16:23:27.1493180Z           "ref": "covr",
2026-08-14T16:23:27.1493380Z           "type": "suggests",
2026-08-14T16:23:27.1493580Z           "package": "covr",
2026-08-14T16:23:27.1493770Z           "op": "",
2026-08-14T16:23:27.1493940Z           "version": ""
2026-08-14T16:23:27.1494100Z         },
2026-08-14T16:23:27.1494230Z         {
2026-08-14T16:23:27.1494390Z           "ref": "testthat",
2026-08-14T16:23:27.1494600Z           "type": "suggests",
2026-08-14T16:23:27.1501890Z           "package": "testthat",
2026-08-14T16:23:27.1502320Z           "op": ">=",
2026-08-14T16:23:27.1502520Z           "version": "3.0.0"
2026-08-14T16:23:27.1502680Z         }
2026-08-14T16:23:27.1502810Z       ],
2026-08-14T16:23:27.1502970Z       "vignettes": false,
2026-08-14T16:23:27.1503180Z       "needscompilation": true,
2026-08-14T16:23:27.1504340Z       "metadata": {
2026-08-14T16:23:27.1504550Z         "RemoteType": "standard",
2026-08-14T16:23:27.1504840Z         "RemotePkgRef": "farver",
2026-08-14T16:23:27.1505100Z         "RemoteRef": "farver",
2026-08-14T16:23:27.1505370Z         "RemoteRepos": "https://cran.rstudio.com",
2026-08-14T16:23:27.1505710Z         "RemotePkgPlatform": "aarch64-apple-darwin23",
2026-08-14T16:23:27.1505980Z         "RemoteSha": "2.1.2"
2026-08-14T16:23:27.1506140Z       },
2026-08-14T16:23:27.1506850Z       "sources": ["https://cran.rstudio.com/bin/macosx/sonoma-arm64/contrib/4.6/farver_2.1.2.tgz", "https://mac.cran.dev/bin/macosx/sonoma-arm64/contrib/4.6/farver_2.1.2.tgz"],
2026-08-14T16:23:27.1507620Z       "target": "bin/macosx/sonoma-arm64/contrib/4.6/farver_2.1.2.tgz",
2026-08-14T16:23:27.1507970Z       "platform": "aarch64-apple-darwin23",
2026-08-14T16:23:27.1508220Z       "rversion": "4.6",
2026-08-14T16:23:27.1508570Z       "built": "R 4.6.0; aarch64-apple-darwin23; 2026-04-25 15:40:10 UTC; unix",
2026-08-14T16:23:27.1508890Z       "directpkg": false,
2026-08-14T16:23:27.1509110Z       "license": "MIT + file LICENSE",
2026-08-14T16:23:27.1509570Z       "sha256": "\n        6d89d456e9867ebdac90cb69406c7dbaab8dd7612d2fa96749febb2976deaa47",
2026-08-14T16:23:27.1510000Z       "dep_types": ["Depends", "Imports", "LinkingTo"],
2026-08-14T16:23:27.1510240Z       "params": [],
2026-08-14T16:23:27.1510430Z       "install_args": [],
2026-08-14T16:23:27.1510630Z       "repotype": "cran"
2026-08-14T16:23:27.1510770Z     },
2026-08-14T16:23:27.1511000Z     {
2026-08-14T16:23:27.1511160Z       "ref": "generics",
2026-08-14T16:23:27.1511370Z       "package": "generics",
2026-08-14T16:23:27.1511570Z       "version": "0.1.4",
2026-08-14T16:23:27.1511760Z       "type": "standard",
2026-08-14T16:23:27.1511950Z       "direct": false,
2026-08-14T16:23:27.1512130Z       "binary": true,
2026-08-14T16:23:27.1512320Z       "dependencies": [],
2026-08-14T16:23:27.1512490Z       "deps": [
2026-08-14T16:23:27.1512630Z         {
2026-08-14T16:23:27.1512780Z           "ref": "covr",
2026-08-14T16:23:27.1512980Z           "type": "suggests",
2026-08-14T16:23:27.1513190Z           "package": "covr",
2026-08-14T16:23:27.1513380Z           "op": "",
2026-08-14T16:23:27.1513550Z           "version": ""
2026-08-14T16:23:27.1513700Z         },
2026-08-14T16:23:27.1513830Z         {
2026-08-14T16:23:27.1513990Z           "ref": "methods",
2026-08-14T16:23:27.1514190Z           "type": "imports",
2026-08-14T16:23:27.1514400Z           "package": "methods",
2026-08-14T16:23:27.1514600Z           "op": "",
2026-08-14T16:23:27.1514790Z           "version": ""
2026-08-14T16:23:27.1514990Z         },
2026-08-14T16:23:27.1515150Z         {
2026-08-14T16:23:27.1515320Z           "ref": "pkgload",
2026-08-14T16:23:27.1515520Z           "type": "suggests",
2026-08-14T16:23:27.1515740Z           "package": "pkgload",
2026-08-14T16:23:27.1515930Z           "op": "",
2026-08-14T16:23:27.1516100Z           "version": ""
2026-08-14T16:23:27.1516250Z         },
2026-08-14T16:23:27.1516370Z         {
2026-08-14T16:23:27.1516520Z           "ref": "R",
2026-08-14T16:23:27.1516700Z           "type": "depends",
2026-08-14T16:23:27.1516900Z           "package": "R",
2026-08-14T16:23:27.1517070Z           "op": ">=",
2026-08-14T16:23:27.1517260Z           "version": "3.6"
2026-08-14T16:23:27.1517430Z         },
2026-08-14T16:23:27.1517550Z         {
2026-08-14T16:23:27.1517710Z           "ref": "testthat",
2026-08-14T16:23:27.1517920Z           "type": "suggests",
2026-08-14T16:23:27.1518160Z           "package": "testthat",
2026-08-14T16:23:27.1518410Z           "op": ">=",
2026-08-14T16:23:27.1518620Z           "version": "3.0.0"
2026-08-14T16:23:27.1518790Z         },
2026-08-14T16:23:27.1519040Z         {
2026-08-14T16:23:27.1519210Z           "ref": "tibble",
2026-08-14T16:23:27.1519420Z           "type": "suggests",
2026-08-14T16:23:27.1519630Z           "package": "tibble",
2026-08-14T16:23:27.1519820Z           "op": "",
2026-08-14T16:23:27.1519990Z           "version": ""
2026-08-14T16:23:27.1520150Z         },
2026-08-14T16:23:27.1520280Z         {
2026-08-14T16:23:27.1520440Z           "ref": "withr",
2026-08-14T16:23:27.1520640Z           "type": "suggests",
2026-08-14T16:23:27.1520850Z           "package": "withr",
2026-08-14T16:23:27.1521040Z           "op": "",
2026-08-14T16:23:27.1521220Z           "version": ""
2026-08-14T16:23:27.1521370Z         }
2026-08-14T16:23:27.1521490Z       ],
2026-08-14T16:23:27.1521650Z       "vignettes": false,
2026-08-14T16:23:27.1521870Z       "needscompilation": false,
2026-08-14T16:23:27.1522070Z       "metadata": {
2026-08-14T16:23:27.1522270Z         "RemoteType": "standard",
2026-08-14T16:23:27.1522510Z         "RemotePkgRef": "generics",
2026-08-14T16:23:27.1522740Z         "RemoteRef": "generics",
2026-08-14T16:23:27.1523020Z         "RemoteRepos": "https://cran.rstudio.com",
2026-08-14T16:23:27.1523360Z         "RemotePkgPlatform": "aarch64-apple-darwin23",
2026-08-14T16:23:27.1523620Z         "RemoteSha": "0.1.4"
2026-08-14T16:23:27.1523790Z       },
2026-08-14T16:23:27.1524510Z       "sources": ["https://cran.rstudio.com/bin/macosx/sonoma-arm64/contrib/4.6/generics_0.1.4.tgz", "https://mac.cran.dev/bin/macosx/sonoma-arm64/contrib/4.6/generics_0.1.4.tgz"],
2026-08-14T16:23:27.1525240Z       "target": "bin/macosx/sonoma-arm64/contrib/4.6/generics_0.1.4.tgz",
2026-08-14T16:23:27.1525600Z       "platform": "aarch64-apple-darwin23",
2026-08-14T16:23:27.1525840Z       "rversion": "4.6",
2026-08-14T16:23:27.1526110Z       "built": "R 4.6.0; ; 2026-04-25 15:40:57 UTC; unix",
2026-08-14T16:23:27.1526430Z       "directpkg": false,
2026-08-14T16:23:27.1526650Z       "license": "MIT + file LICENSE",
2026-08-14T16:23:27.1527110Z       "sha256": "\n        cc5e292cde210abfdd991656f65fa937d1221c826a16c2772bef4970dfa852a5",
2026-08-14T16:23:27.1527760Z       "dep_types": ["Depends", "Imports", "LinkingTo"],
2026-08-14T16:23:27.1528020Z       "params": [],
2026-08-14T16:23:27.1528200Z       "install_args": [],
2026-08-14T16:23:27.1528400Z       "repotype": "cran"
2026-08-14T16:23:27.1528570Z     },
2026-08-14T16:23:27.1528700Z     {
2026-08-14T16:23:27.1528880Z       "ref": "ggplot2",
2026-08-14T16:23:27.1529080Z       "package": "ggplot2",
2026-08-14T16:23:27.1529400Z       "version": "4.0.3",
2026-08-14T16:23:27.1529610Z       "type": "standard",
2026-08-14T16:23:27.1529790Z       "direct": false,
2026-08-14T16:23:27.1529970Z       "binary": true,
2026-08-14T16:23:27.1530420Z       "dependencies": ["cli", "gtable", "isoband", "lifecycle", "rlang", "S7", "scales", "vctrs", "withr"],
2026-08-14T16:23:27.1530790Z       "deps": [
2026-08-14T16:23:27.1530920Z         {
2026-08-14T16:23:27.1531080Z           "ref": "broom",
2026-08-14T16:23:27.1531290Z           "type": "suggests",
2026-08-14T16:23:27.1531510Z           "package": "broom",
2026-08-14T16:23:27.1531700Z           "op": "",
2026-08-14T16:23:27.1531870Z           "version": ""
2026-08-14T16:23:27.1532030Z         },
2026-08-14T16:23:27.1532150Z         {
2026-08-14T16:23:27.1532300Z           "ref": "cli",
2026-08-14T16:23:27.1532500Z           "type": "imports",
2026-08-14T16:23:27.1532700Z           "package": "cli",
2026-08-14T16:23:27.1532880Z           "op": "",
2026-08-14T16:23:27.1533050Z           "version": ""
2026-08-14T16:23:27.1533210Z         },
2026-08-14T16:23:27.1533330Z         {
2026-08-14T16:23:27.1533490Z           "ref": "covr",
2026-08-14T16:23:27.1533680Z           "type": "suggests",
2026-08-14T16:23:27.1533890Z           "package": "covr",
2026-08-14T16:23:27.1534080Z           "op": "",
2026-08-14T16:23:27.1534250Z           "version": ""
2026-08-14T16:23:27.1534420Z         },
2026-08-14T16:23:27.1534570Z         {
2026-08-14T16:23:27.1534940Z           "ref": "dplyr",
2026-08-14T16:23:27.1535160Z           "type": "suggests",
2026-08-14T16:23:27.1535370Z           "package": "dplyr",
2026-08-14T16:23:27.1535550Z           "op": "",
2026-08-14T16:23:27.1535720Z           "version": ""
2026-08-14T16:23:27.1535870Z         },
2026-08-14T16:23:27.1536000Z         {
2026-08-14T16:23:27.1536170Z           "ref": "ggplot2movies",
2026-08-14T16:23:27.1536380Z           "type": "suggests",
2026-08-14T16:23:27.1536620Z           "package": "ggplot2movies",
2026-08-14T16:23:27.1536820Z           "op": "",
2026-08-14T16:23:27.1537000Z           "version": ""
2026-08-14T16:23:27.1537180Z         },
2026-08-14T16:23:27.1537320Z         {
2026-08-14T16:23:27.1537510Z           "ref": "grDevices",
2026-08-14T16:23:27.1537720Z           "type": "imports",
2026-08-14T16:23:27.1537940Z           "package": "grDevices",
2026-08-14T16:23:27.1538150Z           "op": "",
2026-08-14T16:23:27.1538320Z           "version": ""
2026-08-14T16:23:27.1538480Z         },
2026-08-14T16:23:27.1538610Z         {
2026-08-14T16:23:27.1538760Z           "ref": "grid",
2026-08-14T16:23:27.1538960Z           "type": "imports",
2026-08-14T16:23:27.1539170Z           "package": "grid",
2026-08-14T16:23:27.1539350Z           "op": "",
2026-08-14T16:23:27.1539540Z           "version": ""
2026-08-14T16:23:27.1539740Z         },
2026-08-14T16:23:27.1539890Z         {
2026-08-14T16:23:27.1540060Z           "ref": "gtable",
2026-08-14T16:23:27.1540260Z           "type": "imports",
2026-08-14T16:23:27.1540470Z           "package": "gtable",
2026-08-14T16:23:27.1540670Z           "op": ">=",
2026-08-14T16:23:27.1540860Z           "version": "0.3.6"
2026-08-14T16:23:27.1541030Z         },
2026-08-14T16:23:27.1541150Z         {
2026-08-14T16:23:27.1541310Z           "ref": "hexbin",
2026-08-14T16:23:27.1541520Z           "type": "suggests",
2026-08-14T16:23:27.1541800Z           "package": "hexbin",
2026-08-14T16:23:27.1542000Z           "op": "",
2026-08-14T16:23:27.1542160Z           "version": ""
2026-08-14T16:23:27.1542330Z         },
2026-08-14T16:23:27.1542460Z         {
2026-08-14T16:23:27.1542610Z           "ref": "Hmisc",
2026-08-14T16:23:27.1542820Z           "type": "suggests",
2026-08-14T16:23:27.1543030Z           "package": "Hmisc",
2026-08-14T16:23:27.1543220Z           "op": "",
2026-08-14T16:23:27.1543400Z           "version": ""
2026-08-14T16:23:27.1543560Z         },
2026-08-14T16:23:27.1543690Z         {
2026-08-14T16:23:27.1543840Z           "ref": "hms",
2026-08-14T16:23:27.1544030Z           "type": "suggests",
2026-08-14T16:23:27.1544340Z           "package": "hms",
2026-08-14T16:23:27.1544580Z           "op": "",
2026-08-14T16:23:27.1544760Z           "version": ""
2026-08-14T16:23:27.1544920Z         },
2026-08-14T16:23:27.1545040Z         {
2026-08-14T16:23:27.1545210Z           "ref": "isoband",
2026-08-14T16:23:27.1545420Z           "type": "imports",
2026-08-14T16:23:27.1545630Z           "package": "isoband",
2026-08-14T16:23:27.1545820Z           "op": "",
2026-08-14T16:23:27.1546000Z           "version": ""
2026-08-14T16:23:27.1546160Z         },
2026-08-14T16:23:27.1546280Z         {
2026-08-14T16:23:27.1546440Z           "ref": "knitr",
2026-08-14T16:23:27.1546640Z           "type": "suggests",
2026-08-14T16:23:27.1546850Z           "package": "knitr",
2026-08-14T16:23:27.1547050Z           "op": "",
2026-08-14T16:23:27.1547220Z           "version": ""
2026-08-14T16:23:27.1547380Z         },
2026-08-14T16:23:27.1547510Z         {
2026-08-14T16:23:27.1547670Z           "ref": "lifecycle",
2026-08-14T16:23:27.1547880Z           "type": "imports",
2026-08-14T16:23:27.1548100Z           "package": "lifecycle",
2026-08-14T16:23:27.1548300Z           "op": ">",
2026-08-14T16:23:27.1548490Z           "version": "1.0.1"
2026-08-14T16:23:27.1548660Z         },
2026-08-14T16:23:27.1548790Z         {
2026-08-14T16:23:27.1548960Z           "ref": "mapproj",
2026-08-14T16:23:27.1549170Z           "type": "suggests",
2026-08-14T16:23:27.1549380Z           "package": "mapproj",
2026-08-14T16:23:27.1549640Z           "op": "",
2026-08-14T16:23:27.1549820Z           "version": ""
2026-08-14T16:23:27.1549980Z         },
2026-08-14T16:23:27.1550110Z         {
2026-08-14T16:23:27.1550270Z           "ref": "maps",
2026-08-14T16:23:27.1550460Z           "type": "suggests",
2026-08-14T16:23:27.1550670Z           "package": "maps",
2026-08-14T16:23:27.1550860Z           "op": "",
2026-08-14T16:23:27.1551040Z           "version": ""
2026-08-14T16:23:27.1551200Z         },
2026-08-14T16:23:27.1551330Z         {
2026-08-14T16:23:27.1551490Z           "ref": "MASS",
2026-08-14T16:23:27.1551690Z           "type": "suggests",
2026-08-14T16:23:27.1551910Z           "package": "MASS",
2026-08-14T16:23:27.1552100Z           "op": "",
2026-08-14T16:23:27.1552290Z           "version": ""
2026-08-14T16:23:27.1552460Z         },
2026-08-14T16:23:27.1552600Z         {
2026-08-14T16:23:27.1552760Z           "ref": "mgcv",
2026-08-14T16:23:27.1552970Z           "type": "suggests",
2026-08-14T16:23:27.1553080Z           "package": "mgcv",
2026-08-14T16:23:27.1553160Z           "op": "",
2026-08-14T16:23:27.1553250Z           "version": ""
2026-08-14T16:23:27.1553310Z         },
2026-08-14T16:23:27.1553370Z         {
2026-08-14T16:23:27.1553470Z           "ref": "multcomp",
2026-08-14T16:23:27.1553560Z           "type": "suggests",
2026-08-14T16:23:27.1553670Z           "package": "multcomp",
2026-08-14T16:23:27.1553750Z           "op": "",
2026-08-14T16:23:27.1553840Z           "version": ""
2026-08-14T16:23:27.1553910Z         },
2026-08-14T16:23:27.1553970Z         {
2026-08-14T16:23:27.1554080Z           "ref": "munsell",
2026-08-14T16:23:27.1554200Z           "type": "suggests",
2026-08-14T16:23:27.1554340Z           "package": "munsell",
2026-08-14T16:23:27.1554450Z           "op": "",
2026-08-14T16:23:27.1554540Z           "version": ""
2026-08-14T16:23:27.1554680Z         },
2026-08-14T16:23:27.1554740Z         {
2026-08-14T16:23:27.1554830Z           "ref": "nlme",
2026-08-14T16:23:27.1554930Z           "type": "suggests",
2026-08-14T16:23:27.1555030Z           "package": "nlme",
2026-08-14T16:23:27.1555120Z           "op": "",
2026-08-14T16:23:27.1555210Z           "version": ""
2026-08-14T16:23:27.1555270Z         },
2026-08-14T16:23:27.1555380Z         {
2026-08-14T16:23:27.1555480Z           "ref": "profvis",
2026-08-14T16:23:27.1574490Z           "type": "suggests",
2026-08-14T16:23:27.1574680Z           "package": "profvis",
2026-08-14T16:23:27.1574770Z           "op": "",
2026-08-14T16:23:27.1574850Z           "version": ""
2026-08-14T16:23:27.1574920Z         },
2026-08-14T16:23:27.1574980Z         {
2026-08-14T16:23:27.1575080Z           "ref": "quantreg",
2026-08-14T16:23:27.1575180Z           "type": "suggests",
2026-08-14T16:23:27.1575290Z           "package": "quantreg",
2026-08-14T16:23:27.1575360Z           "op": "",
2026-08-14T16:23:27.1575470Z           "version": ""
2026-08-14T16:23:27.1575530Z         },
2026-08-14T16:23:27.1575590Z         {
2026-08-14T16:23:27.1575680Z           "ref": "quarto",
2026-08-14T16:23:27.1575780Z           "type": "suggests",
2026-08-14T16:23:27.1575890Z           "package": "quarto",
2026-08-14T16:23:27.1575970Z           "op": "",
2026-08-14T16:23:27.1576060Z           "version": ""
2026-08-14T16:23:27.1576120Z         },
2026-08-14T16:23:27.1576180Z         {
2026-08-14T16:23:27.1576260Z           "ref": "R",
2026-08-14T16:23:27.1576360Z           "type": "depends",
2026-08-14T16:23:27.1576450Z           "package": "R",
2026-08-14T16:23:27.1576540Z           "op": ">=",
2026-08-14T16:23:27.1576630Z           "version": "4.1"
2026-08-14T16:23:27.1576690Z         },
2026-08-14T16:23:27.1576750Z         {
2026-08-14T16:23:27.1576840Z           "ref": "ragg",
2026-08-14T16:23:27.1576940Z           "type": "suggests",
2026-08-14T16:23:27.1577040Z           "package": "ragg",
2026-08-14T16:23:27.1577120Z           "op": ">=",
2026-08-14T16:23:27.1577220Z           "version": "1.2.6"
2026-08-14T16:23:27.1577280Z         },
2026-08-14T16:23:27.1577340Z         {
2026-08-14T16:23:27.1577650Z           "ref": "RColorBrewer",
2026-08-14T16:23:27.1579140Z           "type": "suggests",
2026-08-14T16:23:27.1579380Z           "package": "RColorBrewer",
2026-08-14T16:23:27.1579530Z           "op": "",
2026-08-14T16:23:27.1579630Z           "version": ""
2026-08-14T16:23:27.1579700Z         },
2026-08-14T16:23:27.1579760Z         {
2026-08-14T16:23:27.1579870Z           "ref": "rlang",
2026-08-14T16:23:27.1580000Z           "type": "imports",
2026-08-14T16:23:27.1580130Z           "package": "rlang",
2026-08-14T16:23:27.1580240Z           "op": ">=",
2026-08-14T16:23:27.1580330Z           "version": "1.1.0"
2026-08-14T16:23:27.1580400Z         },
2026-08-14T16:23:27.1580450Z         {
2026-08-14T16:23:27.1580550Z           "ref": "roxygen2",
2026-08-14T16:23:27.1580650Z           "type": "suggests",
2026-08-14T16:23:27.1580780Z           "package": "roxygen2",
2026-08-14T16:23:27.1580850Z           "op": "",
2026-08-14T16:23:27.1580940Z           "version": ""
2026-08-14T16:23:27.1581010Z         },
2026-08-14T16:23:27.1581070Z         {
2026-08-14T16:23:27.1581160Z           "ref": "rpart",
2026-08-14T16:23:27.1581260Z           "type": "suggests",
2026-08-14T16:23:27.1581360Z           "package": "rpart",
2026-08-14T16:23:27.1581440Z           "op": "",
2026-08-14T16:23:27.1581530Z           "version": ""
2026-08-14T16:23:27.1581590Z         },
2026-08-14T16:23:27.1581650Z         {
2026-08-14T16:23:27.1581730Z           "ref": "S7",
2026-08-14T16:23:27.1581830Z           "type": "imports",
2026-08-14T16:23:27.1581930Z           "package": "S7",
2026-08-14T16:23:27.1582010Z           "op": "",
2026-08-14T16:23:27.1582100Z           "version": ""
2026-08-14T16:23:27.1582160Z         },
2026-08-14T16:23:27.1582210Z         {
2026-08-14T16:23:27.1582300Z           "ref": "scales",
2026-08-14T16:23:27.1582410Z           "type": "imports",
2026-08-14T16:23:27.1582690Z           "package": "scales",
2026-08-14T16:23:27.1582770Z           "op": ">=",
2026-08-14T16:23:27.1582870Z           "version": "1.4.0"
2026-08-14T16:23:27.1582950Z         },
2026-08-14T16:23:27.1583010Z         {
2026-08-14T16:23:27.1583100Z           "ref": "sf",
2026-08-14T16:23:27.1583200Z           "type": "suggests",
2026-08-14T16:23:27.1583300Z           "package": "sf",
2026-08-14T16:23:27.1583380Z           "op": ">=",
2026-08-14T16:23:27.1583490Z           "version": "0.7-3"
2026-08-14T16:23:27.1583550Z         },
2026-08-14T16:23:27.1583610Z         {
2026-08-14T16:23:27.1583700Z           "ref": "sp",
2026-08-14T16:23:27.1583800Z           "type": "enhances",
2026-08-14T16:23:27.1583900Z           "package": "sp",
2026-08-14T16:23:27.1583970Z           "op": "",
2026-08-14T16:23:27.1584060Z           "version": ""
2026-08-14T16:23:27.1584130Z         },
2026-08-14T16:23:27.1584260Z         {
2026-08-14T16:23:27.1584380Z           "ref": "stats",
2026-08-14T16:23:27.1584510Z           "type": "imports",
2026-08-14T16:23:27.1584630Z           "package": "stats",
2026-08-14T16:23:27.1584720Z           "op": "",
2026-08-14T16:23:27.1584810Z           "version": ""
2026-08-14T16:23:27.1584880Z         },
2026-08-14T16:23:27.1584930Z         {
2026-08-14T16:23:27.1585030Z           "ref": "svglite",
2026-08-14T16:23:27.1585170Z           "type": "suggests",
2026-08-14T16:23:27.1585310Z           "package": "svglite",
2026-08-14T16:23:27.1585560Z           "op": ">=",
2026-08-14T16:23:27.1585680Z           "version": "2.1.2"
2026-08-14T16:23:27.1585750Z         },
2026-08-14T16:23:27.1585810Z         {
2026-08-14T16:23:27.1585900Z           "ref": "testthat",
2026-08-14T16:23:27.1586010Z           "type": "suggests",
2026-08-14T16:23:27.1586120Z           "package": "testthat",
2026-08-14T16:23:27.1586200Z           "op": ">=",
2026-08-14T16:23:27.1586300Z           "version": "3.1.5"
2026-08-14T16:23:27.1586360Z         },
2026-08-14T16:23:27.1586420Z         {
2026-08-14T16:23:27.1586520Z           "ref": "tibble",
2026-08-14T16:23:27.1586620Z           "type": "suggests",
2026-08-14T16:23:27.1586720Z           "package": "tibble",
2026-08-14T16:23:27.1586880Z           "op": "",
2026-08-14T16:23:27.1586980Z           "version": ""
2026-08-14T16:23:27.1587220Z         },
2026-08-14T16:23:27.1587340Z         {
2026-08-14T16:23:27.1587470Z           "ref": "vctrs",
2026-08-14T16:23:27.1587580Z           "type": "imports",
2026-08-14T16:23:27.1587680Z           "package": "vctrs",
2026-08-14T16:23:27.1587770Z           "op": ">=",
2026-08-14T16:23:27.1587870Z           "version": "0.6.0"
2026-08-14T16:23:27.1587940Z         },
2026-08-14T16:23:27.1587990Z         {
2026-08-14T16:23:27.1588090Z           "ref": "vdiffr",
2026-08-14T16:23:27.1588190Z           "type": "suggests",
2026-08-14T16:23:27.1588290Z           "package": "vdiffr",
2026-08-14T16:23:27.1588380Z           "op": ">=",
2026-08-14T16:23:27.1588480Z           "version": "1.0.6"
2026-08-14T16:23:27.1588550Z         },
2026-08-14T16:23:27.1588610Z         {
2026-08-14T16:23:27.1588710Z           "ref": "withr",
2026-08-14T16:23:27.1588800Z           "type": "imports",
2026-08-14T16:23:27.1588910Z           "package": "withr",
2026-08-14T16:23:27.1588990Z           "op": ">=",
2026-08-14T16:23:27.1589090Z           "version": "2.5.0"
2026-08-14T16:23:27.1589160Z         },
2026-08-14T16:23:27.1589220Z         {
2026-08-14T16:23:27.1589320Z           "ref": "xml2",
2026-08-14T16:23:27.1589450Z           "type": "suggests",
2026-08-14T16:23:27.1589570Z           "package": "xml2",
2026-08-14T16:23:27.1589670Z           "op": "",
2026-08-14T16:23:27.1589770Z           "version": ""
2026-08-14T16:23:27.1589830Z         }
2026-08-14T16:23:27.1589890Z       ],
2026-08-14T16:23:27.1589980Z       "vignettes": false,
2026-08-14T16:23:27.1590090Z       "needscompilation": false,
2026-08-14T16:23:27.1590180Z       "metadata": {
2026-08-14T16:23:27.1590290Z         "RemoteType": "standard",
2026-08-14T16:23:27.1590510Z         "RemotePkgRef": "ggplot2",
2026-08-14T16:23:27.1590620Z         "RemoteRef": "ggplot2",
2026-08-14T16:23:27.1590800Z         "RemoteRepos": "https://cran.rstudio.com",
2026-08-14T16:23:27.1590980Z         "RemotePkgPlatform": "aarch64-apple-darwin23",
2026-08-14T16:23:27.1591080Z         "RemoteSha": "4.0.3"
2026-08-14T16:23:27.1591140Z       },
2026-08-14T16:23:27.1592070Z       "sources": ["https://cran.rstudio.com/bin/macosx/sonoma-arm64/contrib/4.6/ggplot2_4.0.3.tgz", "https://mac.cran.dev/bin/macosx/sonoma-arm64/contrib/4.6/ggplot2_4.0.3.tgz"],
2026-08-14T16:23:27.1592310Z       "target": "bin/macosx/sonoma-arm64/contrib/4.6/ggplot2_4.0.3.tgz",
2026-08-14T16:23:27.1592450Z       "platform": "aarch64-apple-darwin23",
2026-08-14T16:23:27.1592540Z       "rversion": "4.6",
2026-08-14T16:23:27.1592720Z       "built": "R 4.6.0; ; 2026-04-26 05:16:05 UTC; unix",
2026-08-14T16:23:27.1592850Z       "directpkg": false,
2026-08-14T16:23:27.1593000Z       "license": "MIT + file LICENSE",
2026-08-14T16:23:27.1593350Z       "sha256": "\n        dc40cb880728522e50bbefee886779963ef182de8b246be87b27f2e05e04516b",
2026-08-14T16:23:27.1593520Z       "dep_types": ["Depends", "Imports", "LinkingTo"],
2026-08-14T16:23:27.1593610Z       "params": [],
2026-08-14T16:23:27.1593700Z       "install_args": [],
2026-08-14T16:23:27.1593790Z       "repotype": "cran"
2026-08-14T16:23:27.1593840Z     },
2026-08-14T16:23:27.1593890Z     {
2026-08-14T16:23:27.1593970Z       "ref": "glue",
2026-08-14T16:23:27.1594060Z       "package": "glue",
2026-08-14T16:23:27.1594150Z       "version": "1.8.1",
2026-08-14T16:23:27.1594240Z       "type": "standard",
2026-08-14T16:23:27.1594330Z       "direct": false,
2026-08-14T16:23:27.1594410Z       "binary": true,
2026-08-14T16:23:27.1594510Z       "dependencies": [],
2026-08-14T16:23:27.1594580Z       "deps": [
2026-08-14T16:23:27.1594640Z         {
2026-08-14T16:23:27.1594730Z           "ref": "crayon",
2026-08-14T16:23:27.1594830Z           "type": "suggests",
2026-08-14T16:23:27.1594930Z           "package": "crayon",
2026-08-14T16:23:27.1595020Z           "op": "",
2026-08-14T16:23:27.1595100Z           "version": ""
2026-08-14T16:23:27.1595170Z         },
2026-08-14T16:23:27.1595440Z         {
2026-08-14T16:23:27.1595530Z           "ref": "DBI",
2026-08-14T16:23:27.1595630Z           "type": "suggests",
2026-08-14T16:23:27.1595730Z           "package": "DBI",
2026-08-14T16:23:27.1595810Z           "op": ">=",
2026-08-14T16:23:27.1595910Z           "version": "1.2.0"
2026-08-14T16:23:27.1595980Z         },
2026-08-14T16:23:27.1596030Z         {
2026-08-14T16:23:27.1596120Z           "ref": "dplyr",
2026-08-14T16:23:27.1596220Z           "type": "suggests",
2026-08-14T16:23:27.1596320Z           "package": "dplyr",
2026-08-14T16:23:27.1596400Z           "op": "",
2026-08-14T16:23:27.1596490Z           "version": ""
2026-08-14T16:23:27.1596550Z         },
2026-08-14T16:23:27.1596600Z         {
2026-08-14T16:23:27.1596690Z           "ref": "knitr",
2026-08-14T16:23:27.1596800Z           "type": "suggests",
2026-08-14T16:23:27.1596900Z           "package": "knitr",
2026-08-14T16:23:27.1597130Z           "op": "",
2026-08-14T16:23:27.1597240Z           "version": ""
2026-08-14T16:23:27.1597330Z         },
2026-08-14T16:23:27.1597400Z         {
2026-08-14T16:23:27.1597780Z           "ref": "methods",
2026-08-14T16:23:27.1597910Z           "type": "imports",
2026-08-14T16:23:27.1598020Z           "package": "methods",
2026-08-14T16:23:27.1598100Z           "op": "",
2026-08-14T16:23:27.1598190Z           "version": ""
2026-08-14T16:23:27.1598250Z         },
2026-08-14T16:23:27.1598310Z         {
2026-08-14T16:23:27.1598450Z           "ref": "R",
2026-08-14T16:23:27.1599430Z           "type": "depends",
2026-08-14T16:23:27.1599550Z           "package": "R",
2026-08-14T16:23:27.1599650Z           "op": ">=",
2026-08-14T16:23:27.1599750Z           "version": "4.1"
2026-08-14T16:23:27.1599810Z         },
2026-08-14T16:23:27.1599870Z         {
2026-08-14T16:23:27.1599960Z           "ref": "rlang",
2026-08-14T16:23:27.1600140Z           "type": "suggests",
2026-08-14T16:23:27.1600250Z           "package": "rlang",
2026-08-14T16:23:27.1600330Z           "op": "",
2026-08-14T16:23:27.1600420Z           "version": ""
2026-08-14T16:23:27.1600510Z         },
2026-08-14T16:23:27.1600580Z         {
2026-08-14T16:23:27.1600700Z           "ref": "rmarkdown",
2026-08-14T16:23:27.1600820Z           "type": "suggests",
2026-08-14T16:23:27.1600950Z           "package": "rmarkdown",
2026-08-14T16:23:27.1601040Z           "op": "",
2026-08-14T16:23:27.1601150Z           "version": ""
2026-08-14T16:23:27.1601230Z         },
2026-08-14T16:23:27.1601300Z         {
2026-08-14T16:23:27.1601420Z           "ref": "RSQLite",
2026-08-14T16:23:27.1601520Z           "type": "suggests",
2026-08-14T16:23:27.1601630Z           "package": "RSQLite",
2026-08-14T16:23:27.1601710Z           "op": "",
2026-08-14T16:23:27.1601800Z           "version": ""
2026-08-14T16:23:27.1601860Z         },
2026-08-14T16:23:27.1601920Z         {
2026-08-14T16:23:27.1602020Z           "ref": "testthat",
2026-08-14T16:23:27.1602110Z           "type": "suggests",
2026-08-14T16:23:27.1602230Z           "package": "testthat",
2026-08-14T16:23:27.1602330Z           "op": ">=",
2026-08-14T16:23:27.1602450Z           "version": "3.2.0"
2026-08-14T16:23:27.1602530Z         },
2026-08-14T16:23:27.1602600Z         {
2026-08-14T16:23:27.1602710Z           "ref": "vctrs",
2026-08-14T16:23:27.1602810Z           "type": "suggests",
2026-08-14T16:23:27.1602910Z           "package": "vctrs",
2026-08-14T16:23:27.1602990Z           "op": ">=",
2026-08-14T16:23:27.1603090Z           "version": "0.3.0"
2026-08-14T16:23:27.1603150Z         },
2026-08-14T16:23:27.1603200Z         {
2026-08-14T16:23:27.1603290Z           "ref": "waldo",
2026-08-14T16:23:27.1603410Z           "type": "suggests",
2026-08-14T16:23:27.1603540Z           "package": "waldo",
2026-08-14T16:23:27.1603640Z           "op": ">=",
2026-08-14T16:23:27.1603760Z           "version": "0.5.3"
2026-08-14T16:23:27.1603830Z         },
2026-08-14T16:23:27.1603880Z         {
2026-08-14T16:23:27.1603980Z           "ref": "withr",
2026-08-14T16:23:27.1604070Z           "type": "suggests",
2026-08-14T16:23:27.1604230Z           "package": "withr",
2026-08-14T16:23:27.1604310Z           "op": "",
2026-08-14T16:23:27.1604400Z           "version": ""
2026-08-14T16:23:27.1604450Z         }
2026-08-14T16:23:27.1604510Z       ],
2026-08-14T16:23:27.1604600Z       "vignettes": false,
2026-08-14T16:23:27.1604710Z       "needscompilation": true,
2026-08-14T16:23:27.1604790Z       "metadata": {
2026-08-14T16:23:27.1604900Z         "RemoteType": "standard",
2026-08-14T16:23:27.1605010Z         "RemotePkgRef": "glue",
2026-08-14T16:23:27.1605110Z         "RemoteRef": "glue",
2026-08-14T16:23:27.1605270Z         "RemoteRepos": "https://cran.rstudio.com",
2026-08-14T16:23:27.1605440Z         "RemotePkgPlatform": "aarch64-apple-darwin23",
2026-08-14T16:23:27.1605550Z         "RemoteSha": "1.8.1"
2026-08-14T16:23:27.1605600Z       },
2026-08-14T16:23:27.1606230Z       "sources": ["https://cran.rstudio.com/bin/macosx/sonoma-arm64/contrib/4.6/glue_1.8.1.tgz", "https://mac.cran.dev/bin/macosx/sonoma-arm64/contrib/4.6/glue_1.8.1.tgz"],
2026-08-14T16:23:27.1606450Z       "target": "bin/macosx/sonoma-arm64/contrib/4.6/glue_1.8.1.tgz",
2026-08-14T16:23:27.1606590Z       "platform": "aarch64-apple-darwin23",
2026-08-14T16:23:27.1606670Z       "rversion": "4.6",
2026-08-14T16:23:27.1606940Z       "built": "R 4.6.0; aarch64-apple-darwin23; 2026-04-25 15:39:32 UTC; unix",
2026-08-14T16:23:27.1607030Z       "directpkg": false,
2026-08-14T16:23:27.1607150Z       "license": "MIT + file LICENSE",
2026-08-14T16:23:27.1607460Z       "sha256": "\n        de31852e70b7c0f06380a3eec157562ab2c2ddf3ce0927c01dc8afedd8492434",
2026-08-14T16:23:27.1607630Z       "dep_types": ["Depends", "Imports", "LinkingTo"],
2026-08-14T16:23:27.1607710Z       "params": [],
2026-08-14T16:23:27.1607800Z       "install_args": [],
2026-08-14T16:23:27.1607880Z       "repotype": "cran"
2026-08-14T16:23:27.1607970Z     },
2026-08-14T16:23:27.1608020Z     {
2026-08-14T16:23:27.1608100Z       "ref": "gtable",
2026-08-14T16:23:27.1608200Z       "package": "gtable",
2026-08-14T16:23:27.1608290Z       "version": "0.3.6",
2026-08-14T16:23:27.1608380Z       "type": "standard",
2026-08-14T16:23:27.1608460Z       "direct": false,
2026-08-14T16:23:27.1608540Z       "binary": true,
2026-08-14T16:23:27.1608720Z       "dependencies": ["cli", "glue", "lifecycle", "rlang"],
2026-08-14T16:23:27.1608800Z       "deps": [
2026-08-14T16:23:27.1608850Z         {
2026-08-14T16:23:27.1608940Z           "ref": "cli",
2026-08-14T16:23:27.1609030Z           "type": "imports",
2026-08-14T16:23:27.1609120Z           "package": "cli",
2026-08-14T16:23:27.1609200Z           "op": "",
2026-08-14T16:23:27.1609280Z           "version": ""
2026-08-14T16:23:27.1609340Z         },
2026-08-14T16:23:27.1609400Z         {
2026-08-14T16:23:27.1609480Z           "ref": "covr",
2026-08-14T16:23:27.1609570Z           "type": "suggests",
2026-08-14T16:23:27.1609670Z           "package": "covr",
2026-08-14T16:23:27.1609750Z           "op": "",
2026-08-14T16:23:27.1609830Z           "version": ""
2026-08-14T16:23:27.1609890Z         },
2026-08-14T16:23:27.1609950Z         {
2026-08-14T16:23:27.1610040Z           "ref": "ggplot2",
2026-08-14T16:23:27.1610140Z           "type": "suggests",
2026-08-14T16:23:27.1610240Z           "package": "ggplot2",
2026-08-14T16:23:27.1610310Z           "op": "",
2026-08-14T16:23:27.1610400Z           "version": ""
2026-08-14T16:23:27.1610460Z         },
2026-08-14T16:23:27.1610510Z         {
2026-08-14T16:23:27.1610600Z           "ref": "glue",
2026-08-14T16:23:27.1610690Z           "type": "imports",
2026-08-14T16:23:27.1610780Z           "package": "glue",
2026-08-14T16:23:27.1610860Z           "op": "",
2026-08-14T16:23:27.1610940Z           "version": ""
2026-08-14T16:23:27.1611000Z         },
2026-08-14T16:23:27.1611050Z         {
2026-08-14T16:23:27.1611140Z           "ref": "grid",
2026-08-14T16:23:27.1611240Z           "type": "imports",
2026-08-14T16:23:27.1611330Z           "package": "grid",
2026-08-14T16:23:27.1611410Z           "op": "",
2026-08-14T16:23:27.1611500Z           "version": ""
2026-08-14T16:23:27.1611610Z         },
2026-08-14T16:23:27.1611670Z         {
2026-08-14T16:23:27.1611760Z           "ref": "knitr",
2026-08-14T16:23:27.1611860Z           "type": "suggests",
2026-08-14T16:23:27.1611950Z           "package": "knitr",
2026-08-14T16:23:27.1612030Z           "op": "",
2026-08-14T16:23:27.1612110Z           "version": ""
2026-08-14T16:23:27.1612180Z         },
2026-08-14T16:23:27.1612230Z         {
2026-08-14T16:23:27.1612330Z           "ref": "lifecycle",
2026-08-14T16:23:27.1612420Z           "type": "imports",
2026-08-14T16:23:27.1612520Z           "package": "lifecycle",
2026-08-14T16:23:27.1612600Z           "op": "",
2026-08-14T16:23:27.1612680Z           "version": ""
2026-08-14T16:23:27.1612740Z         },
2026-08-14T16:23:27.1612800Z         {
2026-08-14T16:23:27.1612890Z           "ref": "profvis",
2026-08-14T16:23:27.1612990Z           "type": "suggests",
2026-08-14T16:23:27.1613090Z           "package": "profvis",
2026-08-14T16:23:27.1613170Z           "op": "",
2026-08-14T16:23:27.1613260Z           "version": ""
2026-08-14T16:23:27.1613320Z         },
2026-08-14T16:23:27.1613370Z         {
2026-08-14T16:23:27.1613450Z           "ref": "R",
2026-08-14T16:23:27.1613550Z           "type": "depends",
2026-08-14T16:23:27.1613640Z           "package": "R",
2026-08-14T16:23:27.1613720Z           "op": ">=",
2026-08-14T16:23:27.1613800Z           "version": "4.0"
2026-08-14T16:23:27.1613870Z         },
2026-08-14T16:23:27.1613920Z         {
2026-08-14T16:23:27.1614010Z           "ref": "rlang",
2026-08-14T16:23:27.1614100Z           "type": "imports",
2026-08-14T16:23:27.1614200Z           "package": "rlang",
2026-08-14T16:23:27.1614280Z           "op": ">=",
2026-08-14T16:23:27.1614380Z           "version": "1.1.0"
2026-08-14T16:23:27.1614440Z         },
2026-08-14T16:23:27.1614490Z         {
2026-08-14T16:23:27.1614660Z           "ref": "rmarkdown",
2026-08-14T16:23:27.1614760Z           "type": "suggests",
2026-08-14T16:23:27.1614860Z           "package": "rmarkdown",
2026-08-14T16:23:27.1614950Z           "op": "",
2026-08-14T16:23:27.1615040Z           "version": ""
2026-08-14T16:23:27.1615100Z         },
2026-08-14T16:23:27.1615150Z         {
2026-08-14T16:23:27.1615240Z           "ref": "stats",
2026-08-14T16:23:27.1615340Z           "type": "imports",
2026-08-14T16:23:27.1615430Z           "package": "stats",
2026-08-14T16:23:27.1615510Z           "op": "",
2026-08-14T16:23:27.1615590Z           "version": ""
2026-08-14T16:23:27.1615660Z         },
2026-08-14T16:23:27.1615710Z         {
2026-08-14T16:23:27.1615800Z           "ref": "testthat",
2026-08-14T16:23:27.1615900Z           "type": "suggests",
2026-08-14T16:23:27.1616000Z           "package": "testthat",
2026-08-14T16:23:27.1616080Z           "op": ">=",
2026-08-14T16:23:27.1616180Z           "version": "3.0.0"
2026-08-14T16:23:27.1616230Z         }
2026-08-14T16:23:27.1616290Z       ],
2026-08-14T16:23:27.1616380Z       "vignettes": false,
2026-08-14T16:23:27.1616490Z       "needscompilation": false,
2026-08-14T16:23:27.1616570Z       "metadata": {
2026-08-14T16:23:27.1616680Z         "RemoteType": "standard",
2026-08-14T16:23:27.1616780Z         "RemotePkgRef": "gtable",
2026-08-14T16:23:27.1616890Z         "RemoteRef": "gtable",
2026-08-14T16:23:27.1617040Z         "RemoteRepos": "https://cran.rstudio.com",
2026-08-14T16:23:27.1617210Z         "RemotePkgPlatform": "aarch64-apple-darwin23",
2026-08-14T16:23:27.1617300Z         "RemoteSha": "0.3.6"
2026-08-14T16:23:27.1617360Z       },
2026-08-14T16:23:27.1617970Z       "sources": ["https://cran.rstudio.com/bin/macosx/sonoma-arm64/contrib/4.6/gtable_0.3.6.tgz", "https://mac.cran.dev/bin/macosx/sonoma-arm64/contrib/4.6/gtable_0.3.6.tgz"],
2026-08-14T16:23:27.1618190Z       "target": "bin/macosx/sonoma-arm64/contrib/4.6/gtable_0.3.6.tgz",
2026-08-14T16:23:27.1618320Z       "platform": "aarch64-apple-darwin23",
2026-08-14T16:23:27.1618410Z       "rversion": "4.6",
2026-08-14T16:23:27.1618580Z       "built": "R 4.6.0; ; 2026-04-26 02:18:41 UTC; unix",
2026-08-14T16:23:27.1618710Z       "directpkg": false,
2026-08-14T16:23:27.1618830Z       "license": "MIT + file LICENSE",
2026-08-14T16:23:27.1619130Z       "sha256": "\n        ee9d336c79b9c06759de2476a8a24c222e0a60a7377e66ed5e4ca0aefe067c70",
2026-08-14T16:23:27.1619290Z       "dep_types": ["Depends", "Imports", "LinkingTo"],
2026-08-14T16:23:27.1619370Z       "params": [],
2026-08-14T16:23:27.1619460Z       "install_args": [],
2026-08-14T16:23:27.1619550Z       "repotype": "cran"
2026-08-14T16:23:27.1619590Z     },
2026-08-14T16:23:27.1619630Z     {
2026-08-14T16:23:27.1619720Z       "ref": "isoband",
2026-08-14T16:23:27.1619810Z       "package": "isoband",
2026-08-14T16:23:27.1619900Z       "version": "0.3.0",
2026-08-14T16:23:27.1620070Z       "type": "standard",
2026-08-14T16:23:27.1620170Z       "direct": false,
2026-08-14T16:23:27.1620280Z       "binary": true,
2026-08-14T16:23:27.1620400Z       "dependencies": ["cli", "rlang"],
2026-08-14T16:23:27.1620480Z       "deps": [
2026-08-14T16:23:27.1620530Z         {
2026-08-14T16:23:27.1620620Z           "ref": "bench",
2026-08-14T16:23:27.1620710Z           "type": "suggests",
2026-08-14T16:23:27.1620810Z           "package": "bench",
2026-08-14T16:23:27.1620890Z           "op": "",
2026-08-14T16:23:27.1620980Z           "version": ""
2026-08-14T16:23:27.1621040Z         },
2026-08-14T16:23:27.1621090Z         {
2026-08-14T16:23:27.1621170Z           "ref": "cli",
2026-08-14T16:23:27.1621280Z           "type": "imports",
2026-08-14T16:23:27.1621380Z           "package": "cli",
2026-08-14T16:23:27.1621460Z           "op": "",
2026-08-14T16:23:27.1621550Z           "version": ""
2026-08-14T16:23:27.1621620Z         },
2026-08-14T16:23:27.1621680Z         {
2026-08-14T16:23:27.1621780Z           "ref": "covr",
2026-08-14T16:23:27.1621870Z           "type": "suggests",
2026-08-14T16:23:27.1621980Z           "package": "covr",
2026-08-14T16:23:27.1622120Z           "op": "",
2026-08-14T16:23:27.1622210Z           "version": ""
2026-08-14T16:23:27.1622290Z         },
2026-08-14T16:23:27.1622340Z         {
2026-08-14T16:23:27.1622440Z           "ref": "cpp11",
2026-08-14T16:23:27.1622550Z           "type": "linkingto",
2026-08-14T16:23:27.1622650Z           "package": "cpp11",
2026-08-14T16:23:27.1622730Z           "op": "",
2026-08-14T16:23:27.1622820Z           "version": ""
2026-08-14T16:23:27.1622890Z         },
2026-08-14T16:23:27.1622950Z         {
2026-08-14T16:23:27.1623040Z           "ref": "ggplot2",
2026-08-14T16:23:27.1623140Z           "type": "suggests",
2026-08-14T16:23:27.1623230Z           "package": "ggplot2",
2026-08-14T16:23:27.1623320Z           "op": "",
2026-08-14T16:23:27.1623400Z           "version": ""
2026-08-14T16:23:27.1623460Z         },
2026-08-14T16:23:27.1623510Z         {
2026-08-14T16:23:27.1623600Z           "ref": "grid",
2026-08-14T16:23:27.1623700Z           "type": "imports",
2026-08-14T16:23:27.1623800Z           "package": "grid",
2026-08-14T16:23:27.1623870Z           "op": "",
2026-08-14T16:23:27.1623960Z           "version": ""
2026-08-14T16:23:27.1624020Z         },
2026-08-14T16:23:27.1624080Z         {
2026-08-14T16:23:27.1624160Z           "ref": "knitr",
2026-08-14T16:23:27.1624260Z           "type": "suggests",
2026-08-14T16:23:27.1624360Z           "package": "knitr",
2026-08-14T16:23:27.1624430Z           "op": "",
2026-08-14T16:23:27.1624510Z           "version": ""
2026-08-14T16:23:27.1624570Z         },
2026-08-14T16:23:27.1624640Z         {
2026-08-14T16:23:27.1624720Z           "ref": "magick",
2026-08-14T16:23:27.1624820Z           "type": "suggests",
2026-08-14T16:23:27.1624910Z           "package": "magick",
2026-08-14T16:23:27.1624990Z           "op": "",
2026-08-14T16:23:27.1625070Z           "version": ""
2026-08-14T16:23:27.1625140Z         },
2026-08-14T16:23:27.1625190Z         {
2026-08-14T16:23:27.1625270Z           "ref": "rlang",
2026-08-14T16:23:27.1625370Z           "type": "imports",
2026-08-14T16:23:27.1625470Z           "package": "rlang",
2026-08-14T16:23:27.1625550Z           "op": "",
2026-08-14T16:23:27.1625700Z           "version": ""
2026-08-14T16:23:27.1625760Z         },
2026-08-14T16:23:27.1625820Z         {
2026-08-14T16:23:27.1625910Z           "ref": "rmarkdown",
2026-08-14T16:23:27.1626010Z           "type": "suggests",
2026-08-14T16:23:27.1626110Z           "package": "rmarkdown",
2026-08-14T16:23:27.1626190Z           "op": "",
2026-08-14T16:23:27.1626270Z           "version": ""
2026-08-14T16:23:27.1626340Z         },
2026-08-14T16:23:27.1626390Z         {
2026-08-14T16:23:27.1626470Z           "ref": "sf",
2026-08-14T16:23:27.1630000Z           "type": "suggests",
2026-08-14T16:23:27.1630100Z           "package": "sf",
2026-08-14T16:23:27.1630180Z           "op": "",
2026-08-14T16:23:27.1630260Z           "version": ""
2026-08-14T16:23:27.1630330Z         },
2026-08-14T16:23:27.1630380Z         {
2026-08-14T16:23:27.1630480Z           "ref": "testthat",
2026-08-14T16:23:27.1630570Z           "type": "suggests",
2026-08-14T16:23:27.1630670Z           "package": "testthat",
2026-08-14T16:23:27.1630760Z           "op": ">=",
2026-08-14T16:23:27.1630850Z           "version": "3.0.0"
2026-08-14T16:23:27.1630920Z         },
2026-08-14T16:23:27.1630980Z         {
2026-08-14T16:23:27.1631060Z           "ref": "utils",
2026-08-14T16:23:27.1631160Z           "type": "imports",
2026-08-14T16:23:27.1631260Z           "package": "utils",
2026-08-14T16:23:27.1631340Z           "op": "",
2026-08-14T16:23:27.1631420Z           "version": ""
2026-08-14T16:23:27.1631490Z         },
2026-08-14T16:23:27.1631540Z         {
2026-08-14T16:23:27.1631620Z           "ref": "xml2",
2026-08-14T16:23:27.1631720Z           "type": "suggests",
2026-08-14T16:23:27.1631810Z           "package": "xml2",
2026-08-14T16:23:27.1631890Z           "op": "",
2026-08-14T16:23:27.1631980Z           "version": ""
2026-08-14T16:23:27.1632030Z         }
2026-08-14T16:23:27.1632160Z       ],
2026-08-14T16:23:27.1632260Z       "vignettes": false,
2026-08-14T16:23:27.1632360Z       "needscompilation": true,
2026-08-14T16:23:27.1632440Z       "metadata": {
2026-08-14T16:23:27.1632550Z         "RemoteType": "standard",
2026-08-14T16:23:27.1632660Z         "RemotePkgRef": "isoband",
2026-08-14T16:23:27.1632760Z         "RemoteRef": "isoband",
2026-08-14T16:23:27.1632920Z         "RemoteRepos": "https://cran.rstudio.com",
2026-08-14T16:23:27.1633090Z         "RemotePkgPlatform": "aarch64-apple-darwin23",
2026-08-14T16:23:27.1633190Z         "RemoteSha": "0.3.0"
2026-08-14T16:23:27.1633240Z       },
2026-08-14T16:23:27.1633870Z       "sources": ["https://cran.rstudio.com/bin/macosx/sonoma-arm64/contrib/4.6/isoband_0.3.0.tgz", "https://mac.cran.dev/bin/macosx/sonoma-arm64/contrib/4.6/isoband_0.3.0.tgz"],
2026-08-14T16:23:27.1634090Z       "target": "bin/macosx/sonoma-arm64/contrib/4.6/isoband_0.3.0.tgz",
2026-08-14T16:23:27.1634230Z       "platform": "aarch64-apple-darwin23",
2026-08-14T16:23:27.1634330Z       "rversion": "4.6",
2026-08-14T16:23:27.1634610Z       "built": "R 4.6.0; aarch64-apple-darwin23; 2026-04-25 23:14:25 UTC; unix",
2026-08-14T16:23:27.1634730Z       "directpkg": false,
2026-08-14T16:23:27.1634860Z       "license": "MIT + file LICENSE",
2026-08-14T16:23:27.1635170Z       "sha256": "\n        ce82b204e6a4bf973ad4f5ca5cfbc1cd00cc10f72fa089b418c2e37fd5139419",
2026-08-14T16:23:27.1635340Z       "dep_types": ["Depends", "Imports", "LinkingTo"],
2026-08-14T16:23:27.1635420Z       "params": [],
2026-08-14T16:23:27.1635520Z       "install_args": [],
2026-08-14T16:23:27.1635610Z       "repotype": "cran"
2026-08-14T16:23:27.1635650Z     },
2026-08-14T16:23:27.1635700Z     {
2026-08-14T16:23:27.1635790Z       "ref": "labeling",
2026-08-14T16:23:27.1635890Z       "package": "labeling",
2026-08-14T16:23:27.1635980Z       "version": "0.4.3",
2026-08-14T16:23:27.1636070Z       "type": "standard",
2026-08-14T16:23:27.1636160Z       "direct": false,
2026-08-14T16:23:27.1636240Z       "binary": true,
2026-08-14T16:23:27.1636340Z       "dependencies": [],
2026-08-14T16:23:27.1636410Z       "deps": [
2026-08-14T16:23:27.1636470Z         {
2026-08-14T16:23:27.1636610Z           "ref": "graphics",
2026-08-14T16:23:27.1636720Z           "type": "imports",
2026-08-14T16:23:27.1636830Z           "package": "graphics",
2026-08-14T16:23:27.1636910Z           "op": "",
2026-08-14T16:23:27.1637000Z           "version": ""
2026-08-14T16:23:27.1637060Z         },
2026-08-14T16:23:27.1637120Z         {
2026-08-14T16:23:27.1637210Z           "ref": "stats",
2026-08-14T16:23:27.1637300Z           "type": "imports",
2026-08-14T16:23:27.1637410Z           "package": "stats",
2026-08-14T16:23:27.1637490Z           "op": "",
2026-08-14T16:23:27.1637580Z           "version": ""
2026-08-14T16:23:27.1637640Z         }
2026-08-14T16:23:27.1637690Z       ],
2026-08-14T16:23:27.1637780Z       "vignettes": false,
2026-08-14T16:23:27.1637900Z       "needscompilation": false,
2026-08-14T16:23:27.1637980Z       "metadata": {
2026-08-14T16:23:27.1638100Z         "RemoteType": "standard",
2026-08-14T16:23:27.1638210Z         "RemotePkgRef": "labeling",
2026-08-14T16:23:27.1638320Z         "RemoteRef": "labeling",
2026-08-14T16:23:27.1638480Z         "RemoteRepos": "https://cran.rstudio.com",
2026-08-14T16:23:27.1638650Z         "RemotePkgPlatform": "aarch64-apple-darwin23",
2026-08-14T16:23:27.1638750Z         "RemoteSha": "0.4.3"
2026-08-14T16:23:27.1638800Z       },
2026-08-14T16:23:27.1639430Z       "sources": ["https://cran.rstudio.com/bin/macosx/sonoma-arm64/contrib/4.6/labeling_0.4.3.tgz", "https://mac.cran.dev/bin/macosx/sonoma-arm64/contrib/4.6/labeling_0.4.3.tgz"],
2026-08-14T16:23:27.1639650Z       "target": "bin/macosx/sonoma-arm64/contrib/4.6/labeling_0.4.3.tgz",
2026-08-14T16:23:27.1639780Z       "platform": "aarch64-apple-darwin23",
2026-08-14T16:23:27.1639870Z       "rversion": "4.6",
2026-08-14T16:23:27.1640040Z       "built": "R 4.6.0; ; 2026-04-25 15:40:07 UTC; unix",
2026-08-14T16:23:27.1640130Z       "directpkg": false,
2026-08-14T16:23:27.1640320Z       "license": "MIT + file LICENSE | Unlimited",
2026-08-14T16:23:27.1640620Z       "sha256": "\n        25a7bb8a3bd7586ea5c5bde28dcc4a753c00b5b428ae099b7949a2ad14147071",
2026-08-14T16:23:27.1640780Z       "dep_types": ["Depends", "Imports", "LinkingTo"],
2026-08-14T16:23:27.1640860Z       "params": [],
2026-08-14T16:23:27.1640950Z       "install_args": [],
2026-08-14T16:23:27.1641040Z       "repotype": "cran"
2026-08-14T16:23:27.1641090Z     },
2026-08-14T16:23:27.1641130Z     {
2026-08-14T16:23:27.1641220Z       "ref": "lifecycle",
2026-08-14T16:23:27.1641320Z       "package": "lifecycle",
2026-08-14T16:23:27.1641410Z       "version": "1.0.5",
2026-08-14T16:23:27.1641500Z       "type": "standard",
2026-08-14T16:23:27.1641580Z       "direct": false,
2026-08-14T16:23:27.1641660Z       "binary": true,
2026-08-14T16:23:27.1641780Z       "dependencies": ["cli", "rlang"],
2026-08-14T16:23:27.1641850Z       "deps": [
2026-08-14T16:23:27.1641900Z         {
2026-08-14T16:23:27.1641990Z           "ref": "cli",
2026-08-14T16:23:27.1642080Z           "type": "imports",
2026-08-14T16:23:27.1642180Z           "package": "cli",
2026-08-14T16:23:27.1642260Z           "op": ">=",
2026-08-14T16:23:27.1642350Z           "version": "3.4.0"
2026-08-14T16:23:27.1642420Z         },
2026-08-14T16:23:27.1642470Z         {
2026-08-14T16:23:27.1642550Z           "ref": "covr",
2026-08-14T16:23:27.1642650Z           "type": "suggests",
2026-08-14T16:23:27.1642740Z           "package": "covr",
2026-08-14T16:23:27.1642820Z           "op": "",
2026-08-14T16:23:27.1642900Z           "version": ""
2026-08-14T16:23:27.1642960Z         },
2026-08-14T16:23:27.1643010Z         {
2026-08-14T16:23:27.1643100Z           "ref": "knitr",
2026-08-14T16:23:27.1643190Z           "type": "suggests",
2026-08-14T16:23:27.1643290Z           "package": "knitr",
2026-08-14T16:23:27.1643370Z           "op": "",
2026-08-14T16:23:27.1643450Z           "version": ""
2026-08-14T16:23:27.1643510Z         },
2026-08-14T16:23:27.1643560Z         {
2026-08-14T16:23:27.1643650Z           "ref": "lintr",
2026-08-14T16:23:27.1643740Z           "type": "suggests",
2026-08-14T16:23:27.1643880Z           "package": "lintr",
2026-08-14T16:23:27.1643970Z           "op": ">=",
2026-08-14T16:23:27.1644060Z           "version": "3.1.0"
2026-08-14T16:23:27.1644120Z         },
2026-08-14T16:23:27.1644180Z         {
2026-08-14T16:23:27.1644260Z           "ref": "R",
2026-08-14T16:23:27.1644350Z           "type": "depends",
2026-08-14T16:23:27.1644440Z           "package": "R",
2026-08-14T16:23:27.1644520Z           "op": ">=",
2026-08-14T16:23:27.1644610Z           "version": "3.6"
2026-08-14T16:23:27.1644670Z         },
2026-08-14T16:23:27.1644730Z         {
2026-08-14T16:23:27.1644810Z           "ref": "rlang",
2026-08-14T16:23:27.1644910Z           "type": "imports",
2026-08-14T16:23:27.1645000Z           "package": "rlang",
2026-08-14T16:23:27.1645080Z           "op": ">=",
2026-08-14T16:23:27.1645170Z           "version": "1.1.0"
2026-08-14T16:23:27.1645240Z         },
2026-08-14T16:23:27.1645290Z         {
2026-08-14T16:23:27.1645380Z           "ref": "rmarkdown",
2026-08-14T16:23:27.1645480Z           "type": "suggests",
2026-08-14T16:23:27.1645590Z           "package": "rmarkdown",
2026-08-14T16:23:27.1645660Z           "op": "",
2026-08-14T16:23:27.1645750Z           "version": ""
2026-08-14T16:23:27.1645810Z         },
2026-08-14T16:23:27.1645860Z         {
2026-08-14T16:23:27.1645950Z           "ref": "testthat",
2026-08-14T16:23:27.1646050Z           "type": "suggests",
2026-08-14T16:23:27.1646150Z           "package": "testthat",
2026-08-14T16:23:27.1646230Z           "op": ">=",
2026-08-14T16:23:27.1646330Z           "version": "3.0.1"
2026-08-14T16:23:27.1646390Z         },
2026-08-14T16:23:27.1646450Z         {
2026-08-14T16:23:27.1646540Z           "ref": "tibble",
2026-08-14T16:23:27.1646640Z           "type": "suggests",
2026-08-14T16:23:27.1646740Z           "package": "tibble",
2026-08-14T16:23:27.1646820Z           "op": "",
2026-08-14T16:23:27.1647080Z           "version": ""
2026-08-14T16:23:27.1647150Z         },
2026-08-14T16:23:27.1647200Z         {
2026-08-14T16:23:27.1647300Z           "ref": "tidyverse",
2026-08-14T16:23:27.1647400Z           "type": "suggests",
2026-08-14T16:23:27.1647510Z           "package": "tidyverse",
2026-08-14T16:23:27.1647590Z           "op": "",
2026-08-14T16:23:27.1647680Z           "version": ""
2026-08-14T16:23:27.1647740Z         },
2026-08-14T16:23:27.1647800Z         {
2026-08-14T16:23:27.1647890Z           "ref": "tools",
2026-08-14T16:23:27.1647980Z           "type": "suggests",
2026-08-14T16:23:27.1648080Z           "package": "tools",
2026-08-14T16:23:27.1648160Z           "op": "",
2026-08-14T16:23:27.1648240Z           "version": ""
2026-08-14T16:23:27.1648310Z         },
2026-08-14T16:23:27.1648360Z         {
2026-08-14T16:23:27.1648450Z           "ref": "vctrs",
2026-08-14T16:23:27.1648550Z           "type": "suggests",
2026-08-14T16:23:27.1648650Z           "package": "vctrs",
2026-08-14T16:23:27.1648730Z           "op": "",
2026-08-14T16:23:27.1648810Z           "version": ""
2026-08-14T16:23:27.1648880Z         },
2026-08-14T16:23:27.1648930Z         {
2026-08-14T16:23:27.1649020Z           "ref": "withr",
2026-08-14T16:23:27.1649120Z           "type": "suggests",
2026-08-14T16:23:27.1649220Z           "package": "withr",
2026-08-14T16:23:27.1649300Z           "op": "",
2026-08-14T16:23:27.1649390Z           "version": ""
2026-08-14T16:23:27.1649450Z         },
2026-08-14T16:23:27.1649500Z         {
2026-08-14T16:23:27.1649590Z           "ref": "xml2",
2026-08-14T16:23:27.1649690Z           "type": "suggests",
2026-08-14T16:23:27.1649780Z           "package": "xml2",
2026-08-14T16:23:27.1649860Z           "op": "",
2026-08-14T16:23:27.1649950Z           "version": ""
2026-08-14T16:23:27.1650000Z         }
2026-08-14T16:23:27.1650060Z       ],
2026-08-14T16:23:27.1650150Z       "vignettes": false,
2026-08-14T16:23:27.1650260Z       "needscompilation": false,
2026-08-14T16:23:27.1650340Z       "metadata": {
2026-08-14T16:23:27.1650450Z         "RemoteType": "standard",
2026-08-14T16:23:27.1650570Z         "RemotePkgRef": "lifecycle",
2026-08-14T16:23:27.1650720Z         "RemoteRef": "lifecycle",
2026-08-14T16:23:27.1650880Z         "RemoteRepos": "https://cran.rstudio.com",
2026-08-14T16:23:27.1651050Z         "RemotePkgPlatform": "aarch64-apple-darwin23",
2026-08-14T16:23:27.1651150Z         "RemoteSha": "1.0.5"
2026-08-14T16:23:27.1651210Z       },
2026-08-14T16:23:27.1651960Z       "sources": ["https://cran.rstudio.com/bin/macosx/sonoma-arm64/contrib/4.6/lifecycle_1.0.5.tgz", "https://mac.cran.dev/bin/macosx/sonoma-arm64/contrib/4.6/lifecycle_1.0.5.tgz"],
2026-08-14T16:23:27.1652200Z       "target": "bin/macosx/sonoma-arm64/contrib/4.6/lifecycle_1.0.5.tgz",
2026-08-14T16:23:27.1652370Z       "platform": "aarch64-apple-darwin23",
2026-08-14T16:23:27.1652480Z       "rversion": "4.6",
2026-08-14T16:23:27.1652690Z       "built": "R 4.6.0; ; 2026-04-25 10:32:18 UTC; unix",
2026-08-14T16:23:27.1652780Z       "directpkg": false,
2026-08-14T16:23:27.1652900Z       "license": "MIT + file LICENSE",
2026-08-14T16:23:27.1653340Z       "sha256": "\n        53904ae5cf3d81fb8a4590e3b6fc12157d992ce07f595079253460f6ae92395d",
2026-08-14T16:23:27.1653560Z       "dep_types": ["Depends", "Imports", "LinkingTo"],
2026-08-14T16:23:27.1653660Z       "params": [],
2026-08-14T16:23:27.1653750Z       "install_args": [],
2026-08-14T16:23:27.1653840Z       "repotype": "cran"
2026-08-14T16:23:27.1653890Z     },
2026-08-14T16:23:27.1653940Z     {
2026-08-14T16:23:27.1654030Z       "ref": "magrittr",
2026-08-14T16:23:27.1654120Z       "package": "magrittr",
2026-08-14T16:23:27.1654220Z       "version": "2.0.5",
2026-08-14T16:23:27.1654310Z       "type": "standard",
2026-08-14T16:23:27.1654390Z       "direct": false,
2026-08-14T16:23:27.1654480Z       "binary": true,
2026-08-14T16:23:27.1654570Z       "dependencies": [],
2026-08-14T16:23:27.1654650Z       "deps": [
2026-08-14T16:23:27.1654700Z         {
2026-08-14T16:23:27.1654850Z           "ref": "covr",
2026-08-14T16:23:27.1654960Z           "type": "suggests",
2026-08-14T16:23:27.1655050Z           "package": "covr",
2026-08-14T16:23:27.1655130Z           "op": "",
2026-08-14T16:23:27.1655220Z           "version": ""
2026-08-14T16:23:27.1655280Z         },
2026-08-14T16:23:27.1655340Z         {
2026-08-14T16:23:27.1655430Z           "ref": "knitr",
2026-08-14T16:23:27.1655530Z           "type": "suggests",
2026-08-14T16:23:27.1655620Z           "package": "knitr",
2026-08-14T16:23:27.1655700Z           "op": "",
2026-08-14T16:23:27.1655790Z           "version": ""
2026-08-14T16:23:27.1655850Z         },
2026-08-14T16:23:27.1655910Z         {
2026-08-14T16:23:27.1655990Z           "ref": "R",
2026-08-14T16:23:27.1656090Z           "type": "depends",
2026-08-14T16:23:27.1656180Z           "package": "R",
2026-08-14T16:23:27.1656260Z           "op": ">=",
2026-08-14T16:23:27.1656360Z           "version": "3.4.0"
2026-08-14T16:23:27.1656420Z         },
2026-08-14T16:23:27.1656480Z         {
2026-08-14T16:23:27.1656570Z           "ref": "rlang",
2026-08-14T16:23:27.1656670Z           "type": "suggests",
2026-08-14T16:23:27.1656760Z           "package": "rlang",
2026-08-14T16:23:27.1656850Z           "op": "",
2026-08-14T16:23:27.1656930Z           "version": ""
2026-08-14T16:23:27.1657000Z         },
2026-08-14T16:23:27.1657050Z         {
2026-08-14T16:23:27.1657150Z           "ref": "rmarkdown",
2026-08-14T16:23:27.1657240Z           "type": "suggests",
2026-08-14T16:23:27.1657350Z           "package": "rmarkdown",
2026-08-14T16:23:27.1657430Z           "op": "",
2026-08-14T16:23:27.1657520Z           "version": ""
2026-08-14T16:23:27.1657580Z         },
2026-08-14T16:23:27.1657630Z         {
2026-08-14T16:23:27.1657720Z           "ref": "testthat",
2026-08-14T16:23:27.1657820Z           "type": "suggests",
2026-08-14T16:23:27.1657920Z           "package": "testthat",
2026-08-14T16:23:27.1658000Z           "op": "",
2026-08-14T16:23:27.1658080Z           "version": ""
2026-08-14T16:23:27.1658140Z         }
2026-08-14T16:23:27.1658190Z       ],
2026-08-14T16:23:27.1658280Z       "vignettes": false,
2026-08-14T16:23:27.1658380Z       "needscompilation": true,
2026-08-14T16:23:27.1658530Z       "metadata": {
2026-08-14T16:23:27.1658640Z         "RemoteType": "standard",
2026-08-14T16:23:27.1658750Z         "RemotePkgRef": "magrittr",
2026-08-14T16:23:27.1658860Z         "RemoteRef": "magrittr",
2026-08-14T16:23:27.1659010Z         "RemoteRepos": "https://cran.rstudio.com",
2026-08-14T16:23:27.1659170Z         "RemotePkgPlatform": "aarch64-apple-darwin23",
2026-08-14T16:23:27.1659270Z         "RemoteSha": "2.0.5"
2026-08-14T16:23:27.1659320Z       },
2026-08-14T16:23:27.1659950Z       "sources": ["https://cran.rstudio.com/bin/macosx/sonoma-arm64/contrib/4.6/magrittr_2.0.5.tgz", "https://mac.cran.dev/bin/macosx/sonoma-arm64/contrib/4.6/magrittr_2.0.5.tgz"],
2026-08-14T16:23:27.1660270Z       "target": "bin/macosx/sonoma-arm64/contrib/4.6/magrittr_2.0.5.tgz",
2026-08-14T16:23:27.1660430Z       "platform": "aarch64-apple-darwin23",
2026-08-14T16:23:27.1660510Z       "rversion": "4.6",
2026-08-14T16:23:27.1660760Z       "built": "R 4.6.0; aarch64-apple-darwin23; 2026-04-25 15:39:33 UTC; unix",
2026-08-14T16:23:27.1660850Z       "directpkg": false,
2026-08-14T16:23:27.1660970Z       "license": "MIT + file LICENSE",
2026-08-14T16:23:27.1661260Z       "sha256": "\n        67bee98a2f7dc0f4ea7269db724142af758f660b105eb1d8d68308c7258fc19f",
2026-08-14T16:23:27.1661420Z       "dep_types": ["Depends", "Imports", "LinkingTo"],
2026-08-14T16:23:27.1661500Z       "params": [],
2026-08-14T16:23:27.1661590Z       "install_args": [],
2026-08-14T16:23:27.1661680Z       "repotype": "cran"
2026-08-14T16:23:27.1661720Z     },
2026-08-14T16:23:27.1661760Z     {
2026-08-14T16:23:27.1661850Z       "ref": "nleqslv",
2026-08-14T16:23:27.1661940Z       "package": "nleqslv",
2026-08-14T16:23:27.1662030Z       "version": "3.3.7",
2026-08-14T16:23:27.1662120Z       "type": "standard",
2026-08-14T16:23:27.1662200Z       "direct": false,
2026-08-14T16:23:27.1662330Z       "binary": true,
2026-08-14T16:23:27.1662420Z       "dependencies": [],
2026-08-14T16:23:27.1662490Z       "deps": [
2026-08-14T16:23:27.1662550Z         {
2026-08-14T16:23:27.1662640Z           "ref": "testthat",
2026-08-14T16:23:27.1662730Z           "type": "suggests",
2026-08-14T16:23:27.1662840Z           "package": "testthat",
2026-08-14T16:23:27.1662920Z           "op": ">=",
2026-08-14T16:23:27.1663010Z           "version": "3.0.0"
2026-08-14T16:23:27.1663060Z         }
2026-08-14T16:23:27.1663120Z       ],
2026-08-14T16:23:27.1663210Z       "vignettes": false,
2026-08-14T16:23:27.1663310Z       "needscompilation": true,
2026-08-14T16:23:27.1663390Z       "metadata": {
2026-08-14T16:23:27.1663500Z         "RemoteType": "standard",
2026-08-14T16:23:27.1663600Z         "RemotePkgRef": "nleqslv",
2026-08-14T16:23:27.1663700Z         "RemoteRef": "nleqslv",
2026-08-14T16:23:27.1663860Z         "RemoteRepos": "https://cran.rstudio.com",
2026-08-14T16:23:27.1664030Z         "RemotePkgPlatform": "aarch64-apple-darwin23",
2026-08-14T16:23:27.1664130Z         "RemoteSha": "3.3.7"
2026-08-14T16:23:27.1664200Z       },
2026-08-14T16:23:27.1664840Z       "sources": ["https://cran.rstudio.com/bin/macosx/sonoma-arm64/contrib/4.6/nleqslv_3.3.7.tgz", "https://mac.cran.dev/bin/macosx/sonoma-arm64/contrib/4.6/nleqslv_3.3.7.tgz"],
2026-08-14T16:23:27.1665060Z       "target": "bin/macosx/sonoma-arm64/contrib/4.6/nleqslv_3.3.7.tgz",
2026-08-14T16:23:27.1665200Z       "platform": "aarch64-apple-darwin23",
2026-08-14T16:23:27.1665290Z       "rversion": "4.6",
2026-08-14T16:23:27.1665540Z       "built": "R 4.6.0; aarch64-apple-darwin23; 2026-04-25 15:43:15 UTC; unix",
2026-08-14T16:23:27.1665640Z       "directpkg": false,
2026-08-14T16:23:27.1665740Z       "license": "GPL (>= 2)",
2026-08-14T16:23:27.1666040Z       "sha256": "\n        1ef16a0388a19a6f8b22b949cfee83ad5b0a45e0b8270c8d2ee1e9a9f775b674",
2026-08-14T16:23:27.1666220Z       "dep_types": ["Depends", "Imports", "LinkingTo"],
2026-08-14T16:23:27.1666300Z       "params": [],
2026-08-14T16:23:27.1666390Z       "install_args": [],
2026-08-14T16:23:27.1666480Z       "repotype": "cran"
2026-08-14T16:23:27.1666580Z     },
2026-08-14T16:23:27.1666620Z     {
2026-08-14T16:23:27.1666710Z       "ref": "pillar",
2026-08-14T16:23:27.1666810Z       "package": "pillar",
2026-08-14T16:23:27.1666900Z       "version": "1.11.1",
2026-08-14T16:23:27.1666990Z       "type": "standard",
2026-08-14T16:23:27.1667080Z       "direct": false,
2026-08-14T16:23:27.1667160Z       "binary": true,
2026-08-14T16:23:27.1667400Z       "dependencies": ["cli", "glue", "lifecycle", "rlang", "utf8", "vctrs"],
2026-08-14T16:23:27.1667480Z       "deps": [
2026-08-14T16:23:27.1667530Z         {
2026-08-14T16:23:27.1667620Z           "ref": "bit64",
2026-08-14T16:23:27.1667720Z           "type": "suggests",
2026-08-14T16:23:27.1667820Z           "package": "bit64",
2026-08-14T16:23:27.1667900Z           "op": "",
2026-08-14T16:23:27.1667980Z           "version": ""
2026-08-14T16:23:27.1668050Z         },
2026-08-14T16:23:27.1668110Z         {
2026-08-14T16:23:27.1668190Z           "ref": "cli",
2026-08-14T16:23:27.1668290Z           "type": "imports",
2026-08-14T16:23:27.1668390Z           "package": "cli",
2026-08-14T16:23:27.1668470Z           "op": ">=",
2026-08-14T16:23:27.1668560Z           "version": "2.3.0"
2026-08-14T16:23:27.1668630Z         },
2026-08-14T16:23:27.1668680Z         {
2026-08-14T16:23:27.1668770Z           "ref": "DBI",
2026-08-14T16:23:27.1668870Z           "type": "suggests",
2026-08-14T16:23:27.1668960Z           "package": "DBI",
2026-08-14T16:23:27.1669040Z           "op": "",
2026-08-14T16:23:27.1669130Z           "version": ""
2026-08-14T16:23:27.1669190Z         },
2026-08-14T16:23:27.1669240Z         {
2026-08-14T16:23:27.1669340Z           "ref": "debugme",
2026-08-14T16:23:27.1669440Z           "type": "suggests",
2026-08-14T16:23:27.1669540Z           "package": "debugme",
2026-08-14T16:23:27.1669610Z           "op": "",
2026-08-14T16:23:27.1669740Z           "version": ""
2026-08-14T16:23:27.1669800Z         },
2026-08-14T16:23:27.1669850Z         {
2026-08-14T16:23:27.1669950Z           "ref": "DiagrammeR",
2026-08-14T16:23:27.1670050Z           "type": "suggests",
2026-08-14T16:23:27.1670160Z           "package": "DiagrammeR",
2026-08-14T16:23:27.1670230Z           "op": "",
2026-08-14T16:23:27.1670310Z           "version": ""
2026-08-14T16:23:27.1670380Z         },
2026-08-14T16:23:27.1670430Z         {
2026-08-14T16:23:27.1670510Z           "ref": "dplyr",
2026-08-14T16:23:27.1670610Z           "type": "suggests",
2026-08-14T16:23:27.1670700Z           "package": "dplyr",
2026-08-14T16:23:27.1670780Z           "op": "",
2026-08-14T16:23:27.1670860Z           "version": ""
2026-08-14T16:23:27.1670920Z         },
2026-08-14T16:23:27.1670980Z         {
2026-08-14T16:23:27.1671080Z           "ref": "formattable",
2026-08-14T16:23:27.1671170Z           "type": "suggests",
2026-08-14T16:23:27.1671280Z           "package": "formattable",
2026-08-14T16:23:27.1671360Z           "op": "",
2026-08-14T16:23:27.1671440Z           "version": ""
2026-08-14T16:23:27.1671500Z         },
2026-08-14T16:23:27.1671560Z         {
2026-08-14T16:23:27.1671650Z           "ref": "ggplot2",
2026-08-14T16:23:27.1671750Z           "type": "suggests",
2026-08-14T16:23:27.1671840Z           "package": "ggplot2",
2026-08-14T16:23:27.1671920Z           "op": "",
2026-08-14T16:23:27.1672000Z           "version": ""
2026-08-14T16:23:27.1672070Z         },
2026-08-14T16:23:27.1672120Z         {
2026-08-14T16:23:27.1672200Z           "ref": "glue",
2026-08-14T16:23:27.1672300Z           "type": "imports",
2026-08-14T16:23:27.1672390Z           "package": "glue",
2026-08-14T16:23:27.1672460Z           "op": "",
2026-08-14T16:23:27.1672550Z           "version": ""
2026-08-14T16:23:27.1672610Z         },
2026-08-14T16:23:27.1672660Z         {
2026-08-14T16:23:27.1672750Z           "ref": "knitr",
2026-08-14T16:23:27.1672840Z           "type": "suggests",
2026-08-14T16:23:27.1672940Z           "package": "knitr",
2026-08-14T16:23:27.1673010Z           "op": "",
2026-08-14T16:23:27.1673100Z           "version": ""
2026-08-14T16:23:27.1673160Z         },
2026-08-14T16:23:27.1673260Z         {
2026-08-14T16:23:27.1673350Z           "ref": "lifecycle",
2026-08-14T16:23:27.1673450Z           "type": "imports",
2026-08-14T16:23:27.1673550Z           "package": "lifecycle",
2026-08-14T16:23:27.1673630Z           "op": "",
2026-08-14T16:23:27.1673710Z           "version": ""
2026-08-14T16:23:27.1673780Z         },
2026-08-14T16:23:27.1673830Z         {
2026-08-14T16:23:27.1673920Z           "ref": "lubridate",
2026-08-14T16:23:27.1674020Z           "type": "suggests",
2026-08-14T16:23:27.1674120Z           "package": "lubridate",
2026-08-14T16:23:27.1674200Z           "op": "",
2026-08-14T16:23:27.1674280Z           "version": ""
2026-08-14T16:23:27.1674340Z         },
2026-08-14T16:23:27.1674400Z         {
2026-08-14T16:23:27.1674490Z           "ref": "nanotime",
2026-08-14T16:23:27.1674580Z           "type": "suggests",
2026-08-14T16:23:27.1674690Z           "package": "nanotime",
2026-08-14T16:23:27.1674760Z           "op": "",
2026-08-14T16:23:27.1674850Z           "version": ""
2026-08-14T16:23:27.1674910Z         },
2026-08-14T16:23:27.1674960Z         {
2026-08-14T16:23:27.1675070Z           "ref": "nycflights13",
2026-08-14T16:23:27.1675160Z           "type": "suggests",
2026-08-14T16:23:27.1675270Z           "package": "nycflights13",
2026-08-14T16:23:27.1675350Z           "op": "",
2026-08-14T16:23:27.1675430Z           "version": ""
2026-08-14T16:23:27.1675490Z         },
2026-08-14T16:23:27.1675540Z         {
2026-08-14T16:23:27.1675650Z           "ref": "palmerpenguins",
2026-08-14T16:23:27.1675750Z           "type": "suggests",
2026-08-14T16:23:27.1675870Z           "package": "palmerpenguins",
2026-08-14T16:23:27.1675940Z           "op": "",
2026-08-14T16:23:27.1676030Z           "version": ""
2026-08-14T16:23:27.1676090Z         },
2026-08-14T16:23:27.1676140Z         {
2026-08-14T16:23:27.1676290Z           "ref": "rlang",
2026-08-14T16:23:27.1676390Z           "type": "imports",
2026-08-14T16:23:27.1676480Z           "package": "rlang",
2026-08-14T16:23:27.1676570Z           "op": ">=",
2026-08-14T16:23:27.1676660Z           "version": "1.0.2"
2026-08-14T16:23:27.1676720Z         },
2026-08-14T16:23:27.1676770Z         {
2026-08-14T16:23:27.1676870Z           "ref": "rmarkdown",
2026-08-14T16:23:27.1676960Z           "type": "suggests",
2026-08-14T16:23:27.1677060Z           "package": "rmarkdown",
2026-08-14T16:23:27.1677140Z           "op": "",
2026-08-14T16:23:27.1677220Z           "version": ""
2026-08-14T16:23:27.1677290Z         },
2026-08-14T16:23:27.1677340Z         {
2026-08-14T16:23:27.1677430Z           "ref": "scales",
2026-08-14T16:23:27.1677520Z           "type": "suggests",
2026-08-14T16:23:27.1677620Z           "package": "scales",
2026-08-14T16:23:27.1677700Z           "op": "",
2026-08-14T16:23:27.1677780Z           "version": ""
2026-08-14T16:23:27.1677840Z         },
2026-08-14T16:23:27.1677900Z         {
2026-08-14T16:23:27.1677990Z           "ref": "stringi",
2026-08-14T16:23:27.1678080Z           "type": "suggests",
2026-08-14T16:23:27.1678180Z           "package": "stringi",
2026-08-14T16:23:27.1678260Z           "op": "",
2026-08-14T16:23:27.1678340Z           "version": ""
2026-08-14T16:23:27.1678410Z         },
2026-08-14T16:23:27.1678460Z         {
2026-08-14T16:23:27.1678550Z           "ref": "survival",
2026-08-14T16:23:27.1678640Z           "type": "suggests",
2026-08-14T16:23:27.1678750Z           "package": "survival",
2026-08-14T16:23:27.1678820Z           "op": "",
2026-08-14T16:23:27.1678910Z           "version": ""
2026-08-14T16:23:27.1678970Z         },
2026-08-14T16:23:27.1679020Z         {
2026-08-14T16:23:27.1679110Z           "ref": "testthat",
2026-08-14T16:23:27.1679210Z           "type": "suggests",
2026-08-14T16:23:27.1679310Z           "package": "testthat",
2026-08-14T16:23:27.1679390Z           "op": ">=",
2026-08-14T16:23:27.1679480Z           "version": "3.1.1"
2026-08-14T16:23:27.1679550Z         },
2026-08-14T16:23:27.1679600Z         {
2026-08-14T16:23:27.1679690Z           "ref": "tibble",
2026-08-14T16:23:27.1679820Z           "type": "suggests",
2026-08-14T16:23:27.1679930Z           "package": "tibble",
2026-08-14T16:23:27.1682260Z           "op": "",
2026-08-14T16:23:27.1682360Z           "version": ""
2026-08-14T16:23:27.1682420Z         },
2026-08-14T16:23:27.1682470Z         {
2026-08-14T16:23:27.1682560Z           "ref": "units",
2026-08-14T16:23:27.1682650Z           "type": "suggests",
2026-08-14T16:23:27.1682750Z           "package": "units",
2026-08-14T16:23:27.1682830Z           "op": ">=",
2026-08-14T16:23:27.1682920Z           "version": "0.7.2"
2026-08-14T16:23:27.1682990Z         },
2026-08-14T16:23:27.1683040Z         {
2026-08-14T16:23:27.1683120Z           "ref": "utf8",
2026-08-14T16:23:27.1683220Z           "type": "imports",
2026-08-14T16:23:27.1683310Z           "package": "utf8",
2026-08-14T16:23:27.1683390Z           "op": ">=",
2026-08-14T16:23:27.1683480Z           "version": "1.1.0"
2026-08-14T16:23:27.1683550Z         },
2026-08-14T16:23:27.1683600Z         {
2026-08-14T16:23:27.1683690Z           "ref": "utils",
2026-08-14T16:23:27.1683780Z           "type": "imports",
2026-08-14T16:23:27.1683880Z           "package": "utils",
2026-08-14T16:23:27.1683960Z           "op": "",
2026-08-14T16:23:27.1684040Z           "version": ""
2026-08-14T16:23:27.1684100Z         },
2026-08-14T16:23:27.1684150Z         {
2026-08-14T16:23:27.1684240Z           "ref": "vctrs",
2026-08-14T16:23:27.1684330Z           "type": "imports",
2026-08-14T16:23:27.1684430Z           "package": "vctrs",
2026-08-14T16:23:27.1684510Z           "op": ">=",
2026-08-14T16:23:27.1684600Z           "version": "0.5.0"
2026-08-14T16:23:27.1684660Z         },
2026-08-14T16:23:27.1684710Z         {
2026-08-14T16:23:27.1684800Z           "ref": "vdiffr",
2026-08-14T16:23:27.1684900Z           "type": "suggests",
2026-08-14T16:23:27.1684990Z           "package": "vdiffr",
2026-08-14T16:23:27.1685150Z           "op": "",
2026-08-14T16:23:27.1685240Z           "version": ""
2026-08-14T16:23:27.1685300Z         },
2026-08-14T16:23:27.1685350Z         {
2026-08-14T16:23:27.1685440Z           "ref": "withr",
2026-08-14T16:23:27.1685530Z           "type": "suggests",
2026-08-14T16:23:27.1685630Z           "package": "withr",
2026-08-14T16:23:27.1685710Z           "op": "",
2026-08-14T16:23:27.1685790Z           "version": ""
2026-08-14T16:23:27.1685840Z         }
2026-08-14T16:23:27.1685900Z       ],
2026-08-14T16:23:27.1685990Z       "vignettes": false,
2026-08-14T16:23:27.1686090Z       "needscompilation": false,
2026-08-14T16:23:27.1686170Z       "metadata": {
2026-08-14T16:23:27.1686270Z         "RemoteType": "standard",
2026-08-14T16:23:27.1686380Z         "RemotePkgRef": "pillar",
2026-08-14T16:23:27.1686480Z         "RemoteRef": "pillar",
2026-08-14T16:23:27.1686640Z         "RemoteRepos": "https://cran.rstudio.com",
2026-08-14T16:23:27.1686800Z         "RemotePkgPlatform": "aarch64-apple-darwin23",
2026-08-14T16:23:27.1686900Z         "RemoteSha": "1.11.1"
2026-08-14T16:23:27.1686950Z       },
2026-08-14T16:23:27.1687570Z       "sources": ["https://cran.rstudio.com/bin/macosx/sonoma-arm64/contrib/4.6/pillar_1.11.1.tgz", "https://mac.cran.dev/bin/macosx/sonoma-arm64/contrib/4.6/pillar_1.11.1.tgz"],
2026-08-14T16:23:27.1687790Z       "target": "bin/macosx/sonoma-arm64/contrib/4.6/pillar_1.11.1.tgz",
2026-08-14T16:23:27.1687920Z       "platform": "aarch64-apple-darwin23",
2026-08-14T16:23:27.1688010Z       "rversion": "4.6",
2026-08-14T16:23:27.1688180Z       "built": "R 4.6.0; ; 2026-04-25 11:14:26 UTC; unix",
2026-08-14T16:23:27.1688270Z       "directpkg": false,
2026-08-14T16:23:27.1688380Z       "license": "MIT + file LICENSE",
2026-08-14T16:23:27.1688680Z       "sha256": "\n        75c5fd903e337290ba278b56d3bf325c5b0d6e9ceba2196bae4bf35274d6eb2f",
2026-08-14T16:23:27.1688840Z       "dep_types": ["Depends", "Imports", "LinkingTo"],
2026-08-14T16:23:27.1688920Z       "params": [],
2026-08-14T16:23:27.1689010Z       "install_args": [],
2026-08-14T16:23:27.1689100Z       "repotype": "cran"
2026-08-14T16:23:27.1689140Z     },
2026-08-14T16:23:27.1689330Z     {
2026-08-14T16:23:27.1689430Z       "ref": "pkgconfig",
2026-08-14T16:23:27.1689530Z       "package": "pkgconfig",
2026-08-14T16:23:27.1689620Z       "version": "2.0.3",
2026-08-14T16:23:27.1689710Z       "type": "standard",
2026-08-14T16:23:27.1689790Z       "direct": false,
2026-08-14T16:23:27.1689870Z       "binary": true,
2026-08-14T16:23:27.1689960Z       "dependencies": [],
2026-08-14T16:23:27.1690030Z       "deps": [
2026-08-14T16:23:27.1690080Z         {
2026-08-14T16:23:27.1690170Z           "ref": "covr",
2026-08-14T16:23:27.1690260Z           "type": "suggests",
2026-08-14T16:23:27.1690360Z           "package": "covr",
2026-08-14T16:23:27.1690430Z           "op": "",
2026-08-14T16:23:27.1690520Z           "version": ""
2026-08-14T16:23:27.1690580Z         },
2026-08-14T16:23:27.1690630Z         {
2026-08-14T16:23:27.1690730Z           "ref": "disposables",
2026-08-14T16:23:27.1690830Z           "type": "suggests",
2026-08-14T16:23:27.1690940Z           "package": "disposables",
2026-08-14T16:23:27.1691020Z           "op": ">=",
2026-08-14T16:23:27.1691110Z           "version": "1.0.3"
2026-08-14T16:23:27.1691180Z         },
2026-08-14T16:23:27.1691230Z         {
2026-08-14T16:23:27.1691350Z           "ref": "testthat",
2026-08-14T16:23:27.1691450Z           "type": "suggests",
2026-08-14T16:23:27.1691550Z           "package": "testthat",
2026-08-14T16:23:27.1691630Z           "op": "",
2026-08-14T16:23:27.1691720Z           "version": ""
2026-08-14T16:23:27.1691780Z         },
2026-08-14T16:23:27.1691830Z         {
2026-08-14T16:23:27.1691920Z           "ref": "utils",
2026-08-14T16:23:27.1692010Z           "type": "imports",
2026-08-14T16:23:27.1692100Z           "package": "utils",
2026-08-14T16:23:27.1692180Z           "op": "",
2026-08-14T16:23:27.1692260Z           "version": ""
2026-08-14T16:23:27.1692370Z         }
2026-08-14T16:23:27.1692420Z       ],
2026-08-14T16:23:27.1692510Z       "vignettes": false,
2026-08-14T16:23:27.1692620Z       "needscompilation": false,
2026-08-14T16:23:27.1692700Z       "metadata": {
2026-08-14T16:23:27.1692810Z         "RemoteType": "standard",
2026-08-14T16:23:27.1692930Z         "RemotePkgRef": "pkgconfig",
2026-08-14T16:23:27.1693040Z         "RemoteRef": "pkgconfig",
2026-08-14T16:23:27.1693230Z         "RemoteRepos": "https://cran.rstudio.com",
2026-08-14T16:23:27.1693440Z         "RemotePkgPlatform": "aarch64-apple-darwin23",
2026-08-14T16:23:27.1693560Z         "RemoteSha": "2.0.3"
2026-08-14T16:23:27.1693610Z       },
2026-08-14T16:23:27.1694250Z       "sources": ["https://cran.rstudio.com/bin/macosx/sonoma-arm64/contrib/4.6/pkgconfig_2.0.3.tgz", "https://mac.cran.dev/bin/macosx/sonoma-arm64/contrib/4.6/pkgconfig_2.0.3.tgz"],
2026-08-14T16:23:27.1694480Z       "target": "bin/macosx/sonoma-arm64/contrib/4.6/pkgconfig_2.0.3.tgz",
2026-08-14T16:23:27.1694610Z       "platform": "aarch64-apple-darwin23",
2026-08-14T16:23:27.1694700Z       "rversion": "4.6",
2026-08-14T16:23:27.1694860Z       "built": "R 4.6.0; ; 2026-04-25 15:40:59 UTC; unix",
2026-08-14T16:23:27.1694950Z       "directpkg": false,
2026-08-14T16:23:27.1695070Z       "license": "MIT + file LICENSE",
2026-08-14T16:23:27.1695360Z       "sha256": "\n        b0ff5f2b2583a959d22fa62b1ec6c0043d59379c7dc49c9a210552a8b73959ed",
2026-08-14T16:23:27.1695520Z       "dep_types": ["Depends", "Imports", "LinkingTo"],
2026-08-14T16:23:27.1695600Z       "params": [],
2026-08-14T16:23:27.1695690Z       "install_args": [],
2026-08-14T16:23:27.1695780Z       "repotype": "cran"
2026-08-14T16:23:27.1695820Z     },
2026-08-14T16:23:27.1695870Z     {
2026-08-14T16:23:27.1695950Z       "ref": "purrr",
2026-08-14T16:23:27.1696040Z       "package": "purrr",
2026-08-14T16:23:27.1696130Z       "version": "1.2.2",
2026-08-14T16:23:27.1696220Z       "type": "standard",
2026-08-14T16:23:27.1696300Z       "direct": false,
2026-08-14T16:23:27.1696380Z       "binary": true,
2026-08-14T16:23:27.1696600Z       "dependencies": ["cli", "lifecycle", "magrittr", "rlang", "vctrs"],
2026-08-14T16:23:27.1696670Z       "deps": [
2026-08-14T16:23:27.1696770Z         {
2026-08-14T16:23:27.1696860Z           "ref": "carrier",
2026-08-14T16:23:27.1696960Z           "type": "suggests",
2026-08-14T16:23:27.1697060Z           "package": "carrier",
2026-08-14T16:23:27.1697140Z           "op": ">=",
2026-08-14T16:23:27.1697230Z           "version": "0.3.0"
2026-08-14T16:23:27.1697300Z         },
2026-08-14T16:23:27.1697350Z         {
2026-08-14T16:23:27.1697430Z           "ref": "cli",
2026-08-14T16:23:27.1697520Z           "type": "imports",
2026-08-14T16:23:27.1697620Z           "package": "cli",
2026-08-14T16:23:27.1697690Z           "op": ">=",
2026-08-14T16:23:27.1697790Z           "version": "3.6.1"
2026-08-14T16:23:27.1697850Z         },
2026-08-14T16:23:27.1697900Z         {
2026-08-14T16:23:27.1697980Z           "ref": "cli",
2026-08-14T16:23:27.1698090Z           "type": "linkingto",
2026-08-14T16:23:27.1698180Z           "package": "cli",
2026-08-14T16:23:27.1698250Z           "op": "",
2026-08-14T16:23:27.1698340Z           "version": ""
2026-08-14T16:23:27.1698400Z         },
2026-08-14T16:23:27.1698460Z         {
2026-08-14T16:23:27.1698540Z           "ref": "covr",
2026-08-14T16:23:27.1698640Z           "type": "suggests",
2026-08-14T16:23:27.1698730Z           "package": "covr",
2026-08-14T16:23:27.1698800Z           "op": "",
2026-08-14T16:23:27.1698890Z           "version": ""
2026-08-14T16:23:27.1698950Z         },
2026-08-14T16:23:27.1699000Z         {
2026-08-14T16:23:27.1699090Z           "ref": "dplyr",
2026-08-14T16:23:27.1699180Z           "type": "suggests",
2026-08-14T16:23:27.1699280Z           "package": "dplyr",
2026-08-14T16:23:27.1699360Z           "op": ">=",
2026-08-14T16:23:27.1699450Z           "version": "0.7.8"
2026-08-14T16:23:27.1699510Z         },
2026-08-14T16:23:27.1699560Z         {
2026-08-14T16:23:27.1699650Z           "ref": "httr",
2026-08-14T16:23:27.1699790Z           "type": "suggests",
2026-08-14T16:23:27.1699880Z           "package": "httr",
2026-08-14T16:23:27.1699960Z           "op": "",
2026-08-14T16:23:27.1700110Z           "version": ""
2026-08-14T16:23:27.1700190Z         },
2026-08-14T16:23:27.1700250Z         {
2026-08-14T16:23:27.1700360Z           "ref": "knitr",
2026-08-14T16:23:27.1700460Z           "type": "suggests",
2026-08-14T16:23:27.1700560Z           "package": "knitr",
2026-08-14T16:23:27.1700630Z           "op": "",
2026-08-14T16:23:27.1700720Z           "version": ""
2026-08-14T16:23:27.1700780Z         },
2026-08-14T16:23:27.1700830Z         {
2026-08-14T16:23:27.1700920Z           "ref": "lifecycle",
2026-08-14T16:23:27.1701020Z           "type": "imports",
2026-08-14T16:23:27.1701120Z           "package": "lifecycle",
2026-08-14T16:23:27.1701200Z           "op": ">=",
2026-08-14T16:23:27.1701300Z           "version": "1.0.3"
2026-08-14T16:23:27.1701360Z         },
2026-08-14T16:23:27.1701410Z         {
2026-08-14T16:23:27.1701510Z           "ref": "lubridate",
2026-08-14T16:23:27.1701600Z           "type": "suggests",
2026-08-14T16:23:27.1701710Z           "package": "lubridate",
2026-08-14T16:23:27.1701780Z           "op": "",
2026-08-14T16:23:27.1701870Z           "version": ""
2026-08-14T16:23:27.1701930Z         },
2026-08-14T16:23:27.1701980Z         {
2026-08-14T16:23:27.1702070Z           "ref": "magrittr",
2026-08-14T16:23:27.1702160Z           "type": "imports",
2026-08-14T16:23:27.1702270Z           "package": "magrittr",
2026-08-14T16:23:27.1702350Z           "op": ">=",
2026-08-14T16:23:27.1702440Z           "version": "1.5.0"
2026-08-14T16:23:27.1702500Z         },
2026-08-14T16:23:27.1702550Z         {
2026-08-14T16:23:27.1702640Z           "ref": "mirai",
2026-08-14T16:23:27.1702730Z           "type": "suggests",
2026-08-14T16:23:27.1702830Z           "package": "mirai",
2026-08-14T16:23:27.1702910Z           "op": ">=",
2026-08-14T16:23:27.1703000Z           "version": "2.5.1"
2026-08-14T16:23:27.1703060Z         },
2026-08-14T16:23:27.1703120Z         {
2026-08-14T16:23:27.1703190Z           "ref": "R",
2026-08-14T16:23:27.1703290Z           "type": "depends",
2026-08-14T16:23:27.1703420Z           "package": "R",
2026-08-14T16:23:27.1703510Z           "op": ">=",
2026-08-14T16:23:27.1703600Z           "version": "4.1"
2026-08-14T16:23:27.1703660Z         },
2026-08-14T16:23:27.1703710Z         {
2026-08-14T16:23:27.1703800Z           "ref": "rlang",
2026-08-14T16:23:27.1703890Z           "type": "imports",
2026-08-14T16:23:27.1703990Z           "package": "rlang",
2026-08-14T16:23:27.1704070Z           "op": ">=",
2026-08-14T16:23:27.1704160Z           "version": "1.1.1"
2026-08-14T16:23:27.1704220Z         },
2026-08-14T16:23:27.1704270Z         {
2026-08-14T16:23:27.1704370Z           "ref": "rmarkdown",
2026-08-14T16:23:27.1704460Z           "type": "suggests",
2026-08-14T16:23:27.1704570Z           "package": "rmarkdown",
2026-08-14T16:23:27.1704640Z           "op": "",
2026-08-14T16:23:27.1704730Z           "version": ""
2026-08-14T16:23:27.1704790Z         },
2026-08-14T16:23:27.1704840Z         {
2026-08-14T16:23:27.1704940Z           "ref": "testthat",
2026-08-14T16:23:27.1705030Z           "type": "suggests",
2026-08-14T16:23:27.1705130Z           "package": "testthat",
2026-08-14T16:23:27.1705210Z           "op": ">=",
2026-08-14T16:23:27.1705310Z           "version": "3.0.0"
2026-08-14T16:23:27.1705370Z         },
2026-08-14T16:23:27.1705420Z         {
2026-08-14T16:23:27.1705510Z           "ref": "tibble",
2026-08-14T16:23:27.1705600Z           "type": "suggests",
2026-08-14T16:23:27.1705700Z           "package": "tibble",
2026-08-14T16:23:27.1705780Z           "op": "",
2026-08-14T16:23:27.1705860Z           "version": ""
2026-08-14T16:23:27.1705920Z         },
2026-08-14T16:23:27.1705980Z         {
2026-08-14T16:23:27.1706070Z           "ref": "tidyselect",
2026-08-14T16:23:27.1706170Z           "type": "suggests",
2026-08-14T16:23:27.1706270Z           "package": "tidyselect",
2026-08-14T16:23:27.1706420Z           "op": "",
2026-08-14T16:23:27.1706500Z           "version": ""
2026-08-14T16:23:27.1706560Z         },
2026-08-14T16:23:27.1706620Z         {
2026-08-14T16:23:27.1706700Z           "ref": "vctrs",
2026-08-14T16:23:27.1706800Z           "type": "imports",
2026-08-14T16:23:27.1706890Z           "package": "vctrs",
2026-08-14T16:23:27.1706970Z           "op": ">=",
2026-08-14T16:23:27.1707060Z           "version": "0.6.3"
2026-08-14T16:23:27.1707120Z         }
2026-08-14T16:23:27.1707170Z       ],
2026-08-14T16:23:27.1707260Z       "vignettes": false,
2026-08-14T16:23:27.1707360Z       "needscompilation": true,
2026-08-14T16:23:27.1707440Z       "metadata": {
2026-08-14T16:23:27.1707540Z         "RemoteType": "standard",
2026-08-14T16:23:27.1707650Z         "RemotePkgRef": "purrr",
2026-08-14T16:23:27.1707750Z         "RemoteRef": "purrr",
2026-08-14T16:23:27.1707900Z         "RemoteRepos": "https://cran.rstudio.com",
2026-08-14T16:23:27.1708060Z         "RemotePkgPlatform": "aarch64-apple-darwin23",
2026-08-14T16:23:27.1708160Z         "RemoteSha": "1.2.2"
2026-08-14T16:23:27.1708210Z       },
2026-08-14T16:23:27.1708820Z       "sources": ["https://cran.rstudio.com/bin/macosx/sonoma-arm64/contrib/4.6/purrr_1.2.2.tgz", "https://mac.cran.dev/bin/macosx/sonoma-arm64/contrib/4.6/purrr_1.2.2.tgz"],
2026-08-14T16:23:27.1709030Z       "target": "bin/macosx/sonoma-arm64/contrib/4.6/purrr_1.2.2.tgz",
2026-08-14T16:23:27.1709160Z       "platform": "aarch64-apple-darwin23",
2026-08-14T16:23:27.1709250Z       "rversion": "4.6",
2026-08-14T16:23:27.1709490Z       "built": "R 4.6.0; aarch64-apple-darwin23; 2026-04-25 11:14:29 UTC; unix",
2026-08-14T16:23:27.1709580Z       "directpkg": false,
2026-08-14T16:23:27.1709700Z       "license": "MIT + file LICENSE",
2026-08-14T16:23:27.1709990Z       "sha256": "\n        a3f4c578e2ae652207b35364d3fcac7044cda4cb53499e54fe115e016ce832e9",
2026-08-14T16:23:27.1710150Z       "dep_types": ["Depends", "Imports", "LinkingTo"],
2026-08-14T16:23:27.1710230Z       "params": [],
2026-08-14T16:23:27.1710320Z       "install_args": [],
2026-08-14T16:23:27.1710410Z       "repotype": "cran"
2026-08-14T16:23:27.1710450Z     },
2026-08-14T16:23:27.1710540Z     {
2026-08-14T16:23:27.1710620Z       "ref": "R6",
2026-08-14T16:23:27.1710710Z       "package": "R6",
2026-08-14T16:23:27.1710800Z       "version": "2.6.1",
2026-08-14T16:23:27.1710890Z       "type": "standard",
2026-08-14T16:23:27.1710980Z       "direct": false,
2026-08-14T16:23:27.1711060Z       "binary": true,
2026-08-14T16:23:27.1711630Z       "dependencies": [],
2026-08-14T16:23:27.1711790Z       "deps": [
2026-08-14T16:23:27.1711870Z         {
2026-08-14T16:23:27.1712030Z           "ref": "lobstr",
2026-08-14T16:23:27.1712160Z           "type": "suggests",
2026-08-14T16:23:27.1712290Z           "package": "lobstr",
2026-08-14T16:23:27.1712390Z           "op": "",
2026-08-14T16:23:27.1712490Z           "version": ""
2026-08-14T16:23:27.1712570Z         },
2026-08-14T16:23:27.1712640Z         {
2026-08-14T16:23:27.1712750Z           "ref": "R",
2026-08-14T16:23:27.1712870Z           "type": "depends",
2026-08-14T16:23:27.1712990Z           "package": "R",
2026-08-14T16:23:27.1713070Z           "op": ">=",
2026-08-14T16:23:27.1713170Z           "version": "3.6"
2026-08-14T16:23:27.1713230Z         },
2026-08-14T16:23:27.1713300Z         {
2026-08-14T16:23:27.1713420Z           "ref": "testthat",
2026-08-14T16:23:27.1713530Z           "type": "suggests",
2026-08-14T16:23:27.1713660Z           "package": "testthat",
2026-08-14T16:23:27.1713740Z           "op": ">=",
2026-08-14T16:23:27.1713840Z           "version": "3.0.0"
2026-08-14T16:23:27.1713890Z         }
2026-08-14T16:23:27.1713940Z       ],
2026-08-14T16:23:27.1714030Z       "vignettes": false,
2026-08-14T16:23:27.1714140Z       "needscompilation": false,
2026-08-14T16:23:27.1714220Z       "metadata": {
2026-08-14T16:23:27.1714330Z         "RemoteType": "standard",
2026-08-14T16:23:27.1714420Z         "RemotePkgRef": "R6",
2026-08-14T16:23:27.1714660Z         "RemoteRef": "R6",
2026-08-14T16:23:27.1714820Z         "RemoteRepos": "https://cran.rstudio.com",
2026-08-14T16:23:27.1714990Z         "RemotePkgPlatform": "aarch64-apple-darwin23",
2026-08-14T16:23:27.1715080Z         "RemoteSha": "2.6.1"
2026-08-14T16:23:27.1715140Z       },
2026-08-14T16:23:27.1715730Z       "sources": ["https://cran.rstudio.com/bin/macosx/sonoma-arm64/contrib/4.6/R6_2.6.1.tgz", "https://mac.cran.dev/bin/macosx/sonoma-arm64/contrib/4.6/R6_2.6.1.tgz"],
2026-08-14T16:23:27.1715940Z       "target": "bin/macosx/sonoma-arm64/contrib/4.6/R6_2.6.1.tgz",
2026-08-14T16:23:27.1716070Z       "platform": "aarch64-apple-darwin23",
2026-08-14T16:23:27.1716160Z       "rversion": "4.6",
2026-08-14T16:23:27.1716330Z       "built": "R 4.6.0; ; 2026-04-25 15:39:09 UTC; unix",
2026-08-14T16:23:27.1716420Z       "directpkg": false,
2026-08-14T16:23:27.1716540Z       "license": "MIT + file LICENSE",
2026-08-14T16:23:27.1716840Z       "sha256": "\n        588a63f3a16b297bdffa5ac9ea344fa411d0337bf4c1dbd1eca168c044126e1f",
2026-08-14T16:23:27.1717000Z       "dep_types": ["Depends", "Imports", "LinkingTo"],
2026-08-14T16:23:27.1717080Z       "params": [],
2026-08-14T16:23:27.1717170Z       "install_args": [],
2026-08-14T16:23:27.1717260Z       "repotype": "cran"
2026-08-14T16:23:27.1717310Z     },
2026-08-14T16:23:27.1717350Z     {
2026-08-14T16:23:27.1717450Z       "ref": "RColorBrewer",
2026-08-14T16:23:27.1717550Z       "package": "RColorBrewer",
2026-08-14T16:23:27.1717640Z       "version": "1.1-3",
2026-08-14T16:23:27.1717730Z       "type": "standard",
2026-08-14T16:23:27.1717810Z       "direct": false,
2026-08-14T16:23:27.1717890Z       "binary": true,
2026-08-14T16:23:27.1717980Z       "dependencies": [],
2026-08-14T16:23:27.1718050Z       "deps": [
2026-08-14T16:23:27.1718110Z         {
2026-08-14T16:23:27.1718190Z           "ref": "R",
2026-08-14T16:23:27.1718280Z           "type": "depends",
2026-08-14T16:23:27.1718370Z           "package": "R",
2026-08-14T16:23:27.1718450Z           "op": ">=",
2026-08-14T16:23:27.1718550Z           "version": "2.0.0"
2026-08-14T16:23:27.1718600Z         }
2026-08-14T16:23:27.1718650Z       ],
2026-08-14T16:23:27.1718740Z       "vignettes": false,
2026-08-14T16:23:27.1718950Z       "needscompilation": false,
2026-08-14T16:23:27.1719030Z       "metadata": {
2026-08-14T16:23:27.1719140Z         "RemoteType": "standard",
2026-08-14T16:23:27.1719260Z         "RemotePkgRef": "RColorBrewer",
2026-08-14T16:23:27.1719370Z         "RemoteRef": "RColorBrewer",
2026-08-14T16:23:27.1719520Z         "RemoteRepos": "https://cran.rstudio.com",
2026-08-14T16:23:27.1719690Z         "RemotePkgPlatform": "aarch64-apple-darwin23",
2026-08-14T16:23:27.1719780Z         "RemoteSha": "1.1-3"
2026-08-14T16:23:27.1719840Z       },
2026-08-14T16:23:27.1720500Z       "sources": ["https://cran.rstudio.com/bin/macosx/sonoma-arm64/contrib/4.6/RColorBrewer_1.1-3.tgz", "https://mac.cran.dev/bin/macosx/sonoma-arm64/contrib/4.6/RColorBrewer_1.1-3.tgz"],
2026-08-14T16:23:27.1720750Z       "target": "bin/macosx/sonoma-arm64/contrib/4.6/RColorBrewer_1.1-3.tgz",
2026-08-14T16:23:27.1720880Z       "platform": "aarch64-apple-darwin23",
2026-08-14T16:23:27.1720970Z       "rversion": "4.6",
2026-08-14T16:23:27.1721140Z       "built": "R 4.6.0; ; 2026-04-25 15:40:08 UTC; unix",
2026-08-14T16:23:27.1721230Z       "directpkg": false,
2026-08-14T16:23:27.1721350Z       "license": "Apache License 2.0",
2026-08-14T16:23:27.1721650Z       "sha256": "\n        edbba71c5ab01eb72ae7f9ea7a47b01be3eefa8f60aa0faf0f6a471b3a07a598",
2026-08-14T16:23:27.1721820Z       "dep_types": ["Depends", "Imports", "LinkingTo"],
2026-08-14T16:23:27.1721890Z       "params": [],
2026-08-14T16:23:27.1721980Z       "install_args": [],
2026-08-14T16:23:27.1722070Z       "repotype": "cran"
2026-08-14T16:23:27.1722110Z     },
2026-08-14T16:23:27.1722160Z     {
2026-08-14T16:23:27.1722240Z       "ref": "rlang",
2026-08-14T16:23:27.1722320Z       "package": "rlang",
2026-08-14T16:23:27.1722410Z       "version": "1.3.0",
2026-08-14T16:23:27.1722550Z       "type": "standard",
2026-08-14T16:23:27.1722640Z       "direct": false,
2026-08-14T16:23:27.1722720Z       "binary": true,
2026-08-14T16:23:27.1722810Z       "dependencies": [],
2026-08-14T16:23:27.1722880Z       "deps": [
2026-08-14T16:23:27.1722930Z         {
2026-08-14T16:23:27.1723020Z           "ref": "cli",
2026-08-14T16:23:27.1723110Z           "type": "suggests",
2026-08-14T16:23:27.1723210Z           "package": "cli",
2026-08-14T16:23:27.1723290Z           "op": ">=",
2026-08-14T16:23:27.1723380Z           "version": "3.1.0"
2026-08-14T16:23:27.1723440Z         },
2026-08-14T16:23:27.1723490Z         {
2026-08-14T16:23:27.1723580Z           "ref": "covr",
2026-08-14T16:23:27.1723680Z           "type": "suggests",
2026-08-14T16:23:27.1723770Z           "package": "covr",
2026-08-14T16:23:27.1723850Z           "op": "",
2026-08-14T16:23:27.1723930Z           "version": ""
2026-08-14T16:23:27.1723990Z         },
2026-08-14T16:23:27.1724040Z         {
2026-08-14T16:23:27.1724130Z           "ref": "crayon",
2026-08-14T16:23:27.1724230Z           "type": "suggests",
2026-08-14T16:23:27.1724330Z           "package": "crayon",
2026-08-14T16:23:27.1724410Z           "op": "",
2026-08-14T16:23:27.1724490Z           "version": ""
2026-08-14T16:23:27.1724550Z         },
2026-08-14T16:23:27.1724610Z         {
2026-08-14T16:23:27.1724690Z           "ref": "desc",
2026-08-14T16:23:27.1724780Z           "type": "suggests",
2026-08-14T16:23:27.1724880Z           "package": "desc",
2026-08-14T16:23:27.1724950Z           "op": "",
2026-08-14T16:23:27.1725040Z           "version": ""
2026-08-14T16:23:27.1725100Z         },
2026-08-14T16:23:27.1725150Z         {
2026-08-14T16:23:27.1725230Z           "ref": "fs",
2026-08-14T16:23:27.1725330Z           "type": "suggests",
2026-08-14T16:23:27.1725420Z           "package": "fs",
2026-08-14T16:23:27.1725490Z           "op": "",
2026-08-14T16:23:27.1725570Z           "version": ""
2026-08-14T16:23:27.1725640Z         },
2026-08-14T16:23:27.1725690Z         {
2026-08-14T16:23:27.1725780Z           "ref": "glue",
2026-08-14T16:23:27.1725870Z           "type": "suggests",
2026-08-14T16:23:27.1725960Z           "package": "glue",
2026-08-14T16:23:27.1726080Z           "op": "",
2026-08-14T16:23:27.1726170Z           "version": ""
2026-08-14T16:23:27.1726230Z         },
2026-08-14T16:23:27.1726290Z         {
2026-08-14T16:23:27.1726370Z           "ref": "knitr",
2026-08-14T16:23:27.1726470Z           "type": "suggests",
2026-08-14T16:23:27.1726560Z           "package": "knitr",
2026-08-14T16:23:27.1726640Z           "op": "",
2026-08-14T16:23:27.1726720Z           "version": ""
2026-08-14T16:23:27.1726780Z         },
2026-08-14T16:23:27.1726830Z         {
2026-08-14T16:23:27.1726930Z           "ref": "magrittr",
2026-08-14T16:23:27.1727020Z           "type": "suggests",
2026-08-14T16:23:27.1727130Z           "package": "magrittr",
2026-08-14T16:23:27.1727200Z           "op": "",
2026-08-14T16:23:27.1727290Z           "version": ""
2026-08-14T16:23:27.1727350Z         },
2026-08-14T16:23:27.1727400Z         {
2026-08-14T16:23:27.1727490Z           "ref": "methods",
2026-08-14T16:23:27.1727590Z           "type": "suggests",
2026-08-14T16:23:27.1727690Z           "package": "methods",
2026-08-14T16:23:27.1727770Z           "op": "",
2026-08-14T16:23:27.1727850Z           "version": ""
2026-08-14T16:23:27.1727910Z         },
2026-08-14T16:23:27.1727960Z         {
2026-08-14T16:23:27.1728050Z           "ref": "pillar",
2026-08-14T16:23:27.1728150Z           "type": "suggests",
2026-08-14T16:23:27.1728250Z           "package": "pillar",
2026-08-14T16:23:27.1728320Z           "op": "",
2026-08-14T16:23:27.1728400Z           "version": ""
2026-08-14T16:23:27.1728470Z         },
2026-08-14T16:23:27.1728520Z         {
2026-08-14T16:23:27.1728610Z           "ref": "pkgload",
2026-08-14T16:23:27.1728700Z           "type": "suggests",
2026-08-14T16:23:27.1728800Z           "package": "pkgload",
2026-08-14T16:23:27.1728880Z           "op": "",
2026-08-14T16:23:27.1728960Z           "version": ""
2026-08-14T16:23:27.1729070Z         },
2026-08-14T16:23:27.1729120Z         {
2026-08-14T16:23:27.1729200Z           "ref": "R",
2026-08-14T16:23:27.1729300Z           "type": "depends",
2026-08-14T16:23:27.1729390Z           "package": "R",
2026-08-14T16:23:27.1729470Z           "op": ">=",
2026-08-14T16:23:27.1729560Z           "version": "4.0.0"
2026-08-14T16:23:27.1729620Z         },
2026-08-14T16:23:27.1729670Z         {
2026-08-14T16:23:27.1729770Z           "ref": "rmarkdown",
2026-08-14T16:23:27.1729860Z           "type": "suggests",
2026-08-14T16:23:27.1729970Z           "package": "rmarkdown",
2026-08-14T16:23:27.1730040Z           "op": "",
2026-08-14T16:23:27.1730130Z           "version": ""
2026-08-14T16:23:27.1730190Z         },
2026-08-14T16:23:27.1730240Z         {
2026-08-14T16:23:27.1730330Z           "ref": "stats",
2026-08-14T16:23:27.1730420Z           "type": "suggests",
2026-08-14T16:23:27.1730520Z           "package": "stats",
2026-08-14T16:23:27.1730590Z           "op": "",
2026-08-14T16:23:27.1730680Z           "version": ""
2026-08-14T16:23:27.1730740Z         },
2026-08-14T16:23:27.1730790Z         {
2026-08-14T16:23:27.1730890Z           "ref": "testthat",
2026-08-14T16:23:27.1730980Z           "type": "suggests",
2026-08-14T16:23:27.1731090Z           "package": "testthat",
2026-08-14T16:23:27.1731160Z           "op": ">=",
2026-08-14T16:23:27.1731260Z           "version": "3.3.2"
2026-08-14T16:23:27.1731320Z         },
2026-08-14T16:23:27.1731370Z         {
2026-08-14T16:23:27.1731460Z           "ref": "tibble",
2026-08-14T16:23:27.1731550Z           "type": "suggests",
2026-08-14T16:23:27.1731650Z           "package": "tibble",
2026-08-14T16:23:27.1731730Z           "op": "",
2026-08-14T16:23:27.1734270Z           "version": ""
2026-08-14T16:23:27.1734350Z         },
2026-08-14T16:23:27.1734400Z         {
2026-08-14T16:23:27.1734490Z           "ref": "usethis",
2026-08-14T16:23:27.1734580Z           "type": "suggests",
2026-08-14T16:23:27.1734680Z           "package": "usethis",
2026-08-14T16:23:27.1734760Z           "op": "",
2026-08-14T16:23:27.1734850Z           "version": ""
2026-08-14T16:23:27.1734910Z         },
2026-08-14T16:23:27.1734960Z         {
2026-08-14T16:23:27.1735120Z           "ref": "utils",
2026-08-14T16:23:27.1735220Z           "type": "imports",
2026-08-14T16:23:27.1735310Z           "package": "utils",
2026-08-14T16:23:27.1735390Z           "op": "",
2026-08-14T16:23:27.1735470Z           "version": ""
2026-08-14T16:23:27.1735540Z         },
2026-08-14T16:23:27.1735590Z         {
2026-08-14T16:23:27.1735680Z           "ref": "vctrs",
2026-08-14T16:23:27.1735770Z           "type": "suggests",
2026-08-14T16:23:27.1735860Z           "package": "vctrs",
2026-08-14T16:23:27.1735940Z           "op": ">=",
2026-08-14T16:23:27.1736040Z           "version": "0.2.3"
2026-08-14T16:23:27.1736100Z         },
2026-08-14T16:23:27.1736150Z         {
2026-08-14T16:23:27.1736240Z           "ref": "winch",
2026-08-14T16:23:27.1736330Z           "type": "enhances",
2026-08-14T16:23:27.1736430Z           "package": "winch",
2026-08-14T16:23:27.1736500Z           "op": "",
2026-08-14T16:23:27.1736590Z           "version": ""
2026-08-14T16:23:27.1736650Z         },
2026-08-14T16:23:27.1736700Z         {
2026-08-14T16:23:27.1736790Z           "ref": "withr",
2026-08-14T16:23:27.1736880Z           "type": "suggests",
2026-08-14T16:23:27.1736980Z           "package": "withr",
2026-08-14T16:23:27.1737050Z           "op": "",
2026-08-14T16:23:27.1737130Z           "version": ""
2026-08-14T16:23:27.1737190Z         }
2026-08-14T16:23:27.1737240Z       ],
2026-08-14T16:23:27.1737330Z       "vignettes": false,
2026-08-14T16:23:27.1737430Z       "needscompilation": true,
2026-08-14T16:23:27.1737510Z       "metadata": {
2026-08-14T16:23:27.1737620Z         "RemoteType": "standard",
2026-08-14T16:23:27.1737720Z         "RemotePkgRef": "rlang",
2026-08-14T16:23:27.1737820Z         "RemoteRef": "rlang",
2026-08-14T16:23:27.1737970Z         "RemoteRepos": "https://cran.rstudio.com",
2026-08-14T16:23:27.1738220Z         "RemotePkgPlatform": "aarch64-apple-darwin23",
2026-08-14T16:23:27.1738310Z         "RemoteSha": "1.3.0"
2026-08-14T16:23:27.1738370Z       },
2026-08-14T16:23:27.1738970Z       "sources": ["https://cran.rstudio.com/bin/macosx/sonoma-arm64/contrib/4.6/rlang_1.3.0.tgz", "https://mac.cran.dev/bin/macosx/sonoma-arm64/contrib/4.6/rlang_1.3.0.tgz"],
2026-08-14T16:23:27.1739190Z       "target": "bin/macosx/sonoma-arm64/contrib/4.6/rlang_1.3.0.tgz",
2026-08-14T16:23:27.1739320Z       "platform": "aarch64-apple-darwin23",
2026-08-14T16:23:27.1739410Z       "rversion": "4.6",
2026-08-14T16:23:27.1739650Z       "built": "R 4.6.1; aarch64-apple-darwin23; 2026-07-05 10:40:38 UTC; unix",
2026-08-14T16:23:27.1739740Z       "directpkg": false,
2026-08-14T16:23:27.1739860Z       "license": "MIT + file LICENSE",
2026-08-14T16:23:27.1740160Z       "sha256": "\n        edc1b88a8c6c26e8f370801677dd03b1348ac00dcc89b6f46ffc67c5e33965a8",
2026-08-14T16:23:27.1740320Z       "dep_types": ["Depends", "Imports", "LinkingTo"],
2026-08-14T16:23:27.1740400Z       "params": [],
2026-08-14T16:23:27.1740490Z       "install_args": [],
2026-08-14T16:23:27.1740580Z       "repotype": "cran"
2026-08-14T16:23:27.1740620Z     },
2026-08-14T16:23:27.1740670Z     {
2026-08-14T16:23:27.1740740Z       "ref": "S7",
2026-08-14T16:23:27.1740830Z       "package": "S7",
2026-08-14T16:23:27.1740920Z       "version": "0.2.2",
2026-08-14T16:23:27.1741000Z       "type": "standard",
2026-08-14T16:23:27.1741090Z       "direct": false,
2026-08-14T16:23:27.1741170Z       "binary": true,
2026-08-14T16:23:27.1741260Z       "dependencies": [],
2026-08-14T16:23:27.1741330Z       "deps": [
2026-08-14T16:23:27.1741380Z         {
2026-08-14T16:23:27.1741470Z           "ref": "bench",
2026-08-14T16:23:27.1741560Z           "type": "suggests",
2026-08-14T16:23:27.1741660Z           "package": "bench",
2026-08-14T16:23:27.1741730Z           "op": "",
2026-08-14T16:23:27.1741820Z           "version": ""
2026-08-14T16:23:27.1741880Z         },
2026-08-14T16:23:27.1741940Z         {
2026-08-14T16:23:27.1742020Z           "ref": "callr",
2026-08-14T16:23:27.1742120Z           "type": "suggests",
2026-08-14T16:23:27.1742210Z           "package": "callr",
2026-08-14T16:23:27.1742330Z           "op": "",
2026-08-14T16:23:27.1742410Z           "version": ""
2026-08-14T16:23:27.1742480Z         },
2026-08-14T16:23:27.1742530Z         {
2026-08-14T16:23:27.1742610Z           "ref": "covr",
2026-08-14T16:23:27.1742710Z           "type": "suggests",
2026-08-14T16:23:27.1742800Z           "package": "covr",
2026-08-14T16:23:27.1742880Z           "op": "",
2026-08-14T16:23:27.1742960Z           "version": ""
2026-08-14T16:23:27.1743020Z         },
2026-08-14T16:23:27.1743080Z         {
2026-08-14T16:23:27.1743160Z           "ref": "knitr",
2026-08-14T16:23:27.1743260Z           "type": "suggests",
2026-08-14T16:23:27.1743350Z           "package": "knitr",
2026-08-14T16:23:27.1743430Z           "op": "",
2026-08-14T16:23:27.1743510Z           "version": ""
2026-08-14T16:23:27.1743570Z         },
2026-08-14T16:23:27.1743620Z         {
2026-08-14T16:23:27.1743720Z           "ref": "methods",
2026-08-14T16:23:27.1743810Z           "type": "suggests",
2026-08-14T16:23:27.1743910Z           "package": "methods",
2026-08-14T16:23:27.1743990Z           "op": "",
2026-08-14T16:23:27.1744070Z           "version": ""
2026-08-14T16:23:27.1744130Z         },
2026-08-14T16:23:27.1744190Z         {
2026-08-14T16:23:27.1744270Z           "ref": "R",
2026-08-14T16:23:27.1744360Z           "type": "depends",
2026-08-14T16:23:27.1744450Z           "package": "R",
2026-08-14T16:23:27.1744530Z           "op": ">=",
2026-08-14T16:23:27.1744620Z           "version": "3.5.0"
2026-08-14T16:23:27.1744680Z         },
2026-08-14T16:23:27.1744730Z         {
2026-08-14T16:23:27.1744830Z           "ref": "rmarkdown",
2026-08-14T16:23:27.1744920Z           "type": "suggests",
2026-08-14T16:23:27.1745030Z           "package": "rmarkdown",
2026-08-14T16:23:27.1745100Z           "op": "",
2026-08-14T16:23:27.1745190Z           "version": ""
2026-08-14T16:23:27.1745290Z         },
2026-08-14T16:23:27.1745350Z         {
2026-08-14T16:23:27.1745440Z           "ref": "testthat",
2026-08-14T16:23:27.1745530Z           "type": "suggests",
2026-08-14T16:23:27.1745640Z           "package": "testthat",
2026-08-14T16:23:27.1745720Z           "op": ">=",
2026-08-14T16:23:27.1745810Z           "version": "3.2.0"
2026-08-14T16:23:27.1745880Z         },
2026-08-14T16:23:27.1745930Z         {
2026-08-14T16:23:27.1746020Z           "ref": "tibble",
2026-08-14T16:23:27.1746110Z           "type": "suggests",
2026-08-14T16:23:27.1746210Z           "package": "tibble",
2026-08-14T16:23:27.1746280Z           "op": "",
2026-08-14T16:23:27.1746370Z           "version": ""
2026-08-14T16:23:27.1746430Z         },
2026-08-14T16:23:27.1746480Z         {
2026-08-14T16:23:27.1746570Z           "ref": "utils",
2026-08-14T16:23:27.1746660Z           "type": "imports",
2026-08-14T16:23:27.1746760Z           "package": "utils",
2026-08-14T16:23:27.1746840Z           "op": "",
2026-08-14T16:23:27.1746920Z           "version": ""
2026-08-14T16:23:27.1746970Z         }
2026-08-14T16:23:27.1747020Z       ],
2026-08-14T16:23:27.1747120Z       "vignettes": false,
2026-08-14T16:23:27.1747220Z       "needscompilation": true,
2026-08-14T16:23:27.1747300Z       "metadata": {
2026-08-14T16:23:27.1747400Z         "RemoteType": "standard",
2026-08-14T16:23:27.1747500Z         "RemotePkgRef": "S7",
2026-08-14T16:23:27.1747590Z         "RemoteRef": "S7",
2026-08-14T16:23:27.1747750Z         "RemoteRepos": "https://cran.rstudio.com",
2026-08-14T16:23:27.1747910Z         "RemotePkgPlatform": "aarch64-apple-darwin23",
2026-08-14T16:23:27.1748000Z         "RemoteSha": "0.2.2"
2026-08-14T16:23:27.1748060Z       },
2026-08-14T16:23:27.1748630Z       "sources": ["https://cran.rstudio.com/bin/macosx/sonoma-arm64/contrib/4.6/S7_0.2.2.tgz", "https://mac.cran.dev/bin/macosx/sonoma-arm64/contrib/4.6/S7_0.2.2.tgz"],
2026-08-14T16:23:27.1748830Z       "target": "bin/macosx/sonoma-arm64/contrib/4.6/S7_0.2.2.tgz",
2026-08-14T16:23:27.1748970Z       "platform": "aarch64-apple-darwin23",
2026-08-14T16:23:27.1749050Z       "rversion": "4.6",
2026-08-14T16:23:27.1749360Z       "built": "R 4.6.0; aarch64-apple-darwin23; 2026-04-25 09:28:03 UTC; unix",
2026-08-14T16:23:27.1749460Z       "directpkg": false,
2026-08-14T16:23:27.1749570Z       "license": "MIT + file LICENSE",
2026-08-14T16:23:27.1749870Z       "sha256": "\n        28e37e7f04a018356a73fc5d3e121ce70c0e3390d78a41a9edb63084c0f3abba",
2026-08-14T16:23:27.1750030Z       "dep_types": ["Depends", "Imports", "LinkingTo"],
2026-08-14T16:23:27.1750110Z       "params": [],
2026-08-14T16:23:27.1750200Z       "install_args": [],
2026-08-14T16:23:27.1750290Z       "repotype": "cran"
2026-08-14T16:23:27.1750330Z     },
2026-08-14T16:23:27.1750370Z     {
2026-08-14T16:23:27.1750460Z       "ref": "scales",
2026-08-14T16:23:27.1750550Z       "package": "scales",
2026-08-14T16:23:27.1750640Z       "version": "1.4.0",
2026-08-14T16:23:27.1750720Z       "type": "standard",
2026-08-14T16:23:27.1750810Z       "direct": false,
2026-08-14T16:23:27.1750890Z       "binary": true,
2026-08-14T16:23:27.1751280Z       "dependencies": ["cli", "farver", "glue", "labeling", "lifecycle", "R6", "RColorBrewer", "rlang", "viridisLite"],
2026-08-14T16:23:27.1751350Z       "deps": [
2026-08-14T16:23:27.1751400Z         {
2026-08-14T16:23:27.1751570Z           "ref": "bit64",
2026-08-14T16:23:27.1751690Z           "type": "suggests",
2026-08-14T16:23:27.1751800Z           "package": "bit64",
2026-08-14T16:23:27.1751900Z           "op": "",
2026-08-14T16:23:27.1751980Z           "version": ""
2026-08-14T16:23:27.1752040Z         },
2026-08-14T16:23:27.1752100Z         {
2026-08-14T16:23:27.1752180Z           "ref": "cli",
2026-08-14T16:23:27.1752270Z           "type": "imports",
2026-08-14T16:23:27.1752370Z           "package": "cli",
2026-08-14T16:23:27.1752440Z           "op": "",
2026-08-14T16:23:27.1752520Z           "version": ""
2026-08-14T16:23:27.1752590Z         },
2026-08-14T16:23:27.1752690Z         {
2026-08-14T16:23:27.1752780Z           "ref": "covr",
2026-08-14T16:23:27.1752870Z           "type": "suggests",
2026-08-14T16:23:27.1752970Z           "package": "covr",
2026-08-14T16:23:27.1753040Z           "op": "",
2026-08-14T16:23:27.1753130Z           "version": ""
2026-08-14T16:23:27.1753190Z         },
2026-08-14T16:23:27.1753240Z         {
2026-08-14T16:23:27.1753330Z           "ref": "dichromat",
2026-08-14T16:23:27.1753430Z           "type": "suggests",
2026-08-14T16:23:27.1753530Z           "package": "dichromat",
2026-08-14T16:23:27.1753610Z           "op": "",
2026-08-14T16:23:27.1753690Z           "version": ""
2026-08-14T16:23:27.1753760Z         },
2026-08-14T16:23:27.1753810Z         {
2026-08-14T16:23:27.1753900Z           "ref": "farver",
2026-08-14T16:23:27.1753990Z           "type": "imports",
2026-08-14T16:23:27.1754090Z           "package": "farver",
2026-08-14T16:23:27.1754170Z           "op": ">=",
2026-08-14T16:23:27.1754260Z           "version": "2.0.3"
2026-08-14T16:23:27.1754330Z         },
2026-08-14T16:23:27.1754380Z         {
2026-08-14T16:23:27.1754470Z           "ref": "ggplot2",
2026-08-14T16:23:27.1754570Z           "type": "suggests",
2026-08-14T16:23:27.1754670Z           "package": "ggplot2",
2026-08-14T16:23:27.1754740Z           "op": "",
2026-08-14T16:23:27.1754830Z           "version": ""
2026-08-14T16:23:27.1754890Z         },
2026-08-14T16:23:27.1754940Z         {
2026-08-14T16:23:27.1755030Z           "ref": "glue",
2026-08-14T16:23:27.1755120Z           "type": "imports",
2026-08-14T16:23:27.1755210Z           "package": "glue",
2026-08-14T16:23:27.1755290Z           "op": "",
2026-08-14T16:23:27.1755370Z           "version": ""
2026-08-14T16:23:27.1755430Z         },
2026-08-14T16:23:27.1755490Z         {
2026-08-14T16:23:27.1755570Z           "ref": "hms",
2026-08-14T16:23:27.1755660Z           "type": "suggests",
2026-08-14T16:23:27.1755760Z           "package": "hms",
2026-08-14T16:23:27.1755830Z           "op": ">=",
2026-08-14T16:23:27.1755930Z           "version": "0.5.0"
2026-08-14T16:23:27.1755990Z         },
2026-08-14T16:23:27.1756040Z         {
2026-08-14T16:23:27.1756140Z           "ref": "labeling",
2026-08-14T16:23:27.1756270Z           "type": "imports",
2026-08-14T16:23:27.1756380Z           "package": "labeling",
2026-08-14T16:23:27.1756460Z           "op": "",
2026-08-14T16:23:27.1756540Z           "version": ""
2026-08-14T16:23:27.1756600Z         },
2026-08-14T16:23:27.1756650Z         {
2026-08-14T16:23:27.1756750Z           "ref": "lifecycle",
2026-08-14T16:23:27.1756840Z           "type": "imports",
2026-08-14T16:23:27.1756950Z           "package": "lifecycle",
2026-08-14T16:23:27.1757020Z           "op": "",
2026-08-14T16:23:27.1757110Z           "version": ""
2026-08-14T16:23:27.1757170Z         },
2026-08-14T16:23:27.1757220Z         {
2026-08-14T16:23:27.1757300Z           "ref": "R",
2026-08-14T16:23:27.1757390Z           "type": "depends",
2026-08-14T16:23:27.1757480Z           "package": "R",
2026-08-14T16:23:27.1757560Z           "op": ">=",
2026-08-14T16:23:27.1757660Z           "version": "4.1"
2026-08-14T16:23:27.1757720Z         },
2026-08-14T16:23:27.1757770Z         {
2026-08-14T16:23:27.1757850Z           "ref": "R6",
2026-08-14T16:23:27.1757950Z           "type": "imports",
2026-08-14T16:23:27.1758040Z           "package": "R6",
2026-08-14T16:23:27.1758120Z           "op": "",
2026-08-14T16:23:27.1758200Z           "version": ""
2026-08-14T16:23:27.1758260Z         },
2026-08-14T16:23:27.1758310Z         {
2026-08-14T16:23:27.1758420Z           "ref": "RColorBrewer",
2026-08-14T16:23:27.1758510Z           "type": "imports",
2026-08-14T16:23:27.1758620Z           "package": "RColorBrewer",
2026-08-14T16:23:27.1758700Z           "op": "",
2026-08-14T16:23:27.1758780Z           "version": ""
2026-08-14T16:23:27.1758840Z         },
2026-08-14T16:23:27.1758890Z         {
2026-08-14T16:23:27.1758980Z           "ref": "rlang",
2026-08-14T16:23:27.1759070Z           "type": "imports",
2026-08-14T16:23:27.1759210Z           "package": "rlang",
2026-08-14T16:23:27.1759290Z           "op": ">=",
2026-08-14T16:23:27.1759390Z           "version": "1.1.0"
2026-08-14T16:23:27.1759450Z         },
2026-08-14T16:23:27.1759500Z         {
2026-08-14T16:23:27.1759590Z           "ref": "stringi",
2026-08-14T16:23:27.1759690Z           "type": "suggests",
2026-08-14T16:23:27.1759790Z           "package": "stringi",
2026-08-14T16:23:27.1759870Z           "op": "",
2026-08-14T16:23:27.1759950Z           "version": ""
2026-08-14T16:23:27.1760010Z         },
2026-08-14T16:23:27.1760060Z         {
2026-08-14T16:23:27.1760150Z           "ref": "testthat",
2026-08-14T16:23:27.1760250Z           "type": "suggests",
2026-08-14T16:23:27.1760350Z           "package": "testthat",
2026-08-14T16:23:27.1760430Z           "op": ">=",
2026-08-14T16:23:27.1760520Z           "version": "3.0.0"
2026-08-14T16:23:27.1760580Z         },
2026-08-14T16:23:27.1760640Z         {
2026-08-14T16:23:27.1760740Z           "ref": "viridisLite",
2026-08-14T16:23:27.1760830Z           "type": "imports",
2026-08-14T16:23:27.1760950Z           "package": "viridisLite",
2026-08-14T16:23:27.1761020Z           "op": "",
2026-08-14T16:23:27.1761110Z           "version": ""
2026-08-14T16:23:27.1761160Z         }
2026-08-14T16:23:27.1761210Z       ],
2026-08-14T16:23:27.1761300Z       "vignettes": false,
2026-08-14T16:23:27.1761410Z       "needscompilation": false,
2026-08-14T16:23:27.1761490Z       "metadata": {
2026-08-14T16:23:27.1761590Z         "RemoteType": "standard",
2026-08-14T16:23:27.1761700Z         "RemotePkgRef": "scales",
2026-08-14T16:23:27.1761800Z         "RemoteRef": "scales",
2026-08-14T16:23:27.1761950Z         "RemoteRepos": "https://cran.rstudio.com",
2026-08-14T16:23:27.1762110Z         "RemotePkgPlatform": "aarch64-apple-darwin23",
2026-08-14T16:23:27.1762210Z         "RemoteSha": "1.4.0"
2026-08-14T16:23:27.1762260Z       },
2026-08-14T16:23:27.1762880Z       "sources": ["https://cran.rstudio.com/bin/macosx/sonoma-arm64/contrib/4.6/scales_1.4.0.tgz", "https://mac.cran.dev/bin/macosx/sonoma-arm64/contrib/4.6/scales_1.4.0.tgz"],
2026-08-14T16:23:27.1763090Z       "target": "bin/macosx/sonoma-arm64/contrib/4.6/scales_1.4.0.tgz",
2026-08-14T16:23:27.1763270Z       "platform": "aarch64-apple-darwin23",
2026-08-14T16:23:27.1763360Z       "rversion": "4.6",
2026-08-14T16:23:27.1763530Z       "built": "R 4.6.0; ; 2026-04-25 23:14:37 UTC; unix",
2026-08-14T16:23:27.1763620Z       "directpkg": false,
2026-08-14T16:23:27.1763730Z       "license": "MIT + file LICENSE",
2026-08-14T16:23:27.1764020Z       "sha256": "\n        01e01385cff48008bac341c514e79506a9c4df6e9b2c026ab996726e37fb42f9",
2026-08-14T16:23:27.1764190Z       "dep_types": ["Depends", "Imports", "LinkingTo"],
2026-08-14T16:23:27.1764260Z       "params": [],
2026-08-14T16:23:27.1764350Z       "install_args": [],
2026-08-14T16:23:27.1764440Z       "repotype": "cran"
2026-08-14T16:23:27.1764480Z     },
2026-08-14T16:23:27.1764530Z     {
2026-08-14T16:23:27.1764610Z       "ref": "stringi",
2026-08-14T16:23:27.1764710Z       "package": "stringi",
2026-08-14T16:23:27.1764790Z       "version": "1.8.9",
2026-08-14T16:23:27.1764880Z       "type": "standard",
2026-08-14T16:23:27.1764970Z       "direct": false,
2026-08-14T16:23:27.1765050Z       "binary": true,
2026-08-14T16:23:27.1765140Z       "dependencies": [],
2026-08-14T16:23:27.1765210Z       "deps": [
2026-08-14T16:23:27.1765260Z         {
2026-08-14T16:23:27.1765340Z           "ref": "R",
2026-08-14T16:23:27.1765440Z           "type": "depends",
2026-08-14T16:23:27.1765520Z           "package": "R",
2026-08-14T16:23:27.1765600Z           "op": ">=",
2026-08-14T16:23:27.1765690Z           "version": "3.4"
2026-08-14T16:23:27.1765750Z         },
2026-08-14T16:23:27.1765810Z         {
2026-08-14T16:23:27.1765890Z           "ref": "stats",
2026-08-14T16:23:27.1765990Z           "type": "imports",
2026-08-14T16:23:27.1766080Z           "package": "stats",
2026-08-14T16:23:27.1766160Z           "op": "",
2026-08-14T16:23:27.1766240Z           "version": ""
2026-08-14T16:23:27.1766460Z         },
2026-08-14T16:23:27.1766520Z         {
2026-08-14T16:23:27.1766600Z           "ref": "tools",
2026-08-14T16:23:27.1766690Z           "type": "imports",
2026-08-14T16:23:27.1766790Z           "package": "tools",
2026-08-14T16:23:27.1766870Z           "op": "",
2026-08-14T16:23:27.1766960Z           "version": ""
2026-08-14T16:23:27.1767020Z         },
2026-08-14T16:23:27.1767070Z         {
2026-08-14T16:23:27.1767160Z           "ref": "utils",
2026-08-14T16:23:27.1767250Z           "type": "imports",
2026-08-14T16:23:27.1767350Z           "package": "utils",
2026-08-14T16:23:27.1767420Z           "op": "",
2026-08-14T16:23:27.1767510Z           "version": ""
2026-08-14T16:23:27.1767560Z         }
2026-08-14T16:23:27.1767610Z       ],
2026-08-14T16:23:27.1767700Z       "vignettes": false,
2026-08-14T16:23:27.1767800Z       "needscompilation": true,
2026-08-14T16:23:27.1767880Z       "metadata": {
2026-08-14T16:23:27.1767990Z         "RemoteType": "standard",
2026-08-14T16:23:27.1768100Z         "RemotePkgRef": "stringi",
2026-08-14T16:23:27.1768200Z         "RemoteRef": "stringi",
2026-08-14T16:23:27.1768350Z         "RemoteRepos": "https://cran.rstudio.com",
2026-08-14T16:23:27.1768520Z         "RemotePkgPlatform": "aarch64-apple-darwin23",
2026-08-14T16:23:27.1768610Z         "RemoteSha": "1.8.9"
2026-08-14T16:23:27.1768670Z       },
2026-08-14T16:23:27.1769280Z       "sources": ["https://cran.rstudio.com/bin/macosx/sonoma-arm64/contrib/4.6/stringi_1.8.9.tgz", "https://mac.cran.dev/bin/macosx/sonoma-arm64/contrib/4.6/stringi_1.8.9.tgz"],
2026-08-14T16:23:27.1769500Z       "target": "bin/macosx/sonoma-arm64/contrib/4.6/stringi_1.8.9.tgz",
2026-08-14T16:23:27.1769630Z       "platform": "aarch64-apple-darwin23",
2026-08-14T16:23:27.1769720Z       "rversion": "4.6",
2026-08-14T16:23:27.1769960Z       "built": "R 4.6.1; aarch64-apple-darwin23; 2026-08-04 18:11:06 UTC; unix",
2026-08-14T16:23:27.1770050Z       "directpkg": false,
2026-08-14T16:23:27.1770160Z       "license": "file LICENSE",
2026-08-14T16:23:27.1770440Z       "sha256": "\n        fd953068a1797b4ae35b7b6b479882c4692d946111a29908a1192a8f691222b3",
2026-08-14T16:23:27.1770650Z       "dep_types": ["Depends", "Imports", "LinkingTo"],
2026-08-14T16:23:27.1770730Z       "params": [],
2026-08-14T16:23:27.1770820Z       "install_args": [],
2026-08-14T16:23:27.1770910Z       "repotype": "cran"
2026-08-14T16:23:27.1770950Z     },
2026-08-14T16:23:27.1770990Z     {
2026-08-14T16:23:27.1771080Z       "ref": "stringr",
2026-08-14T16:23:27.1771170Z       "package": "stringr",
2026-08-14T16:23:27.1771260Z       "version": "1.6.0",
2026-08-14T16:23:27.1771350Z       "type": "standard",
2026-08-14T16:23:27.1771430Z       "direct": false,
2026-08-14T16:23:27.1771510Z       "binary": true,
2026-08-14T16:23:27.1771790Z       "dependencies": ["cli", "glue", "lifecycle", "magrittr", "rlang", "stringi", "vctrs"],
2026-08-14T16:23:27.1771860Z       "deps": [
2026-08-14T16:23:27.1771910Z         {
2026-08-14T16:23:27.1772000Z           "ref": "cli",
2026-08-14T16:23:27.1772090Z           "type": "imports",
2026-08-14T16:23:27.1772190Z           "package": "cli",
2026-08-14T16:23:27.1772260Z           "op": "",
2026-08-14T16:23:27.1772350Z           "version": ""
2026-08-14T16:23:27.1772410Z         },
2026-08-14T16:23:27.1772460Z         {
2026-08-14T16:23:27.1772550Z           "ref": "covr",
2026-08-14T16:23:27.1772640Z           "type": "suggests",
2026-08-14T16:23:27.1772740Z           "package": "covr",
2026-08-14T16:23:27.1772810Z           "op": "",
2026-08-14T16:23:27.1772900Z           "version": ""
2026-08-14T16:23:27.1772960Z         },
2026-08-14T16:23:27.1773010Z         {
2026-08-14T16:23:27.1773100Z           "ref": "dplyr",
2026-08-14T16:23:27.1773190Z           "type": "suggests",
2026-08-14T16:23:27.1773290Z           "package": "dplyr",
2026-08-14T16:23:27.1773360Z           "op": "",
2026-08-14T16:23:27.1773450Z           "version": ""
2026-08-14T16:23:27.1773510Z         },
2026-08-14T16:23:27.1773560Z         {
2026-08-14T16:23:27.1773690Z           "ref": "glue",
2026-08-14T16:23:27.1773780Z           "type": "imports",
2026-08-14T16:23:27.1773880Z           "package": "glue",
2026-08-14T16:23:27.1773960Z           "op": ">=",
2026-08-14T16:23:27.1774050Z           "version": "1.6.1"
2026-08-14T16:23:27.1774110Z         },
2026-08-14T16:23:27.1774160Z         {
2026-08-14T16:23:27.1774240Z           "ref": "gt",
2026-08-14T16:23:27.1774340Z           "type": "suggests",
2026-08-14T16:23:27.1774430Z           "package": "gt",
2026-08-14T16:23:27.1774510Z           "op": "",
2026-08-14T16:23:27.1774590Z           "version": ""
2026-08-14T16:23:27.1774650Z         },
2026-08-14T16:23:27.1774700Z         {
2026-08-14T16:23:27.1774800Z           "ref": "htmltools",
2026-08-14T16:23:27.1774890Z           "type": "suggests",
2026-08-14T16:23:27.1775000Z           "package": "htmltools",
2026-08-14T16:23:27.1775070Z           "op": "",
2026-08-14T16:23:27.1775160Z           "version": ""
2026-08-14T16:23:27.1775220Z         },
2026-08-14T16:23:27.1775270Z         {
2026-08-14T16:23:27.1775370Z           "ref": "htmlwidgets",
2026-08-14T16:23:27.1775470Z           "type": "suggests",
2026-08-14T16:23:27.1775580Z           "package": "htmlwidgets",
2026-08-14T16:23:27.1775650Z           "op": "",
2026-08-14T16:23:27.1775740Z           "version": ""
2026-08-14T16:23:27.1775800Z         },
2026-08-14T16:23:27.1775850Z         {
2026-08-14T16:23:27.1775940Z           "ref": "knitr",
2026-08-14T16:23:27.1776030Z           "type": "suggests",
2026-08-14T16:23:27.1776130Z           "package": "knitr",
2026-08-14T16:23:27.1776200Z           "op": "",
2026-08-14T16:23:27.1776280Z           "version": ""
2026-08-14T16:23:27.1776350Z         },
2026-08-14T16:23:27.1776400Z         {
2026-08-14T16:23:27.1776490Z           "ref": "lifecycle",
2026-08-14T16:23:27.1776590Z           "type": "imports",
2026-08-14T16:23:27.1776690Z           "package": "lifecycle",
2026-08-14T16:23:27.1776770Z           "op": ">=",
2026-08-14T16:23:27.1776860Z           "version": "1.0.3"
2026-08-14T16:23:27.1776930Z         },
2026-08-14T16:23:27.1776980Z         {
2026-08-14T16:23:27.1777070Z           "ref": "magrittr",
2026-08-14T16:23:27.1777230Z           "type": "imports",
2026-08-14T16:23:27.1777330Z           "package": "magrittr",
2026-08-14T16:23:27.1777410Z           "op": "",
2026-08-14T16:23:27.1777500Z           "version": ""
2026-08-14T16:23:27.1777560Z         },
2026-08-14T16:23:27.1777610Z         {
2026-08-14T16:23:27.1777690Z           "ref": "R",
2026-08-14T16:23:27.1777780Z           "type": "depends",
2026-08-14T16:23:27.1777870Z           "package": "R",
2026-08-14T16:23:27.1777950Z           "op": ">=",
2026-08-14T16:23:27.1778040Z           "version": "4.1.0"
2026-08-14T16:23:27.1778100Z         },
2026-08-14T16:23:27.1778160Z         {
2026-08-14T16:23:27.1778240Z           "ref": "rlang",
2026-08-14T16:23:27.1778330Z           "type": "imports",
2026-08-14T16:23:27.1778430Z           "package": "rlang",
2026-08-14T16:23:27.1778510Z           "op": ">=",
2026-08-14T16:23:27.1778600Z           "version": "1.0.0"
2026-08-14T16:23:27.1778670Z         },
2026-08-14T16:23:27.1778720Z         {
2026-08-14T16:23:27.1778810Z           "ref": "rmarkdown",
2026-08-14T16:23:27.1778910Z           "type": "suggests",
2026-08-14T16:23:27.1779020Z           "package": "rmarkdown",
2026-08-14T16:23:27.1779090Z           "op": "",
2026-08-14T16:23:27.1779180Z           "version": ""
2026-08-14T16:23:27.1779240Z         },
2026-08-14T16:23:27.1779290Z         {
2026-08-14T16:23:27.1779380Z           "ref": "stringi",
2026-08-14T16:23:27.1779480Z           "type": "imports",
2026-08-14T16:23:27.1779570Z           "package": "stringi",
2026-08-14T16:23:27.1779650Z           "op": ">=",
2026-08-14T16:23:27.1779740Z           "version": "1.5.3"
2026-08-14T16:23:27.1779810Z         },
2026-08-14T16:23:27.1779860Z         {
2026-08-14T16:23:27.1779950Z           "ref": "testthat",
2026-08-14T16:23:27.1780050Z           "type": "suggests",
2026-08-14T16:23:27.1780150Z           "package": "testthat",
2026-08-14T16:23:27.1780270Z           "op": ">=",
2026-08-14T16:23:27.1780370Z           "version": "3.0.0"
2026-08-14T16:23:27.1780430Z         },
2026-08-14T16:23:27.1780480Z         {
2026-08-14T16:23:27.1780570Z           "ref": "tibble",
2026-08-14T16:23:27.1780670Z           "type": "suggests",
2026-08-14T16:23:27.1780770Z           "package": "tibble",
2026-08-14T16:23:27.1780840Z           "op": "",
2026-08-14T16:23:27.1780920Z           "version": ""
2026-08-14T16:23:27.1780990Z         },
2026-08-14T16:23:27.1781040Z         {
2026-08-14T16:23:27.1781130Z           "ref": "vctrs",
2026-08-14T16:23:27.1781220Z           "type": "imports",
2026-08-14T16:23:27.1781310Z           "package": "vctrs",
2026-08-14T16:23:27.1781390Z           "op": ">=",
2026-08-14T16:23:27.1783540Z           "version": "0.4.0"
2026-08-14T16:23:27.1783600Z         }
2026-08-14T16:23:27.1783650Z       ],
2026-08-14T16:23:27.1783740Z       "vignettes": false,
2026-08-14T16:23:27.1783850Z       "needscompilation": false,
2026-08-14T16:23:27.1783930Z       "metadata": {
2026-08-14T16:23:27.1784040Z         "RemoteType": "standard",
2026-08-14T16:23:27.1784150Z         "RemotePkgRef": "stringr",
2026-08-14T16:23:27.1784250Z         "RemoteRef": "stringr",
2026-08-14T16:23:27.1784410Z         "RemoteRepos": "https://cran.rstudio.com",
2026-08-14T16:23:27.1784570Z         "RemotePkgPlatform": "aarch64-apple-darwin23",
2026-08-14T16:23:27.1784660Z         "RemoteSha": "1.6.0"
2026-08-14T16:23:27.1784710Z       },
2026-08-14T16:23:27.1785330Z       "sources": ["https://cran.rstudio.com/bin/macosx/sonoma-arm64/contrib/4.6/stringr_1.6.0.tgz", "https://mac.cran.dev/bin/macosx/sonoma-arm64/contrib/4.6/stringr_1.6.0.tgz"],
2026-08-14T16:23:27.1785550Z       "target": "bin/macosx/sonoma-arm64/contrib/4.6/stringr_1.6.0.tgz",
2026-08-14T16:23:27.1785680Z       "platform": "aarch64-apple-darwin23",
2026-08-14T16:23:27.1785770Z       "rversion": "4.6",
2026-08-14T16:23:27.1785930Z       "built": "R 4.6.0; ; 2026-04-25 11:14:29 UTC; unix",
2026-08-14T16:23:27.1786020Z       "directpkg": false,
2026-08-14T16:23:27.1786140Z       "license": "MIT + file LICENSE",
2026-08-14T16:23:27.1786490Z       "sha256": "\n        18d978859add36d38d61787327a66710652691204b417954e9130e3a10ad5c45",
2026-08-14T16:23:27.1786660Z       "dep_types": ["Depends", "Imports", "LinkingTo"],
2026-08-14T16:23:27.1786740Z       "params": [],
2026-08-14T16:23:27.1786830Z       "install_args": [],
2026-08-14T16:23:27.1786920Z       "repotype": "cran"
2026-08-14T16:23:27.1786960Z     },
2026-08-14T16:23:27.1787010Z     {
2026-08-14T16:23:27.1787090Z       "ref": "tibble",
2026-08-14T16:23:27.1787180Z       "package": "tibble",
2026-08-14T16:23:27.1787270Z       "version": "3.3.1",
2026-08-14T16:23:27.1787350Z       "type": "standard",
2026-08-14T16:23:27.1787440Z       "direct": false,
2026-08-14T16:23:27.1787520Z       "binary": true,
2026-08-14T16:23:27.1787820Z       "dependencies": ["cli", "lifecycle", "magrittr", "pillar", "pkgconfig", "rlang", "vctrs"],
2026-08-14T16:23:27.1787890Z       "deps": [
2026-08-14T16:23:27.1787950Z         {
2026-08-14T16:23:27.1788030Z           "ref": "bench",
2026-08-14T16:23:27.1788130Z           "type": "suggests",
2026-08-14T16:23:27.1788230Z           "package": "bench",
2026-08-14T16:23:27.1788300Z           "op": "",
2026-08-14T16:23:27.1788390Z           "version": ""
2026-08-14T16:23:27.1788450Z         },
2026-08-14T16:23:27.1788500Z         {
2026-08-14T16:23:27.1788590Z           "ref": "bit64",
2026-08-14T16:23:27.1788680Z           "type": "suggests",
2026-08-14T16:23:27.1788780Z           "package": "bit64",
2026-08-14T16:23:27.1788850Z           "op": "",
2026-08-14T16:23:27.1788940Z           "version": ""
2026-08-14T16:23:27.1789000Z         },
2026-08-14T16:23:27.1789050Z         {
2026-08-14T16:23:27.1789130Z           "ref": "blob",
2026-08-14T16:23:27.1789230Z           "type": "suggests",
2026-08-14T16:23:27.1789320Z           "package": "blob",
2026-08-14T16:23:27.1789400Z           "op": "",
2026-08-14T16:23:27.1789530Z           "version": ""
2026-08-14T16:23:27.1789590Z         },
2026-08-14T16:23:27.1789640Z         {
2026-08-14T16:23:27.1789720Z           "ref": "brio",
2026-08-14T16:23:27.1789820Z           "type": "suggests",
2026-08-14T16:23:27.1789920Z           "package": "brio",
2026-08-14T16:23:27.1789990Z           "op": "",
2026-08-14T16:23:27.1790070Z           "version": ""
2026-08-14T16:23:27.1790140Z         },
2026-08-14T16:23:27.1790190Z         {
2026-08-14T16:23:27.1790280Z           "ref": "callr",
2026-08-14T16:23:27.1790370Z           "type": "suggests",
2026-08-14T16:23:27.1790470Z           "package": "callr",
2026-08-14T16:23:27.1790540Z           "op": "",
2026-08-14T16:23:27.1790620Z           "version": ""
2026-08-14T16:23:27.1790680Z         },
2026-08-14T16:23:27.1790740Z         {
2026-08-14T16:23:27.1790820Z           "ref": "cli",
2026-08-14T16:23:27.1790910Z           "type": "imports",
2026-08-14T16:23:27.1791010Z           "package": "cli",
2026-08-14T16:23:27.1791080Z           "op": "",
2026-08-14T16:23:27.1791170Z           "version": ""
2026-08-14T16:23:27.1791230Z         },
2026-08-14T16:23:27.1791280Z         {
2026-08-14T16:23:27.1791380Z           "ref": "DiagrammeR",
2026-08-14T16:23:27.1791480Z           "type": "suggests",
2026-08-14T16:23:27.1791660Z           "package": "DiagrammeR",
2026-08-14T16:23:27.1791760Z           "op": "",
2026-08-14T16:23:27.1791860Z           "version": ""
2026-08-14T16:23:27.1791930Z         },
2026-08-14T16:23:27.1791990Z         {
2026-08-14T16:23:27.1792080Z           "ref": "dplyr",
2026-08-14T16:23:27.1792180Z           "type": "suggests",
2026-08-14T16:23:27.1792270Z           "package": "dplyr",
2026-08-14T16:23:27.1792350Z           "op": "",
2026-08-14T16:23:27.1792430Z           "version": ""
2026-08-14T16:23:27.1792490Z         },
2026-08-14T16:23:27.1792540Z         {
2026-08-14T16:23:27.1792640Z           "ref": "evaluate",
2026-08-14T16:23:27.1792730Z           "type": "suggests",
2026-08-14T16:23:27.1792830Z           "package": "evaluate",
2026-08-14T16:23:27.1792910Z           "op": "",
2026-08-14T16:23:27.1792990Z           "version": ""
2026-08-14T16:23:27.1793060Z         },
2026-08-14T16:23:27.1793110Z         {
2026-08-14T16:23:27.1793260Z           "ref": "formattable",
2026-08-14T16:23:27.1793350Z           "type": "suggests",
2026-08-14T16:23:27.1793460Z           "package": "formattable",
2026-08-14T16:23:27.1793540Z           "op": "",
2026-08-14T16:23:27.1793620Z           "version": ""
2026-08-14T16:23:27.1793680Z         },
2026-08-14T16:23:27.1793740Z         {
2026-08-14T16:23:27.1793830Z           "ref": "ggplot2",
2026-08-14T16:23:27.1793920Z           "type": "suggests",
2026-08-14T16:23:27.1794020Z           "package": "ggplot2",
2026-08-14T16:23:27.1794100Z           "op": "",
2026-08-14T16:23:27.1794180Z           "version": ""
2026-08-14T16:23:27.1794240Z         },
2026-08-14T16:23:27.1794300Z         {
2026-08-14T16:23:27.1794380Z           "ref": "here",
2026-08-14T16:23:27.1794470Z           "type": "suggests",
2026-08-14T16:23:27.1794570Z           "package": "here",
2026-08-14T16:23:27.1794650Z           "op": "",
2026-08-14T16:23:27.1794730Z           "version": ""
2026-08-14T16:23:27.1794790Z         },
2026-08-14T16:23:27.1794850Z         {
2026-08-14T16:23:27.1794930Z           "ref": "hms",
2026-08-14T16:23:27.1795020Z           "type": "suggests",
2026-08-14T16:23:27.1795110Z           "package": "hms",
2026-08-14T16:23:27.1795190Z           "op": "",
2026-08-14T16:23:27.1795270Z           "version": ""
2026-08-14T16:23:27.1795330Z         },
2026-08-14T16:23:27.1795390Z         {
2026-08-14T16:23:27.1795480Z           "ref": "htmltools",
2026-08-14T16:23:27.1795570Z           "type": "suggests",
2026-08-14T16:23:27.1795680Z           "package": "htmltools",
2026-08-14T16:23:27.1795750Z           "op": "",
2026-08-14T16:23:27.1795840Z           "version": ""
2026-08-14T16:23:27.1795900Z         },
2026-08-14T16:23:27.1795950Z         {
2026-08-14T16:23:27.1796040Z           "ref": "knitr",
2026-08-14T16:23:27.1796210Z           "type": "suggests",
2026-08-14T16:23:27.1796300Z           "package": "knitr",
2026-08-14T16:23:27.1796370Z           "op": "",
2026-08-14T16:23:27.1796460Z           "version": ""
2026-08-14T16:23:27.1796520Z         },
2026-08-14T16:23:27.1796570Z         {
2026-08-14T16:23:27.1796670Z           "ref": "lifecycle",
2026-08-14T16:23:27.1796760Z           "type": "imports",
2026-08-14T16:23:27.1796870Z           "package": "lifecycle",
2026-08-14T16:23:27.1796950Z           "op": ">=",
2026-08-14T16:23:27.1797040Z           "version": "1.0.0"
2026-08-14T16:23:27.1797100Z         },
2026-08-14T16:23:27.1797150Z         {
2026-08-14T16:23:27.1797250Z           "ref": "lubridate",
2026-08-14T16:23:27.1797340Z           "type": "suggests",
2026-08-14T16:23:27.1797440Z           "package": "lubridate",
2026-08-14T16:23:27.1797520Z           "op": "",
2026-08-14T16:23:27.1797600Z           "version": ""
2026-08-14T16:23:27.1797670Z         },
2026-08-14T16:23:27.1797720Z         {
2026-08-14T16:23:27.1797820Z           "ref": "magrittr",
2026-08-14T16:23:27.1797910Z           "type": "imports",
2026-08-14T16:23:27.1798010Z           "package": "magrittr",
2026-08-14T16:23:27.1798090Z           "op": "",
2026-08-14T16:23:27.1798170Z           "version": ""
2026-08-14T16:23:27.1798240Z         },
2026-08-14T16:23:27.1798290Z         {
2026-08-14T16:23:27.1798380Z           "ref": "methods",
2026-08-14T16:23:27.1798470Z           "type": "imports",
2026-08-14T16:23:27.1798570Z           "package": "methods",
2026-08-14T16:23:27.1798650Z           "op": "",
2026-08-14T16:23:27.1798730Z           "version": ""
2026-08-14T16:23:27.1798790Z         },
2026-08-14T16:23:27.1798850Z         {
2026-08-14T16:23:27.1798950Z           "ref": "nycflights13",
2026-08-14T16:23:27.1799050Z           "type": "suggests",
2026-08-14T16:23:27.1799160Z           "package": "nycflights13",
2026-08-14T16:23:27.1799230Z           "op": "",
2026-08-14T16:23:27.1799320Z           "version": ""
2026-08-14T16:23:27.1799380Z         },
2026-08-14T16:23:27.1799430Z         {
2026-08-14T16:23:27.1799520Z           "ref": "pillar",
2026-08-14T16:23:27.1799610Z           "type": "imports",
2026-08-14T16:23:27.1799750Z           "package": "pillar",
2026-08-14T16:23:27.1799840Z           "op": ">=",
2026-08-14T16:23:27.1799930Z           "version": "1.8.1"
2026-08-14T16:23:27.1799990Z         },
2026-08-14T16:23:27.1800040Z         {
2026-08-14T16:23:27.1800140Z           "ref": "pkgconfig",
2026-08-14T16:23:27.1800230Z           "type": "imports",
2026-08-14T16:23:27.1800350Z           "package": "pkgconfig",
2026-08-14T16:23:27.1800420Z           "op": "",
2026-08-14T16:23:27.1800510Z           "version": ""
2026-08-14T16:23:27.1800570Z         },
2026-08-14T16:23:27.1800630Z         {
2026-08-14T16:23:27.1800720Z           "ref": "pkgload",
2026-08-14T16:23:27.1800820Z           "type": "suggests",
2026-08-14T16:23:27.1800920Z           "package": "pkgload",
2026-08-14T16:23:27.1801000Z           "op": "",
2026-08-14T16:23:27.1801090Z           "version": ""
2026-08-14T16:23:27.1801160Z         },
2026-08-14T16:23:27.1801210Z         {
2026-08-14T16:23:27.1801330Z           "ref": "purrr",
2026-08-14T16:23:27.1801450Z           "type": "suggests",
2026-08-14T16:23:27.1801570Z           "package": "purrr",
2026-08-14T16:23:27.1801670Z           "op": "",
2026-08-14T16:23:27.1801770Z           "version": ""
2026-08-14T16:23:27.1801840Z         },
2026-08-14T16:23:27.1801910Z         {
2026-08-14T16:23:27.1802010Z           "ref": "R",
2026-08-14T16:23:27.1802130Z           "type": "depends",
2026-08-14T16:23:27.1802250Z           "package": "R",
2026-08-14T16:23:27.1802350Z           "op": ">=",
2026-08-14T16:23:27.1802460Z           "version": "3.4.0"
2026-08-14T16:23:27.1802520Z         },
2026-08-14T16:23:27.1802580Z         {
2026-08-14T16:23:27.1802670Z           "ref": "rlang",
2026-08-14T16:23:27.1802790Z           "type": "imports",
2026-08-14T16:23:27.1802910Z           "package": "rlang",
2026-08-14T16:23:27.1803020Z           "op": ">=",
2026-08-14T16:23:27.1803270Z           "version": "1.0.2"
2026-08-14T16:23:27.1803350Z         },
2026-08-14T16:23:27.1803420Z         {
2026-08-14T16:23:27.1803540Z           "ref": "rmarkdown",
2026-08-14T16:23:27.1803650Z           "type": "suggests",
2026-08-14T16:23:27.1803780Z           "package": "rmarkdown",
2026-08-14T16:23:27.1803880Z           "op": "",
2026-08-14T16:23:27.1803990Z           "version": ""
2026-08-14T16:23:27.1804070Z         },
2026-08-14T16:23:27.1804140Z         {
2026-08-14T16:23:27.1804240Z           "ref": "stringi",
2026-08-14T16:23:27.1804360Z           "type": "suggests",
2026-08-14T16:23:27.1804490Z           "package": "stringi",
2026-08-14T16:23:27.1804590Z           "op": "",
2026-08-14T16:23:27.1804700Z           "version": ""
2026-08-14T16:23:27.1804790Z         },
2026-08-14T16:23:27.1804850Z         {
2026-08-14T16:23:27.1804950Z           "ref": "testthat",
2026-08-14T16:23:27.1805050Z           "type": "suggests",
2026-08-14T16:23:27.1805160Z           "package": "testthat",
2026-08-14T16:23:27.1805260Z           "op": ">=",
2026-08-14T16:23:27.1805380Z           "version": "3.0.2"
2026-08-14T16:23:27.1805470Z         },
2026-08-14T16:23:27.1805540Z         {
2026-08-14T16:23:27.1805660Z           "ref": "tidyr",
2026-08-14T16:23:27.1805770Z           "type": "suggests",
2026-08-14T16:23:27.1805860Z           "package": "tidyr",
2026-08-14T16:23:27.1805940Z           "op": "",
2026-08-14T16:23:27.1806030Z           "version": ""
2026-08-14T16:23:27.1806090Z         },
2026-08-14T16:23:27.1806140Z         {
2026-08-14T16:23:27.1806230Z           "ref": "utils",
2026-08-14T16:23:27.1806330Z           "type": "imports",
2026-08-14T16:23:27.1806430Z           "package": "utils",
2026-08-14T16:23:27.1806510Z           "op": "",
2026-08-14T16:23:27.1806620Z           "version": ""
2026-08-14T16:23:27.1806700Z         },
2026-08-14T16:23:27.1806760Z         {
2026-08-14T16:23:27.1806880Z           "ref": "vctrs",
2026-08-14T16:23:27.1807000Z           "type": "imports",
2026-08-14T16:23:27.1807100Z           "package": "vctrs",
2026-08-14T16:23:27.1807180Z           "op": ">=",
2026-08-14T16:23:27.1807300Z           "version": "0.5.0"
2026-08-14T16:23:27.1807590Z         },
2026-08-14T16:23:27.1807670Z         {
2026-08-14T16:23:27.1807760Z           "ref": "withr",
2026-08-14T16:23:27.1807860Z           "type": "suggests",
2026-08-14T16:23:27.1807960Z           "package": "withr",
2026-08-14T16:23:27.1808040Z           "op": "",
2026-08-14T16:23:27.1808130Z           "version": ""
2026-08-14T16:23:27.1808180Z         }
2026-08-14T16:23:27.1808240Z       ],
2026-08-14T16:23:27.1808330Z       "vignettes": false,
2026-08-14T16:23:27.1808440Z       "needscompilation": true,
2026-08-14T16:23:27.1808520Z       "metadata": {
2026-08-14T16:23:27.1808630Z         "RemoteType": "standard",
2026-08-14T16:23:27.1808760Z         "RemotePkgRef": "tibble",
2026-08-14T16:23:27.1808890Z         "RemoteRef": "tibble",
2026-08-14T16:23:27.1809090Z         "RemoteRepos": "https://cran.rstudio.com",
2026-08-14T16:23:27.1809260Z         "RemotePkgPlatform": "aarch64-apple-darwin23",
2026-08-14T16:23:27.1809360Z         "RemoteSha": "3.3.1"
2026-08-14T16:23:27.1809420Z       },
2026-08-14T16:23:27.1810080Z       "sources": ["https://cran.rstudio.com/bin/macosx/sonoma-arm64/contrib/4.6/tibble_3.3.1.tgz", "https://mac.cran.dev/bin/macosx/sonoma-arm64/contrib/4.6/tibble_3.3.1.tgz"],
2026-08-14T16:23:27.1810360Z       "target": "bin/macosx/sonoma-arm64/contrib/4.6/tibble_3.3.1.tgz",
2026-08-14T16:23:27.1810500Z       "platform": "aarch64-apple-darwin23",
2026-08-14T16:23:27.1810590Z       "rversion": "4.6",
2026-08-14T16:23:27.1810850Z       "built": "R 4.6.0; aarch64-apple-darwin23; 2026-04-26 05:14:40 UTC; unix",
2026-08-14T16:23:27.1810940Z       "directpkg": false,
2026-08-14T16:23:27.1811060Z       "license": "MIT + file LICENSE",
2026-08-14T16:23:27.1811360Z       "sha256": "\n        c18658af88dbd25005b083137679c67e2bb2768fdf0517ad90914d5aa14cb58e",
2026-08-14T16:23:27.1811590Z       "dep_types": ["Depends", "Imports", "LinkingTo"],
2026-08-14T16:23:27.1811730Z       "params": [],
2026-08-14T16:23:27.1811830Z       "install_args": [],
2026-08-14T16:23:27.1811920Z       "repotype": "cran"
2026-08-14T16:23:27.1811970Z     },
2026-08-14T16:23:27.1812010Z     {
2026-08-14T16:23:27.1812100Z       "ref": "tidyr",
2026-08-14T16:23:27.1812190Z       "package": "tidyr",
2026-08-14T16:23:27.1812280Z       "version": "1.3.2",
2026-08-14T16:23:27.1812370Z       "type": "standard",
2026-08-14T16:23:27.1812460Z       "direct": false,
2026-08-14T16:23:27.1812540Z       "binary": true,
2026-08-14T16:23:27.1812980Z       "dependencies": ["cli", "dplyr", "glue", "lifecycle", "magrittr", "purrr", "rlang", "stringr", "tibble", "tidyselect", "vctrs"],
2026-08-14T16:23:27.1813060Z       "deps": [
2026-08-14T16:23:27.1813110Z         {
2026-08-14T16:23:27.1813200Z           "ref": "cli",
2026-08-14T16:23:27.1813300Z           "type": "imports",
2026-08-14T16:23:27.1813400Z           "package": "cli",
2026-08-14T16:23:27.1813480Z           "op": ">=",
2026-08-14T16:23:27.1813580Z           "version": "3.4.1"
2026-08-14T16:23:27.1813640Z         },
2026-08-14T16:23:27.1813700Z         {
2026-08-14T16:23:27.1813790Z           "ref": "covr",
2026-08-14T16:23:27.1813890Z           "type": "suggests",
2026-08-14T16:23:27.1813980Z           "package": "covr",
2026-08-14T16:23:27.1814060Z           "op": "",
2026-08-14T16:23:27.1814150Z           "version": ""
2026-08-14T16:23:27.1814210Z         },
2026-08-14T16:23:27.1814270Z         {
2026-08-14T16:23:27.1814360Z           "ref": "cpp11",
2026-08-14T16:23:27.1814460Z           "type": "linkingto",
2026-08-14T16:23:27.1814570Z           "package": "cpp11",
2026-08-14T16:23:27.1814650Z           "op": ">=",
2026-08-14T16:23:27.1814740Z           "version": "0.4.0"
2026-08-14T16:23:27.1814810Z         },
2026-08-14T16:23:27.1814860Z         {
2026-08-14T16:23:27.1814970Z           "ref": "data.table",
2026-08-14T16:23:27.1815060Z           "type": "suggests",
2026-08-14T16:23:27.1815180Z           "package": "data.table",
2026-08-14T16:23:27.1815260Z           "op": "",
2026-08-14T16:23:27.1815350Z           "version": ""
2026-08-14T16:23:27.1815410Z         },
2026-08-14T16:23:27.1815510Z         {
2026-08-14T16:23:27.1815610Z           "ref": "dplyr",
2026-08-14T16:23:27.1815710Z           "type": "imports",
2026-08-14T16:23:27.1815810Z           "package": "dplyr",
2026-08-14T16:23:27.1815890Z           "op": ">=",
2026-08-14T16:23:27.1815980Z           "version": "1.1.0"
2026-08-14T16:23:27.1816050Z         },
2026-08-14T16:23:27.1816100Z         {
2026-08-14T16:23:27.1816190Z           "ref": "glue",
2026-08-14T16:23:27.1816290Z           "type": "imports",
2026-08-14T16:23:27.1816390Z           "package": "glue",
2026-08-14T16:23:27.1816460Z           "op": "",
2026-08-14T16:23:27.1816550Z           "version": ""
2026-08-14T16:23:27.1816620Z         },
2026-08-14T16:23:27.1816670Z         {
2026-08-14T16:23:27.1816760Z           "ref": "knitr",
2026-08-14T16:23:27.1816860Z           "type": "suggests",
2026-08-14T16:23:27.1816960Z           "package": "knitr",
2026-08-14T16:23:27.1817040Z           "op": "",
2026-08-14T16:23:27.1817120Z           "version": ""
2026-08-14T16:23:27.1817190Z         },
2026-08-14T16:23:27.1817240Z         {
2026-08-14T16:23:27.1817340Z           "ref": "lifecycle",
2026-08-14T16:23:27.1817440Z           "type": "imports",
2026-08-14T16:23:27.1817550Z           "package": "lifecycle",
2026-08-14T16:23:27.1817640Z           "op": ">=",
2026-08-14T16:23:27.1817730Z           "version": "1.0.3"
2026-08-14T16:23:27.1817800Z         },
2026-08-14T16:23:27.1817850Z         {
2026-08-14T16:23:27.1817950Z           "ref": "magrittr",
2026-08-14T16:23:27.1818040Z           "type": "imports",
2026-08-14T16:23:27.1818160Z           "package": "magrittr",
2026-08-14T16:23:27.1818230Z           "op": "",
2026-08-14T16:23:27.1818320Z           "version": ""
2026-08-14T16:23:27.1818380Z         },
2026-08-14T16:23:27.1818440Z         {
2026-08-14T16:23:27.1818580Z           "ref": "purrr",
2026-08-14T16:23:27.1818680Z           "type": "imports",
2026-08-14T16:23:27.1818780Z           "package": "purrr",
2026-08-14T16:23:27.1818860Z           "op": ">=",
2026-08-14T16:23:27.1818960Z           "version": "1.0.1"
2026-08-14T16:23:27.1819020Z         },
2026-08-14T16:23:27.1819080Z         {
2026-08-14T16:23:27.1819160Z           "ref": "R",
2026-08-14T16:23:27.1819260Z           "type": "depends",
2026-08-14T16:23:27.1819350Z           "package": "R",
2026-08-14T16:23:27.1819440Z           "op": ">=",
2026-08-14T16:23:27.1819530Z           "version": "4.1.0"
2026-08-14T16:23:27.1819590Z         },
2026-08-14T16:23:27.1819650Z         {
2026-08-14T16:23:27.1819740Z           "ref": "readr",
2026-08-14T16:23:27.1819840Z           "type": "suggests",
2026-08-14T16:23:27.1819940Z           "package": "readr",
2026-08-14T16:23:27.1820010Z           "op": "",
2026-08-14T16:23:27.1820100Z           "version": ""
2026-08-14T16:23:27.1820160Z         },
2026-08-14T16:23:27.1820220Z         {
2026-08-14T16:23:27.1820330Z           "ref": "repurrrsive",
2026-08-14T16:23:27.1820430Z           "type": "suggests",
2026-08-14T16:23:27.1820540Z           "package": "repurrrsive",
2026-08-14T16:23:27.1820630Z           "op": ">=",
2026-08-14T16:23:27.1820730Z           "version": "1.1.0"
2026-08-14T16:23:27.1820790Z         },
2026-08-14T16:23:27.1820850Z         {
2026-08-14T16:23:27.1820940Z           "ref": "rlang",
2026-08-14T16:23:27.1821040Z           "type": "imports",
2026-08-14T16:23:27.1821140Z           "package": "rlang",
2026-08-14T16:23:27.1821220Z           "op": ">=",
2026-08-14T16:23:27.1821320Z           "version": "1.1.1"
2026-08-14T16:23:27.1821380Z         },
2026-08-14T16:23:27.1821440Z         {
2026-08-14T16:23:27.1821540Z           "ref": "rmarkdown",
2026-08-14T16:23:27.1821630Z           "type": "suggests",
2026-08-14T16:23:27.1821740Z           "package": "rmarkdown",
2026-08-14T16:23:27.1821820Z           "op": "",
2026-08-14T16:23:27.1821910Z           "version": ""
2026-08-14T16:23:27.1821980Z         },
2026-08-14T16:23:27.1822040Z         {
2026-08-14T16:23:27.1822130Z           "ref": "stringr",
2026-08-14T16:23:27.1822280Z           "type": "imports",
2026-08-14T16:23:27.1822390Z           "package": "stringr",
2026-08-14T16:23:27.1822470Z           "op": ">=",
2026-08-14T16:23:27.1822570Z           "version": "1.5.0"
2026-08-14T16:23:27.1822640Z         },
2026-08-14T16:23:27.1822690Z         {
2026-08-14T16:23:27.1822780Z           "ref": "testthat",
2026-08-14T16:23:27.1822890Z           "type": "suggests",
2026-08-14T16:23:27.1822990Z           "package": "testthat",
2026-08-14T16:23:27.1823080Z           "op": ">=",
2026-08-14T16:23:27.1823170Z           "version": "3.0.0"
2026-08-14T16:23:27.1823240Z         },
2026-08-14T16:23:27.1823290Z         {
2026-08-14T16:23:27.1823390Z           "ref": "tibble",
2026-08-14T16:23:27.1823480Z           "type": "imports",
2026-08-14T16:23:27.1823590Z           "package": "tibble",
2026-08-14T16:23:27.1823670Z           "op": ">=",
2026-08-14T16:23:27.1823770Z           "version": "2.1.1"
2026-08-14T16:23:27.1823830Z         },
2026-08-14T16:23:27.1823890Z         {
2026-08-14T16:23:27.1823990Z           "ref": "tidyselect",
2026-08-14T16:23:27.1824090Z           "type": "imports",
2026-08-14T16:23:27.1824200Z           "package": "tidyselect",
2026-08-14T16:23:27.1824280Z           "op": ">=",
2026-08-14T16:23:27.1824380Z           "version": "1.2.1"
2026-08-14T16:23:27.1824440Z         },
2026-08-14T16:23:27.1824500Z         {
2026-08-14T16:23:27.1824590Z           "ref": "utils",
2026-08-14T16:23:27.1824680Z           "type": "imports",
2026-08-14T16:23:27.1824790Z           "package": "utils",
2026-08-14T16:23:27.1824890Z           "op": "",
2026-08-14T16:23:27.1825000Z           "version": ""
2026-08-14T16:23:27.1825080Z         },
2026-08-14T16:23:27.1825150Z         {
2026-08-14T16:23:27.1825260Z           "ref": "vctrs",
2026-08-14T16:23:27.1825350Z           "type": "imports",
2026-08-14T16:23:27.1825450Z           "package": "vctrs",
2026-08-14T16:23:27.1825620Z           "op": ">=",
2026-08-14T16:23:27.1825750Z           "version": "0.5.2"
2026-08-14T16:23:27.1825810Z         }
2026-08-14T16:23:27.1825890Z       ],
2026-08-14T16:23:27.1826010Z       "vignettes": false,
2026-08-14T16:23:27.1826120Z       "needscompilation": true,
2026-08-14T16:23:27.1826200Z       "metadata": {
2026-08-14T16:23:27.1826310Z         "RemoteType": "standard",
2026-08-14T16:23:27.1826420Z         "RemotePkgRef": "tidyr",
2026-08-14T16:23:27.1826520Z         "RemoteRef": "tidyr",
2026-08-14T16:23:27.1826680Z         "RemoteRepos": "https://cran.rstudio.com",
2026-08-14T16:23:27.1826860Z         "RemotePkgPlatform": "aarch64-apple-darwin23",
2026-08-14T16:23:27.1826980Z         "RemoteSha": "1.3.2"
2026-08-14T16:23:27.1827050Z       },
2026-08-14T16:23:27.1827730Z       "sources": ["https://cran.rstudio.com/bin/macosx/sonoma-arm64/contrib/4.6/tidyr_1.3.2.tgz", "https://mac.cran.dev/bin/macosx/sonoma-arm64/contrib/4.6/tidyr_1.3.2.tgz"],
2026-08-14T16:23:27.1827950Z       "target": "bin/macosx/sonoma-arm64/contrib/4.6/tidyr_1.3.2.tgz",
2026-08-14T16:23:27.1828090Z       "platform": "aarch64-apple-darwin23",
2026-08-14T16:23:27.1828180Z       "rversion": "4.6",
2026-08-14T16:23:27.1828430Z       "built": "R 4.6.0; aarch64-apple-darwin23; 2026-04-26 15:50:18 UTC; unix",
2026-08-14T16:23:27.1828520Z       "directpkg": false,
2026-08-14T16:23:27.1828640Z       "license": "MIT + file LICENSE",
2026-08-14T16:23:27.1828940Z       "sha256": "\n        b58265d41e70e04de1542257a279499d0b0ff91e3857289aeaf0f7ccb795e8c9",
2026-08-14T16:23:27.1829110Z       "dep_types": ["Depends", "Imports", "LinkingTo"],
2026-08-14T16:23:27.1829200Z       "params": [],
2026-08-14T16:23:27.1829310Z       "install_args": [],
2026-08-14T16:23:27.1829420Z       "repotype": "cran"
2026-08-14T16:23:27.1829470Z     },
2026-08-14T16:23:27.1829520Z     {
2026-08-14T16:23:27.1829620Z       "ref": "tidyselect",
2026-08-14T16:23:27.1829720Z       "package": "tidyselect",
2026-08-14T16:23:27.1829820Z       "version": "1.2.1",
2026-08-14T16:23:27.1829910Z       "type": "standard",
2026-08-14T16:23:27.1830000Z       "direct": false,
2026-08-14T16:23:27.1830130Z       "binary": true,
2026-08-14T16:23:27.1830380Z       "dependencies": ["cli", "glue", "lifecycle", "rlang", "vctrs", "withr"],
2026-08-14T16:23:27.1830460Z       "deps": [
2026-08-14T16:23:27.1830510Z         {
2026-08-14T16:23:27.1830600Z           "ref": "cli",
2026-08-14T16:23:27.1830700Z           "type": "imports",
2026-08-14T16:23:27.1830800Z           "package": "cli",
2026-08-14T16:23:27.1830880Z           "op": ">=",
2026-08-14T16:23:27.1830980Z           "version": "3.3.0"
2026-08-14T16:23:27.1831040Z         },
2026-08-14T16:23:27.1831100Z         {
2026-08-14T16:23:27.1831180Z           "ref": "covr",
2026-08-14T16:23:27.1831280Z           "type": "suggests",
2026-08-14T16:23:27.1831390Z           "package": "covr",
2026-08-14T16:23:27.1831500Z           "op": "",
2026-08-14T16:23:27.1831600Z           "version": ""
2026-08-14T16:23:27.1831760Z         },
2026-08-14T16:23:27.1831820Z         {
2026-08-14T16:23:27.1831920Z           "ref": "crayon",
2026-08-14T16:23:27.1832050Z           "type": "suggests",
2026-08-14T16:23:27.1832180Z           "package": "crayon",
2026-08-14T16:23:27.1832280Z           "op": "",
2026-08-14T16:23:27.1832380Z           "version": ""
2026-08-14T16:23:27.1832450Z         },
2026-08-14T16:23:27.1832500Z         {
2026-08-14T16:23:27.1832590Z           "ref": "dplyr",
2026-08-14T16:23:27.1835280Z           "type": "suggests",
2026-08-14T16:23:27.1835410Z           "package": "dplyr",
2026-08-14T16:23:27.1835490Z           "op": "",
2026-08-14T16:23:27.1835580Z           "version": ""
2026-08-14T16:23:27.1835640Z         },
2026-08-14T16:23:27.1835700Z         {
2026-08-14T16:23:27.1835780Z           "ref": "glue",
2026-08-14T16:23:27.1835890Z           "type": "imports",
2026-08-14T16:23:27.1835980Z           "package": "glue",
2026-08-14T16:23:27.1836070Z           "op": ">=",
2026-08-14T16:23:27.1836270Z           "version": "1.3.0"
2026-08-14T16:23:27.1836340Z         },
2026-08-14T16:23:27.1836390Z         {
2026-08-14T16:23:27.1836480Z           "ref": "knitr",
2026-08-14T16:23:27.1836580Z           "type": "suggests",
2026-08-14T16:23:27.1836680Z           "package": "knitr",
2026-08-14T16:23:27.1836760Z           "op": "",
2026-08-14T16:23:27.1836850Z           "version": ""
2026-08-14T16:23:27.1836910Z         },
2026-08-14T16:23:27.1836960Z         {
2026-08-14T16:23:27.1837060Z           "ref": "lifecycle",
2026-08-14T16:23:27.1837160Z           "type": "imports",
2026-08-14T16:23:27.1837270Z           "package": "lifecycle",
2026-08-14T16:23:27.1837350Z           "op": ">=",
2026-08-14T16:23:27.1837440Z           "version": "1.0.3"
2026-08-14T16:23:27.1837510Z         },
2026-08-14T16:23:27.1837560Z         {
2026-08-14T16:23:27.1837660Z           "ref": "magrittr",
2026-08-14T16:23:27.1837760Z           "type": "suggests",
2026-08-14T16:23:27.1837860Z           "package": "magrittr",
2026-08-14T16:23:27.1837950Z           "op": "",
2026-08-14T16:23:27.1838030Z           "version": ""
2026-08-14T16:23:27.1838100Z         },
2026-08-14T16:23:27.1838150Z         {
2026-08-14T16:23:27.1838230Z           "ref": "R",
2026-08-14T16:23:27.1838330Z           "type": "depends",
2026-08-14T16:23:27.1838420Z           "package": "R",
2026-08-14T16:23:27.1838500Z           "op": ">=",
2026-08-14T16:23:27.1838600Z           "version": "3.4"
2026-08-14T16:23:27.1838660Z         },
2026-08-14T16:23:27.1838720Z         {
2026-08-14T16:23:27.1838810Z           "ref": "rlang",
2026-08-14T16:23:27.1838900Z           "type": "imports",
2026-08-14T16:23:27.1839000Z           "package": "rlang",
2026-08-14T16:23:27.1839080Z           "op": ">=",
2026-08-14T16:23:27.1839180Z           "version": "1.0.4"
2026-08-14T16:23:27.1839240Z         },
2026-08-14T16:23:27.1839300Z         {
2026-08-14T16:23:27.1839400Z           "ref": "rmarkdown",
2026-08-14T16:23:27.1839490Z           "type": "suggests",
2026-08-14T16:23:27.1839600Z           "package": "rmarkdown",
2026-08-14T16:23:27.1839680Z           "op": "",
2026-08-14T16:23:27.1839770Z           "version": ""
2026-08-14T16:23:27.1839830Z         },
2026-08-14T16:23:27.1839960Z         {
2026-08-14T16:23:27.1840060Z           "ref": "stringr",
2026-08-14T16:23:27.1840160Z           "type": "suggests",
2026-08-14T16:23:27.1840260Z           "package": "stringr",
2026-08-14T16:23:27.1840340Z           "op": "",
2026-08-14T16:23:27.1840430Z           "version": ""
2026-08-14T16:23:27.1840490Z         },
2026-08-14T16:23:27.1840550Z         {
2026-08-14T16:23:27.1840640Z           "ref": "testthat",
2026-08-14T16:23:27.1840740Z           "type": "suggests",
2026-08-14T16:23:27.1840850Z           "package": "testthat",
2026-08-14T16:23:27.1840930Z           "op": ">=",
2026-08-14T16:23:27.1841030Z           "version": "3.1.1"
2026-08-14T16:23:27.1841090Z         },
2026-08-14T16:23:27.1841150Z         {
2026-08-14T16:23:27.1841240Z           "ref": "tibble",
2026-08-14T16:23:27.1841350Z           "type": "suggests",
2026-08-14T16:23:27.1841450Z           "package": "tibble",
2026-08-14T16:23:27.1841530Z           "op": ">=",
2026-08-14T16:23:27.1841630Z           "version": "2.1.3"
2026-08-14T16:23:27.1841690Z         },
2026-08-14T16:23:27.1841750Z         {
2026-08-14T16:23:27.1841840Z           "ref": "vctrs",
2026-08-14T16:23:27.1841930Z           "type": "imports",
2026-08-14T16:23:27.1842030Z           "package": "vctrs",
2026-08-14T16:23:27.1842110Z           "op": ">=",
2026-08-14T16:23:27.1842210Z           "version": "0.5.2"
2026-08-14T16:23:27.1842270Z         },
2026-08-14T16:23:27.1842330Z         {
2026-08-14T16:23:27.1842420Z           "ref": "withr",
2026-08-14T16:23:27.1842510Z           "type": "imports",
2026-08-14T16:23:27.1842610Z           "package": "withr",
2026-08-14T16:23:27.1842690Z           "op": "",
2026-08-14T16:23:27.1842780Z           "version": ""
2026-08-14T16:23:27.1842830Z         }
2026-08-14T16:23:27.1842880Z       ],
2026-08-14T16:23:27.1843030Z       "vignettes": false,
2026-08-14T16:23:27.1843140Z       "needscompilation": false,
2026-08-14T16:23:27.1843220Z       "metadata": {
2026-08-14T16:23:27.1843330Z         "RemoteType": "standard",
2026-08-14T16:23:27.1843450Z         "RemotePkgRef": "tidyselect",
2026-08-14T16:23:27.1843560Z         "RemoteRef": "tidyselect",
2026-08-14T16:23:27.1843720Z         "RemoteRepos": "https://cran.rstudio.com",
2026-08-14T16:23:27.1843890Z         "RemotePkgPlatform": "aarch64-apple-darwin23",
2026-08-14T16:23:27.1843990Z         "RemoteSha": "1.2.1"
2026-08-14T16:23:27.1844040Z       },
2026-08-14T16:23:27.1844710Z       "sources": ["https://cran.rstudio.com/bin/macosx/sonoma-arm64/contrib/4.6/tidyselect_1.2.1.tgz", "https://mac.cran.dev/bin/macosx/sonoma-arm64/contrib/4.6/tidyselect_1.2.1.tgz"],
2026-08-14T16:23:27.1844950Z       "target": "bin/macosx/sonoma-arm64/contrib/4.6/tidyselect_1.2.1.tgz",
2026-08-14T16:23:27.1845090Z       "platform": "aarch64-apple-darwin23",
2026-08-14T16:23:27.1845180Z       "rversion": "4.6",
2026-08-14T16:23:27.1845350Z       "built": "R 4.6.0; ; 2026-04-26 02:19:10 UTC; unix",
2026-08-14T16:23:27.1845450Z       "directpkg": false,
2026-08-14T16:23:27.1845570Z       "license": "MIT + file LICENSE",
2026-08-14T16:23:27.1845870Z       "sha256": "\n        64d91f5013e5f0c505addd4061b901b81d51a278b8e9f2b5bcd6f4178de30e1f",
2026-08-14T16:23:27.1846040Z       "dep_types": ["Depends", "Imports", "LinkingTo"],
2026-08-14T16:23:27.1846130Z       "params": [],
2026-08-14T16:23:27.1846230Z       "install_args": [],
2026-08-14T16:23:27.1846320Z       "repotype": "cran"
2026-08-14T16:23:27.1846360Z     },
2026-08-14T16:23:27.1846410Z     {
2026-08-14T16:23:27.1846490Z       "ref": "utf8",
2026-08-14T16:23:27.1846580Z       "package": "utf8",
2026-08-14T16:23:27.1846680Z       "version": "1.2.6",
2026-08-14T16:23:27.1846770Z       "type": "standard",
2026-08-14T16:23:27.1846860Z       "direct": false,
2026-08-14T16:23:27.1846940Z       "binary": true,
2026-08-14T16:23:27.1847030Z       "dependencies": [],
2026-08-14T16:23:27.1847110Z       "deps": [
2026-08-14T16:23:27.1847170Z         {
2026-08-14T16:23:27.1847260Z           "ref": "cli",
2026-08-14T16:23:27.1847440Z           "type": "suggests",
2026-08-14T16:23:27.1847560Z           "package": "cli",
2026-08-14T16:23:27.1847650Z           "op": "",
2026-08-14T16:23:27.1847760Z           "version": ""
2026-08-14T16:23:27.1847840Z         },
2026-08-14T16:23:27.1847910Z         {
2026-08-14T16:23:27.1848020Z           "ref": "covr",
2026-08-14T16:23:27.1848140Z           "type": "suggests",
2026-08-14T16:23:27.1848230Z           "package": "covr",
2026-08-14T16:23:27.1848320Z           "op": "",
2026-08-14T16:23:27.1848420Z           "version": ""
2026-08-14T16:23:27.1848500Z         },
2026-08-14T16:23:27.1848560Z         {
2026-08-14T16:23:27.1848660Z           "ref": "knitr",
2026-08-14T16:23:27.1848760Z           "type": "suggests",
2026-08-14T16:23:27.1848860Z           "package": "knitr",
2026-08-14T16:23:27.1848940Z           "op": "",
2026-08-14T16:23:27.1849030Z           "version": ""
2026-08-14T16:23:27.1849110Z         },
2026-08-14T16:23:27.1849180Z         {
2026-08-14T16:23:27.1849270Z           "ref": "R",
2026-08-14T16:23:27.1849390Z           "type": "depends",
2026-08-14T16:23:27.1849490Z           "package": "R",
2026-08-14T16:23:27.1849570Z           "op": ">=",
2026-08-14T16:23:27.1849660Z           "version": "2.10"
2026-08-14T16:23:27.1849730Z         },
2026-08-14T16:23:27.1849780Z         {
2026-08-14T16:23:27.1849870Z           "ref": "rlang",
2026-08-14T16:23:27.1849970Z           "type": "suggests",
2026-08-14T16:23:27.1850070Z           "package": "rlang",
2026-08-14T16:23:27.1850150Z           "op": "",
2026-08-14T16:23:27.1850240Z           "version": ""
2026-08-14T16:23:27.1850310Z         },
2026-08-14T16:23:27.1850360Z         {
2026-08-14T16:23:27.1850460Z           "ref": "rmarkdown",
2026-08-14T16:23:27.1850560Z           "type": "suggests",
2026-08-14T16:23:27.1850690Z           "package": "rmarkdown",
2026-08-14T16:23:27.1850830Z           "op": "",
2026-08-14T16:23:27.1850940Z           "version": ""
2026-08-14T16:23:27.1851010Z         },
2026-08-14T16:23:27.1851070Z         {
2026-08-14T16:23:27.1851170Z           "ref": "testthat",
2026-08-14T16:23:27.1851260Z           "type": "suggests",
2026-08-14T16:23:27.1851370Z           "package": "testthat",
2026-08-14T16:23:27.1851480Z           "op": ">=",
2026-08-14T16:23:27.1851590Z           "version": "3.0.0"
2026-08-14T16:23:27.1851670Z         },
2026-08-14T16:23:27.1851740Z         {
2026-08-14T16:23:27.1851850Z           "ref": "withr",
2026-08-14T16:23:27.1851960Z           "type": "suggests",
2026-08-14T16:23:27.1852080Z           "package": "withr",
2026-08-14T16:23:27.1852180Z           "op": "",
2026-08-14T16:23:27.1852290Z           "version": ""
2026-08-14T16:23:27.1852360Z         }
2026-08-14T16:23:27.1852420Z       ],
2026-08-14T16:23:27.1852520Z       "vignettes": false,
2026-08-14T16:23:27.1852630Z       "needscompilation": true,
2026-08-14T16:23:27.1852710Z       "metadata": {
2026-08-14T16:23:27.1852820Z         "RemoteType": "standard",
2026-08-14T16:23:27.1852930Z         "RemotePkgRef": "utf8",
2026-08-14T16:23:27.1853030Z         "RemoteRef": "utf8",
2026-08-14T16:23:27.1853200Z         "RemoteRepos": "https://cran.rstudio.com",
2026-08-14T16:23:27.1853370Z         "RemotePkgPlatform": "aarch64-apple-darwin23",
2026-08-14T16:23:27.1853480Z         "RemoteSha": "1.2.6"
2026-08-14T16:23:27.1853530Z       },
2026-08-14T16:23:27.1854160Z       "sources": ["https://cran.rstudio.com/bin/macosx/sonoma-arm64/contrib/4.6/utf8_1.2.6.tgz", "https://mac.cran.dev/bin/macosx/sonoma-arm64/contrib/4.6/utf8_1.2.6.tgz"],
2026-08-14T16:23:27.1854380Z       "target": "bin/macosx/sonoma-arm64/contrib/4.6/utf8_1.2.6.tgz",
2026-08-14T16:23:27.1854530Z       "platform": "aarch64-apple-darwin23",
2026-08-14T16:23:27.1854620Z       "rversion": "4.6",
2026-08-14T16:23:27.1854870Z       "built": "R 4.6.0; aarch64-apple-darwin23; 2026-04-25 15:41:06 UTC; unix",
2026-08-14T16:23:27.1854960Z       "directpkg": false,
2026-08-14T16:23:27.1855140Z       "license": "Apache License (== 2.0) | file LICENSE",
2026-08-14T16:23:27.1855500Z       "sha256": "\n        1427d3a0fbdc0f38ded6ab6227f4c4f5fa6cf0219977d9fafd38f5e6249000f1",
2026-08-14T16:23:27.1855680Z       "dep_types": ["Depends", "Imports", "LinkingTo"],
2026-08-14T16:23:27.1855760Z       "params": [],
2026-08-14T16:23:27.1855850Z       "install_args": [],
2026-08-14T16:23:27.1855950Z       "repotype": "cran"
2026-08-14T16:23:27.1855990Z     },
2026-08-14T16:23:27.1856040Z     {
2026-08-14T16:23:27.1856120Z       "ref": "vctrs",
2026-08-14T16:23:27.1856220Z       "package": "vctrs",
2026-08-14T16:23:27.1856310Z       "version": "0.7.3",
2026-08-14T16:23:27.1856400Z       "type": "standard",
2026-08-14T16:23:27.1856490Z       "direct": false,
2026-08-14T16:23:27.1856580Z       "binary": true,
2026-08-14T16:23:27.1856770Z       "dependencies": ["cli", "glue", "lifecycle", "rlang"],
2026-08-14T16:23:27.1856850Z       "deps": [
2026-08-14T16:23:27.1856910Z         {
2026-08-14T16:23:27.1857000Z           "ref": "bit64",
2026-08-14T16:23:27.1857110Z           "type": "suggests",
2026-08-14T16:23:27.1857210Z           "package": "bit64",
2026-08-14T16:23:27.1857290Z           "op": "",
2026-08-14T16:23:27.1857380Z           "version": ""
2026-08-14T16:23:27.1857450Z         },
2026-08-14T16:23:27.1857510Z         {
2026-08-14T16:23:27.1857590Z           "ref": "cli",
2026-08-14T16:23:27.1857690Z           "type": "imports",
2026-08-14T16:23:27.1857790Z           "package": "cli",
2026-08-14T16:23:27.1857870Z           "op": ">=",
2026-08-14T16:23:27.1857970Z           "version": "3.4.0"
2026-08-14T16:23:27.1858040Z         },
2026-08-14T16:23:27.1858100Z         {
2026-08-14T16:23:27.1858180Z           "ref": "covr",
2026-08-14T16:23:27.1858290Z           "type": "suggests",
2026-08-14T16:23:27.1858390Z           "package": "covr",
2026-08-14T16:23:27.1858470Z           "op": "",
2026-08-14T16:23:27.1858550Z           "version": ""
2026-08-14T16:23:27.1858690Z         },
2026-08-14T16:23:27.1858750Z         {
2026-08-14T16:23:27.1858840Z           "ref": "crayon",
2026-08-14T16:23:27.1858940Z           "type": "suggests",
2026-08-14T16:23:27.1859060Z           "package": "crayon",
2026-08-14T16:23:27.1859140Z           "op": "",
2026-08-14T16:23:27.1859230Z           "version": ""
2026-08-14T16:23:27.1859300Z         },
2026-08-14T16:23:27.1859350Z         {
2026-08-14T16:23:27.1859450Z           "ref": "dplyr",
2026-08-14T16:23:27.1859550Z           "type": "suggests",
2026-08-14T16:23:27.1859650Z           "package": "dplyr",
2026-08-14T16:23:27.1859740Z           "op": ">=",
2026-08-14T16:23:27.1859830Z           "version": "0.8.5"
2026-08-14T16:23:27.1859900Z         },
2026-08-14T16:23:27.1859950Z         {
2026-08-14T16:23:27.1860050Z           "ref": "generics",
2026-08-14T16:23:27.1860160Z           "type": "suggests",
2026-08-14T16:23:27.1860260Z           "package": "generics",
2026-08-14T16:23:27.1860340Z           "op": "",
2026-08-14T16:23:27.1860440Z           "version": ""
2026-08-14T16:23:27.1860500Z         },
2026-08-14T16:23:27.1860560Z         {
2026-08-14T16:23:27.1860660Z           "ref": "glue",
2026-08-14T16:23:27.1860760Z           "type": "imports",
2026-08-14T16:23:27.1860860Z           "package": "glue",
2026-08-14T16:23:27.1860950Z           "op": "",
2026-08-14T16:23:27.1861040Z           "version": ""
2026-08-14T16:23:27.1861100Z         },
2026-08-14T16:23:27.1861160Z         {
2026-08-14T16:23:27.1861260Z           "ref": "knitr",
2026-08-14T16:23:27.1861360Z           "type": "suggests",
2026-08-14T16:23:27.1861460Z           "package": "knitr",
2026-08-14T16:23:27.1861540Z           "op": "",
2026-08-14T16:23:27.1861630Z           "version": ""
2026-08-14T16:23:27.1861690Z         },
2026-08-14T16:23:27.1861750Z         {
2026-08-14T16:23:27.1861850Z           "ref": "lifecycle",
2026-08-14T16:23:27.1861950Z           "type": "imports",
2026-08-14T16:23:27.1862070Z           "package": "lifecycle",
2026-08-14T16:23:27.1862160Z           "op": ">=",
2026-08-14T16:23:27.1862250Z           "version": "1.0.3"
2026-08-14T16:23:27.1862320Z         },
2026-08-14T16:23:27.1862380Z         {
2026-08-14T16:23:27.1862520Z           "ref": "pillar",
2026-08-14T16:23:27.1862620Z           "type": "suggests",
2026-08-14T16:23:27.1862730Z           "package": "pillar",
2026-08-14T16:23:27.1862810Z           "op": ">=",
2026-08-14T16:23:27.1862910Z           "version": "1.4.4"
2026-08-14T16:23:27.1862980Z         },
2026-08-14T16:23:27.1863040Z         {
2026-08-14T16:23:27.1863140Z           "ref": "pkgdown",
2026-08-14T16:23:27.1863240Z           "type": "suggests",
2026-08-14T16:23:27.1863350Z           "package": "pkgdown",
2026-08-14T16:23:27.1863430Z           "op": ">=",
2026-08-14T16:23:27.1863530Z           "version": "2.0.1"
2026-08-14T16:23:27.1863600Z         },
2026-08-14T16:23:27.1863650Z         {
2026-08-14T16:23:27.1863740Z           "ref": "R",
2026-08-14T16:23:27.1863840Z           "type": "depends",
2026-08-14T16:23:27.1863940Z           "package": "R",
2026-08-14T16:23:27.1864030Z           "op": ">=",
2026-08-14T16:23:27.1864120Z           "version": "4.0.0"
2026-08-14T16:23:27.1864190Z         },
2026-08-14T16:23:27.1864240Z         {
2026-08-14T16:23:27.1864340Z           "ref": "rlang",
2026-08-14T16:23:27.1864440Z           "type": "imports",
2026-08-14T16:23:27.1864540Z           "package": "rlang",
2026-08-14T16:23:27.1864620Z           "op": ">=",
2026-08-14T16:23:27.1864720Z           "version": "1.1.7"
2026-08-14T16:23:27.1864780Z         },
2026-08-14T16:23:27.1864840Z         {
2026-08-14T16:23:27.1864930Z           "ref": "rmarkdown",
2026-08-14T16:23:27.1865030Z           "type": "suggests",
2026-08-14T16:23:27.1865140Z           "package": "rmarkdown",
2026-08-14T16:23:27.1865220Z           "op": "",
2026-08-14T16:23:27.1865310Z           "version": ""
2026-08-14T16:23:27.1865370Z         },
2026-08-14T16:23:27.1865430Z         {
2026-08-14T16:23:27.1865530Z           "ref": "testthat",
2026-08-14T16:23:27.1865680Z           "type": "suggests",
2026-08-14T16:23:27.1865800Z           "package": "testthat",
2026-08-14T16:23:27.1865880Z           "op": ">=",
2026-08-14T16:23:27.1865980Z           "version": "3.0.0"
2026-08-14T16:23:27.1866050Z         },
2026-08-14T16:23:27.1866100Z         {
2026-08-14T16:23:27.1866200Z           "ref": "tibble",
2026-08-14T16:23:27.1866300Z           "type": "suggests",
2026-08-14T16:23:27.1866410Z           "package": "tibble",
2026-08-14T16:23:27.1866500Z           "op": ">=",
2026-08-14T16:23:27.1866600Z           "version": "3.1.3"
2026-08-14T16:23:27.1866670Z         },
2026-08-14T16:23:27.1866720Z         {
2026-08-14T16:23:27.1866820Z           "ref": "waldo",
2026-08-14T16:23:27.1866920Z           "type": "suggests",
2026-08-14T16:23:27.1867020Z           "package": "waldo",
2026-08-14T16:23:27.1867110Z           "op": ">=",
2026-08-14T16:23:27.1867210Z           "version": "0.2.0"
2026-08-14T16:23:27.1867280Z         },
2026-08-14T16:23:27.1867330Z         {
2026-08-14T16:23:27.1867430Z           "ref": "withr",
2026-08-14T16:23:27.1867530Z           "type": "suggests",
2026-08-14T16:23:27.1867630Z           "package": "withr",
2026-08-14T16:23:27.1867710Z           "op": "",
2026-08-14T16:23:27.1867810Z           "version": ""
2026-08-14T16:23:27.1867870Z         },
2026-08-14T16:23:27.1867930Z         {
2026-08-14T16:23:27.1868020Z           "ref": "xml2",
2026-08-14T16:23:27.1868110Z           "type": "suggests",
2026-08-14T16:23:27.1868230Z           "package": "xml2",
2026-08-14T16:23:27.1868320Z           "op": "",
2026-08-14T16:23:27.1868430Z           "version": ""
2026-08-14T16:23:27.1868500Z         },
2026-08-14T16:23:27.1868560Z         {
2026-08-14T16:23:27.1868680Z           "ref": "zeallot",
2026-08-14T16:23:27.1868800Z           "type": "suggests",
2026-08-14T16:23:27.1868930Z           "package": "zeallot",
2026-08-14T16:23:27.1869030Z           "op": "",
2026-08-14T16:23:27.1869110Z           "version": ""
2026-08-14T16:23:27.1869180Z         }
2026-08-14T16:23:27.1869250Z       ],
2026-08-14T16:23:27.1869370Z       "vignettes": false,
2026-08-14T16:23:27.1869500Z       "needscompilation": true,
2026-08-14T16:23:27.1869680Z       "metadata": {
2026-08-14T16:23:27.1869790Z         "RemoteType": "standard",
2026-08-14T16:23:27.1869910Z         "RemotePkgRef": "vctrs",
2026-08-14T16:23:27.1870010Z         "RemoteRef": "vctrs",
2026-08-14T16:23:27.1870170Z         "RemoteRepos": "https://cran.rstudio.com",
2026-08-14T16:23:27.1870340Z         "RemotePkgPlatform": "aarch64-apple-darwin23",
2026-08-14T16:23:27.1870440Z         "RemoteSha": "0.7.3"
2026-08-14T16:23:27.1870500Z       },
2026-08-14T16:23:27.1871120Z       "sources": ["https://cran.rstudio.com/bin/macosx/sonoma-arm64/contrib/4.6/vctrs_0.7.3.tgz", "https://mac.cran.dev/bin/macosx/sonoma-arm64/contrib/4.6/vctrs_0.7.3.tgz"],
2026-08-14T16:23:27.1871350Z       "target": "bin/macosx/sonoma-arm64/contrib/4.6/vctrs_0.7.3.tgz",
2026-08-14T16:23:27.1871480Z       "platform": "aarch64-apple-darwin23",
2026-08-14T16:23:27.1871580Z       "rversion": "4.6",
2026-08-14T16:23:27.1871960Z       "built": "R 4.6.0; aarch64-apple-darwin23; 2026-04-25 23:15:23 UTC; unix",
2026-08-14T16:23:27.1872120Z       "directpkg": false,
2026-08-14T16:23:27.1872240Z       "license": "MIT + file LICENSE",
2026-08-14T16:23:27.1872550Z       "sha256": "\n        be489b807f8e8353e24dc03ac411b9ee69fa420200550df37215c73e7450538c",
2026-08-14T16:23:27.1872760Z       "dep_types": ["Depends", "Imports", "LinkingTo"],
2026-08-14T16:23:27.1872870Z       "params": [],
2026-08-14T16:23:27.1872990Z       "install_args": [],
2026-08-14T16:23:27.1873080Z       "repotype": "cran"
2026-08-14T16:23:27.1873130Z     },
2026-08-14T16:23:27.1873170Z     {
2026-08-14T16:23:27.1873270Z       "ref": "viridisLite",
2026-08-14T16:23:27.1873370Z       "package": "viridisLite",
2026-08-14T16:23:27.1873460Z       "version": "0.4.3",
2026-08-14T16:23:27.1873550Z       "type": "standard",
2026-08-14T16:23:27.1873640Z       "direct": false,
2026-08-14T16:23:27.1873800Z       "binary": true,
2026-08-14T16:23:27.1873900Z       "dependencies": [],
2026-08-14T16:23:27.1873970Z       "deps": [
2026-08-14T16:23:27.1874030Z         {
2026-08-14T16:23:27.1874120Z           "ref": "covr",
2026-08-14T16:23:27.1874220Z           "type": "suggests",
2026-08-14T16:23:27.1874320Z           "package": "covr",
2026-08-14T16:23:27.1874400Z           "op": "",
2026-08-14T16:23:27.1874490Z           "version": ""
2026-08-14T16:23:27.1874550Z         },
2026-08-14T16:23:27.1874610Z         {
2026-08-14T16:23:27.1874700Z           "ref": "ggplot2",
2026-08-14T16:23:27.1874800Z           "type": "suggests",
2026-08-14T16:23:27.1874910Z           "package": "ggplot2",
2026-08-14T16:23:27.1874990Z           "op": ">=",
2026-08-14T16:23:27.1875090Z           "version": "1.0.1"
2026-08-14T16:23:27.1875150Z         },
2026-08-14T16:23:27.1875210Z         {
2026-08-14T16:23:27.1875310Z           "ref": "hexbin",
2026-08-14T16:23:27.1875420Z           "type": "suggests",
2026-08-14T16:23:27.1875550Z           "package": "hexbin",
2026-08-14T16:23:27.1875640Z           "op": ">=",
2026-08-14T16:23:27.1875740Z           "version": "1.27.0"
2026-08-14T16:23:27.1875810Z         },
2026-08-14T16:23:27.1875870Z         {
2026-08-14T16:23:27.1875960Z           "ref": "R",
2026-08-14T16:23:27.1876050Z           "type": "depends",
2026-08-14T16:23:27.1876150Z           "package": "R",
2026-08-14T16:23:27.1876230Z           "op": ">=",
2026-08-14T16:23:27.1876330Z           "version": "2.10"
2026-08-14T16:23:27.1876390Z         },
2026-08-14T16:23:27.1876440Z         {
2026-08-14T16:23:27.1876540Z           "ref": "testthat",
2026-08-14T16:23:27.1876640Z           "type": "suggests",
2026-08-14T16:23:27.1876750Z           "package": "testthat",
2026-08-14T16:23:27.1876830Z           "op": "",
2026-08-14T16:23:27.1876920Z           "version": ""
2026-08-14T16:23:27.1876970Z         }
2026-08-14T16:23:27.1877030Z       ],
2026-08-14T16:23:27.1877120Z       "vignettes": false,
2026-08-14T16:23:27.1877230Z       "needscompilation": false,
2026-08-14T16:23:27.1877310Z       "metadata": {
2026-08-14T16:23:27.1877420Z         "RemoteType": "standard",
2026-08-14T16:23:27.1877590Z         "RemotePkgRef": "viridisLite",
2026-08-14T16:23:27.1877710Z         "RemoteRef": "viridisLite",
2026-08-14T16:23:27.1877880Z         "RemoteRepos": "https://cran.rstudio.com",
2026-08-14T16:23:27.1878050Z         "RemotePkgPlatform": "aarch64-apple-darwin23",
2026-08-14T16:23:27.1878150Z         "RemoteSha": "0.4.3"
2026-08-14T16:23:27.1878200Z       },
2026-08-14T16:23:27.1878880Z       "sources": ["https://cran.rstudio.com/bin/macosx/sonoma-arm64/contrib/4.6/viridisLite_0.4.3.tgz", "https://mac.cran.dev/bin/macosx/sonoma-arm64/contrib/4.6/viridisLite_0.4.3.tgz"],
2026-08-14T16:23:27.1879120Z       "target": "bin/macosx/sonoma-arm64/contrib/4.6/viridisLite_0.4.3.tgz",
2026-08-14T16:23:27.1879260Z       "platform": "aarch64-apple-darwin23",
2026-08-14T16:23:27.1879350Z       "rversion": "4.6",
2026-08-14T16:23:27.1879520Z       "built": "R 4.6.0; ; 2026-04-25 15:40:19 UTC; unix",
2026-08-14T16:23:27.1879620Z       "directpkg": false,
2026-08-14T16:23:27.1879750Z       "license": "MIT + file LICENSE",
2026-08-14T16:23:27.1880060Z       "sha256": "\n        9c1f622eb7f9d2679d0ad25321fb85d438e39500e4c2455ff0bafeefc6df3620",
2026-08-14T16:23:27.1880220Z       "dep_types": ["Depends", "Imports", "LinkingTo"],
2026-08-14T16:23:27.1880310Z       "params": [],
2026-08-14T16:23:27.1880400Z       "install_args": [],
2026-08-14T16:23:27.1880500Z       "repotype": "cran"
2026-08-14T16:23:27.1880540Z     },
2026-08-14T16:23:27.1880590Z     {
2026-08-14T16:23:27.1880670Z       "ref": "withr",
2026-08-14T16:23:27.1880760Z       "package": "withr",
2026-08-14T16:23:27.1880850Z       "version": "3.0.3",
2026-08-14T16:23:27.1880950Z       "type": "standard",
2026-08-14T16:23:27.1881030Z       "direct": false,
2026-08-14T16:23:27.1881110Z       "binary": true,
2026-08-14T16:23:27.1881210Z       "dependencies": [],
2026-08-14T16:23:27.1881280Z       "deps": [
2026-08-14T16:23:27.1881380Z         {
2026-08-14T16:23:27.1881470Z           "ref": "callr",
2026-08-14T16:23:27.1881570Z           "type": "suggests",
2026-08-14T16:23:27.1881680Z           "package": "callr",
2026-08-14T16:23:27.1881760Z           "op": "",
2026-08-14T16:23:27.1881850Z           "version": ""
2026-08-14T16:23:27.1881910Z         },
2026-08-14T16:23:27.1881970Z         {
2026-08-14T16:23:27.1882050Z           "ref": "DBI",
2026-08-14T16:23:27.1882150Z           "type": "suggests",
2026-08-14T16:23:27.1882250Z           "package": "DBI",
2026-08-14T16:23:27.1882320Z           "op": "",
2026-08-14T16:23:27.1882420Z           "version": ""
2026-08-14T16:23:27.1882480Z         },
2026-08-14T16:23:27.1882530Z         {
2026-08-14T16:23:27.1882630Z           "ref": "graphics",
2026-08-14T16:23:27.1882730Z           "type": "imports",
2026-08-14T16:23:27.1882830Z           "package": "graphics",
2026-08-14T16:23:27.1882920Z           "op": "",
2026-08-14T16:23:27.1883000Z           "version": ""
2026-08-14T16:23:27.1883070Z         },
2026-08-14T16:23:27.1883120Z         {
2026-08-14T16:23:27.1883220Z           "ref": "grDevices",
2026-08-14T16:23:27.1883320Z           "type": "imports",
2026-08-14T16:23:27.1883430Z           "package": "grDevices",
2026-08-14T16:23:27.1883510Z           "op": "",
2026-08-14T16:23:27.1883600Z           "version": ""
2026-08-14T16:23:27.1883660Z         },
2026-08-14T16:23:27.1883720Z         {
2026-08-14T16:23:27.1883810Z           "ref": "knitr",
2026-08-14T16:23:27.1883910Z           "type": "suggests",
2026-08-14T16:23:27.1884000Z           "package": "knitr",
2026-08-14T16:23:27.1884090Z           "op": "",
2026-08-14T16:23:27.1884170Z           "version": ""
2026-08-14T16:23:27.1884240Z         },
2026-08-14T16:23:27.1884290Z         {
2026-08-14T16:23:27.1884400Z           "ref": "methods",
2026-08-14T16:23:27.1884530Z           "type": "suggests",
2026-08-14T16:23:27.1884650Z           "package": "methods",
2026-08-14T16:23:27.1884750Z           "op": "",
2026-08-14T16:23:27.1884850Z           "version": ""
2026-08-14T16:23:27.1884920Z         },
2026-08-14T16:23:27.1884970Z         {
2026-08-14T16:23:27.1885060Z           "ref": "R",
2026-08-14T16:23:27.1885200Z           "type": "depends",
2026-08-14T16:23:27.1885300Z           "package": "R",
2026-08-14T16:23:27.1885380Z           "op": ">=",
2026-08-14T16:23:27.1885480Z           "version": "3.6.0"
2026-08-14T16:23:27.1885540Z         },
2026-08-14T16:23:27.1885600Z         {
2026-08-14T16:23:27.1885690Z           "ref": "rlang",
2026-08-14T16:23:27.1888360Z           "type": "suggests",
2026-08-14T16:23:27.1888480Z           "package": "rlang",
2026-08-14T16:23:27.1888560Z           "op": "",
2026-08-14T16:23:27.1888640Z           "version": ""
2026-08-14T16:23:27.1888710Z         },
2026-08-14T16:23:27.1888760Z         {
2026-08-14T16:23:27.1888860Z           "ref": "rmarkdown",
2026-08-14T16:23:27.1888960Z           "type": "suggests",
2026-08-14T16:23:27.1889070Z           "package": "rmarkdown",
2026-08-14T16:23:27.1889150Z           "op": ">=",
2026-08-14T16:23:27.1889250Z           "version": "2.12"
2026-08-14T16:23:27.1889310Z         },
2026-08-14T16:23:27.1889370Z         {
2026-08-14T16:23:27.1889460Z           "ref": "RSQLite",
2026-08-14T16:23:27.1889560Z           "type": "suggests",
2026-08-14T16:23:27.1889670Z           "package": "RSQLite",
2026-08-14T16:23:27.1889740Z           "op": "",
2026-08-14T16:23:27.1889830Z           "version": ""
2026-08-14T16:23:27.1889900Z         },
2026-08-14T16:23:27.1889950Z         {
2026-08-14T16:23:27.1890050Z           "ref": "testthat",
2026-08-14T16:23:27.1890150Z           "type": "suggests",
2026-08-14T16:23:27.1890250Z           "package": "testthat",
2026-08-14T16:23:27.1890340Z           "op": ">=",
2026-08-14T16:23:27.1890430Z           "version": "3.0.0"
2026-08-14T16:23:27.1890490Z         }
2026-08-14T16:23:27.1890540Z       ],
2026-08-14T16:23:27.1890630Z       "vignettes": false,
2026-08-14T16:23:27.1890740Z       "needscompilation": false,
2026-08-14T16:23:27.1891060Z       "metadata": {
2026-08-14T16:23:27.1891170Z         "RemoteType": "standard",
2026-08-14T16:23:27.1891280Z         "RemotePkgRef": "withr",
2026-08-14T16:23:27.1891380Z         "RemoteRef": "withr",
2026-08-14T16:23:27.1891540Z         "RemoteRepos": "https://cran.rstudio.com",
2026-08-14T16:23:27.1891710Z         "RemotePkgPlatform": "aarch64-apple-darwin23",
2026-08-14T16:23:27.1891810Z         "RemoteSha": "3.0.3"
2026-08-14T16:23:27.1891870Z       },
2026-08-14T16:23:27.1892490Z       "sources": ["https://cran.rstudio.com/bin/macosx/sonoma-arm64/contrib/4.6/withr_3.0.3.tgz", "https://mac.cran.dev/bin/macosx/sonoma-arm64/contrib/4.6/withr_3.0.3.tgz"],
2026-08-14T16:23:27.1892710Z       "target": "bin/macosx/sonoma-arm64/contrib/4.6/withr_3.0.3.tgz",
2026-08-14T16:23:27.1892840Z       "platform": "aarch64-apple-darwin23",
2026-08-14T16:23:27.1892930Z       "rversion": "4.6",
2026-08-14T16:23:27.1893100Z       "built": "R 4.6.0; ; 2026-06-19 06:07:49 UTC; unix",
2026-08-14T16:23:27.1893200Z       "directpkg": false,
2026-08-14T16:23:27.1893320Z       "license": "MIT + file LICENSE",
2026-08-14T16:23:27.1893630Z       "sha256": "\n        275298ea7376cff75549f822d309b90ad8416812ceacef70011b25c2f2a02f67",
2026-08-14T16:23:27.1893790Z       "dep_types": ["Depends", "Imports", "LinkingTo"],
2026-08-14T16:23:27.1893880Z       "params": [],
2026-08-14T16:23:27.1893970Z       "install_args": [],
2026-08-14T16:23:27.1894060Z       "repotype": "cran"
2026-08-14T16:23:27.1894110Z     },
2026-08-14T16:23:27.1894150Z     {
2026-08-14T16:23:27.1894340Z       "ref": "any::sessioninfo",
2026-08-14T16:23:27.1894440Z       "package": "sessioninfo",
2026-08-14T16:23:27.1894530Z       "version": "1.2.4",
2026-08-14T16:23:27.1894610Z       "type": "any",
2026-08-14T16:23:27.1894700Z       "direct": true,
2026-08-14T16:23:27.1894780Z       "binary": true,
2026-08-14T16:23:27.1894880Z       "dependencies": ["cli"],
2026-08-14T16:23:27.1894960Z       "deps": [
2026-08-14T16:23:27.1895020Z         {
2026-08-14T16:23:27.1895110Z           "ref": "callr",
2026-08-14T16:23:27.1895210Z           "type": "suggests",
2026-08-14T16:23:27.1895310Z           "package": "callr",
2026-08-14T16:23:27.1895440Z           "op": "",
2026-08-14T16:23:27.1895530Z           "version": ""
2026-08-14T16:23:27.1895610Z         },
2026-08-14T16:23:27.1895680Z         {
2026-08-14T16:23:27.1895780Z           "ref": "cli",
2026-08-14T16:23:27.1895900Z           "type": "imports",
2026-08-14T16:23:27.1895990Z           "package": "cli",
2026-08-14T16:23:27.1896080Z           "op": ">=",
2026-08-14T16:23:27.1896180Z           "version": "3.1.0"
2026-08-14T16:23:27.1896260Z         },
2026-08-14T16:23:27.1896320Z         {
2026-08-14T16:23:27.1896430Z           "ref": "covr",
2026-08-14T16:23:27.1896540Z           "type": "suggests",
2026-08-14T16:23:27.1896640Z           "package": "covr",
2026-08-14T16:23:27.1896720Z           "op": "",
2026-08-14T16:23:27.1896810Z           "version": ""
2026-08-14T16:23:27.1896870Z         },
2026-08-14T16:23:27.1896930Z         {
2026-08-14T16:23:27.1897010Z           "ref": "gh",
2026-08-14T16:23:27.1897110Z           "type": "suggests",
2026-08-14T16:23:27.1897210Z           "package": "gh",
2026-08-14T16:23:27.1897290Z           "op": "",
2026-08-14T16:23:27.1897370Z           "version": ""
2026-08-14T16:23:27.1897440Z         },
2026-08-14T16:23:27.1897490Z         {
2026-08-14T16:23:27.1897580Z           "ref": "R",
2026-08-14T16:23:27.1897670Z           "type": "depends",
2026-08-14T16:23:27.1897770Z           "package": "R",
2026-08-14T16:23:27.1897850Z           "op": ">=",
2026-08-14T16:23:27.1897940Z           "version": "3.4"
2026-08-14T16:23:27.1898010Z         },
2026-08-14T16:23:27.1898060Z         {
2026-08-14T16:23:27.1898160Z           "ref": "reticulate",
2026-08-14T16:23:27.1898260Z           "type": "suggests",
2026-08-14T16:23:27.1898370Z           "package": "reticulate",
2026-08-14T16:23:27.1898450Z           "op": "",
2026-08-14T16:23:27.1898540Z           "version": ""
2026-08-14T16:23:27.1898650Z         },
2026-08-14T16:23:27.1898710Z         {
2026-08-14T16:23:27.1898810Z           "ref": "rmarkdown",
2026-08-14T16:23:27.1898910Z           "type": "suggests",
2026-08-14T16:23:27.1899020Z           "package": "rmarkdown",
2026-08-14T16:23:27.1899100Z           "op": "",
2026-08-14T16:23:27.1899190Z           "version": ""
2026-08-14T16:23:27.1899250Z         },
2026-08-14T16:23:27.1899310Z         {
2026-08-14T16:23:27.1899410Z           "ref": "testthat",
2026-08-14T16:23:27.1899500Z           "type": "suggests",
2026-08-14T16:23:27.1899610Z           "package": "testthat",
2026-08-14T16:23:27.1899690Z           "op": ">=",
2026-08-14T16:23:27.1899790Z           "version": "3.2.0"
2026-08-14T16:23:27.1899850Z         },
2026-08-14T16:23:27.1899910Z         {
2026-08-14T16:23:27.1900000Z           "ref": "tools",
2026-08-14T16:23:27.1900100Z           "type": "imports",
2026-08-14T16:23:27.1900200Z           "package": "tools",
2026-08-14T16:23:27.1900270Z           "op": "",
2026-08-14T16:23:27.1900360Z           "version": ""
2026-08-14T16:23:27.1900430Z         },
2026-08-14T16:23:27.1900480Z         {
2026-08-14T16:23:27.1900570Z           "ref": "utils",
2026-08-14T16:23:27.1900670Z           "type": "imports",
2026-08-14T16:23:27.1900770Z           "package": "utils",
2026-08-14T16:23:27.1900850Z           "op": "",
2026-08-14T16:23:27.1900940Z           "version": ""
2026-08-14T16:23:27.1901000Z         },
2026-08-14T16:23:27.1901050Z         {
2026-08-14T16:23:27.1901150Z           "ref": "withr",
2026-08-14T16:23:27.1901240Z           "type": "suggests",
2026-08-14T16:23:27.1901340Z           "package": "withr",
2026-08-14T16:23:27.1901420Z           "op": "",
2026-08-14T16:23:27.1901510Z           "version": ""
2026-08-14T16:23:27.1901570Z         }
2026-08-14T16:23:27.1901630Z       ],
2026-08-14T16:23:27.1901720Z       "vignettes": false,
2026-08-14T16:23:27.1901830Z       "needscompilation": false,
2026-08-14T16:23:27.1901910Z       "metadata": {
2026-08-14T16:23:27.1902010Z         "RemoteType": "any",
2026-08-14T16:23:27.1902150Z         "RemotePkgRef": "any::sessioninfo",
2026-08-14T16:23:27.1902280Z         "RemoteRef": "any::sessioninfo",
2026-08-14T16:23:27.1902510Z         "RemoteRepos": "https://cran.rstudio.com",
2026-08-14T16:23:27.1902680Z         "RemotePkgPlatform": "aarch64-apple-darwin23",
2026-08-14T16:23:27.1902790Z         "RemoteSha": "1.2.4"
2026-08-14T16:23:27.1902840Z       },
2026-08-14T16:23:27.1903530Z       "sources": ["https://cran.rstudio.com/bin/macosx/sonoma-arm64/contrib/4.6/sessioninfo_1.2.4.tgz", "https://mac.cran.dev/bin/macosx/sonoma-arm64/contrib/4.6/sessioninfo_1.2.4.tgz"],
2026-08-14T16:23:27.1903780Z       "target": "bin/macosx/sonoma-arm64/contrib/4.6/sessioninfo_1.2.4.tgz",
2026-08-14T16:23:27.1903920Z       "platform": "aarch64-apple-darwin23",
2026-08-14T16:23:27.1904000Z       "rversion": "4.6",
2026-08-14T16:23:27.1904180Z       "built": "R 4.6.0; ; 2026-06-04 14:24:20 UTC; unix",
2026-08-14T16:23:27.1904270Z       "directpkg": true,
2026-08-14T16:23:27.1904370Z       "license": "GPL-2",
2026-08-14T16:23:27.1904680Z       "sha256": "\n        57a2058416ac23ac913ccf531c4c31f868b5afafb3990fa9cc97bc12c601b447",
2026-08-14T16:23:27.1904850Z       "dep_types": ["Depends", "Imports", "LinkingTo"],
2026-08-14T16:23:27.1904940Z       "params": [],
2026-08-14T16:23:27.1905040Z       "install_args": [],
2026-08-14T16:23:27.1905130Z       "repotype": "cran"
2026-08-14T16:23:27.1905180Z     },
2026-08-14T16:23:27.1905220Z     {
2026-08-14T16:23:27.1905310Z       "ref": "callr",
2026-08-14T16:23:27.1905400Z       "package": "callr",
2026-08-14T16:23:27.1905490Z       "version": "3.8.0",
2026-08-14T16:23:27.1905590Z       "type": "standard",
2026-08-14T16:23:27.1905670Z       "direct": false,
2026-08-14T16:23:27.1905760Z       "binary": true,
2026-08-14T16:23:27.1905910Z       "dependencies": ["otel", "processx", "R6"],
2026-08-14T16:23:27.1905990Z       "deps": [
2026-08-14T16:23:27.1906050Z         {
2026-08-14T16:23:27.1906150Z           "ref": "asciicast",
2026-08-14T16:23:27.1906320Z           "type": "suggests",
2026-08-14T16:23:27.1906480Z           "package": "asciicast",
2026-08-14T16:23:27.1906580Z           "op": ">=",
2026-08-14T16:23:27.1906700Z           "version": "2.3.1"
2026-08-14T16:23:27.1906760Z         },
2026-08-14T16:23:27.1906820Z         {
2026-08-14T16:23:27.1906910Z           "ref": "carrier",
2026-08-14T16:23:27.1907020Z           "type": "suggests",
2026-08-14T16:23:27.1907150Z           "package": "carrier",
2026-08-14T16:23:27.1907240Z           "op": "",
2026-08-14T16:23:27.1907350Z           "version": ""
2026-08-14T16:23:27.1907440Z         },
2026-08-14T16:23:27.1907500Z         {
2026-08-14T16:23:27.1907580Z           "ref": "cli",
2026-08-14T16:23:27.1907680Z           "type": "suggests",
2026-08-14T16:23:27.1907780Z           "package": "cli",
2026-08-14T16:23:27.1907860Z           "op": ">=",
2026-08-14T16:23:27.1907960Z           "version": "1.1.0"
2026-08-14T16:23:27.1908020Z         },
2026-08-14T16:23:27.1908080Z         {
2026-08-14T16:23:27.1908170Z           "ref": "otel",
2026-08-14T16:23:27.1908270Z           "type": "imports",
2026-08-14T16:23:27.1908360Z           "package": "otel",
2026-08-14T16:23:27.1908450Z           "op": ">=",
2026-08-14T16:23:27.1908550Z           "version": "0.2.0"
2026-08-14T16:23:27.1908630Z         },
2026-08-14T16:23:27.1908700Z         {
2026-08-14T16:23:27.1908820Z           "ref": "otelsdk",
2026-08-14T16:23:27.1908950Z           "type": "suggests",
2026-08-14T16:23:27.1909050Z           "package": "otelsdk",
2026-08-14T16:23:27.1909130Z           "op": ">=",
2026-08-14T16:23:27.1909230Z           "version": "0.2.0"
2026-08-14T16:23:27.1909290Z         },
2026-08-14T16:23:27.1909350Z         {
2026-08-14T16:23:27.1909440Z           "ref": "processx",
2026-08-14T16:23:27.1909540Z           "type": "imports",
2026-08-14T16:23:27.1909650Z           "package": "processx",
2026-08-14T16:23:27.1909730Z           "op": ">=",
2026-08-14T16:23:27.1909820Z           "version": "3.6.1"
2026-08-14T16:23:27.1909890Z         },
2026-08-14T16:23:27.1909950Z         {
2026-08-14T16:23:27.1910040Z           "ref": "ps",
2026-08-14T16:23:27.1910140Z           "type": "suggests",
2026-08-14T16:23:27.1910280Z           "package": "ps",
2026-08-14T16:23:27.1910360Z           "op": "",
2026-08-14T16:23:27.1910450Z           "version": ""
2026-08-14T16:23:27.1910520Z         },
2026-08-14T16:23:27.1910580Z         {
2026-08-14T16:23:27.1910660Z           "ref": "R",
2026-08-14T16:23:27.1910760Z           "type": "depends",
2026-08-14T16:23:27.1910850Z           "package": "R",
2026-08-14T16:23:27.1910930Z           "op": ">=",
2026-08-14T16:23:27.1911030Z           "version": "3.4"
2026-08-14T16:23:27.1911090Z         },
2026-08-14T16:23:27.1911140Z         {
2026-08-14T16:23:27.1911230Z           "ref": "R6",
2026-08-14T16:23:27.1911330Z           "type": "imports",
2026-08-14T16:23:27.1911420Z           "package": "R6",
2026-08-14T16:23:27.1911560Z           "op": "",
2026-08-14T16:23:27.1911650Z           "version": ""
2026-08-14T16:23:27.1911720Z         },
2026-08-14T16:23:27.1911840Z         {
2026-08-14T16:23:27.1911960Z           "ref": "rprojroot",
2026-08-14T16:23:27.1912080Z           "type": "suggests",
2026-08-14T16:23:27.1912200Z           "package": "rprojroot",
2026-08-14T16:23:27.1912280Z           "op": "",
2026-08-14T16:23:27.1912370Z           "version": ""
2026-08-14T16:23:27.1912440Z         },
2026-08-14T16:23:27.1912490Z         {
2026-08-14T16:23:27.1912590Z           "ref": "spelling",
2026-08-14T16:23:27.1912690Z           "type": "suggests",
2026-08-14T16:23:27.1912800Z           "package": "spelling",
2026-08-14T16:23:27.1912880Z           "op": "",
2026-08-14T16:23:27.1912970Z           "version": ""
2026-08-14T16:23:27.1913040Z         },
2026-08-14T16:23:27.1913090Z         {
2026-08-14T16:23:27.1913180Z           "ref": "testthat",
2026-08-14T16:23:27.1913280Z           "type": "suggests",
2026-08-14T16:23:27.1913390Z           "package": "testthat",
2026-08-14T16:23:27.1913530Z           "op": ">=",
2026-08-14T16:23:27.1913630Z           "version": "3.2.0"
2026-08-14T16:23:27.1913700Z         },
2026-08-14T16:23:27.1913750Z         {
2026-08-14T16:23:27.1913840Z           "ref": "utils",
2026-08-14T16:23:27.1913940Z           "type": "imports",
2026-08-14T16:23:27.1914040Z           "package": "utils",
2026-08-14T16:23:27.1914120Z           "op": "",
2026-08-14T16:23:27.1914200Z           "version": ""
2026-08-14T16:23:27.1914270Z         },
2026-08-14T16:23:27.1914320Z         {
2026-08-14T16:23:27.1914410Z           "ref": "withr",
2026-08-14T16:23:27.1914510Z           "type": "suggests",
2026-08-14T16:23:27.1914610Z           "package": "withr",
2026-08-14T16:23:27.1914690Z           "op": ">=",
2026-08-14T16:23:27.1914790Z           "version": "2.3.0"
2026-08-14T16:23:27.1914840Z         }
2026-08-14T16:23:27.1914900Z       ],
2026-08-14T16:23:27.1914990Z       "vignettes": false,
2026-08-14T16:23:27.1915100Z       "needscompilation": false,
2026-08-14T16:23:27.1915180Z       "metadata": {
2026-08-14T16:23:27.1915290Z         "RemoteType": "standard",
2026-08-14T16:23:27.1915400Z         "RemotePkgRef": "callr",
2026-08-14T16:23:27.1915500Z         "RemoteRef": "callr",
2026-08-14T16:23:27.1915680Z         "RemoteRepos": "https://cran.rstudio.com",
2026-08-14T16:23:27.1915880Z         "RemotePkgPlatform": "aarch64-apple-darwin23",
2026-08-14T16:23:27.1915990Z         "RemoteSha": "3.8.0"
2026-08-14T16:23:27.1916050Z       },
2026-08-14T16:23:27.1916670Z       "sources": ["https://cran.rstudio.com/bin/macosx/sonoma-arm64/contrib/4.6/callr_3.8.0.tgz", "https://mac.cran.dev/bin/macosx/sonoma-arm64/contrib/4.6/callr_3.8.0.tgz"],
2026-08-14T16:23:27.1916890Z       "target": "bin/macosx/sonoma-arm64/contrib/4.6/callr_3.8.0.tgz",
2026-08-14T16:23:27.1917030Z       "platform": "aarch64-apple-darwin23",
2026-08-14T16:23:27.1917120Z       "rversion": "4.6",
2026-08-14T16:23:27.1917290Z       "built": "R 4.6.0; ; 2026-06-05 15:30:17 UTC; unix",
2026-08-14T16:23:27.1917400Z       "directpkg": false,
2026-08-14T16:23:27.1917540Z       "license": "MIT + file LICENSE",
2026-08-14T16:23:27.1917970Z       "sha256": "\n        4084d5a856ed7a068f8b04358cda8872abe637890a40f783cb7cd9dfb9467995",
2026-08-14T16:23:27.1918180Z       "dep_types": ["Depends", "Imports", "LinkingTo"],
2026-08-14T16:23:27.1918280Z       "params": [],
2026-08-14T16:23:27.1918360Z       "install_args": [],
2026-08-14T16:23:27.1918460Z       "repotype": "cran"
2026-08-14T16:23:27.1918500Z     },
2026-08-14T16:23:27.1918540Z     {
2026-08-14T16:23:27.1918620Z       "ref": "curl",
2026-08-14T16:23:27.1918710Z       "package": "curl",
2026-08-14T16:23:27.1918800Z       "version": "7.1.0",
2026-08-14T16:23:27.1918880Z       "type": "standard",
2026-08-14T16:23:27.1918960Z       "direct": false,
2026-08-14T16:23:27.1919040Z       "binary": true,
2026-08-14T16:23:27.1919140Z       "dependencies": [],
2026-08-14T16:23:27.1919200Z       "deps": [
2026-08-14T16:23:27.1919260Z         {
2026-08-14T16:23:27.1919350Z           "ref": "httpuv",
2026-08-14T16:23:27.1919450Z           "type": "suggests",
2026-08-14T16:23:27.1919550Z           "package": "httpuv",
2026-08-14T16:23:27.1919640Z           "op": ">=",
2026-08-14T16:23:27.1919730Z           "version": "1.4.4"
2026-08-14T16:23:27.1919790Z         },
2026-08-14T16:23:27.1919840Z         {
2026-08-14T16:23:27.1919940Z           "ref": "jsonlite",
2026-08-14T16:23:27.1920030Z           "type": "suggests",
2026-08-14T16:23:27.1920140Z           "package": "jsonlite",
2026-08-14T16:23:27.1920210Z           "op": "",
2026-08-14T16:23:27.1920300Z           "version": ""
2026-08-14T16:23:27.1920360Z         },
2026-08-14T16:23:27.1920410Z         {
2026-08-14T16:23:27.1920500Z           "ref": "knitr",
2026-08-14T16:23:27.1920590Z           "type": "suggests",
2026-08-14T16:23:27.1920680Z           "package": "knitr",
2026-08-14T16:23:27.1920760Z           "op": "",
2026-08-14T16:23:27.1920840Z           "version": ""
2026-08-14T16:23:27.1920910Z         },
2026-08-14T16:23:27.1920960Z         {
2026-08-14T16:23:27.1921120Z           "ref": "later",
2026-08-14T16:23:27.1921210Z           "type": "suggests",
2026-08-14T16:23:27.1921310Z           "package": "later",
2026-08-14T16:23:27.1921390Z           "op": "",
2026-08-14T16:23:27.1921470Z           "version": ""
2026-08-14T16:23:27.1921530Z         },
2026-08-14T16:23:27.1921580Z         {
2026-08-14T16:23:27.1921660Z           "ref": "R",
2026-08-14T16:23:27.1921760Z           "type": "depends",
2026-08-14T16:23:27.1921850Z           "package": "R",
2026-08-14T16:23:27.1921930Z           "op": ">=",
2026-08-14T16:23:27.1922020Z           "version": "3.0.0"
2026-08-14T16:23:27.1922080Z         },
2026-08-14T16:23:27.1922140Z         {
2026-08-14T16:23:27.1922230Z           "ref": "rmarkdown",
2026-08-14T16:23:27.1922320Z           "type": "suggests",
2026-08-14T16:23:27.1922430Z           "package": "rmarkdown",
2026-08-14T16:23:27.1922510Z           "op": "",
2026-08-14T16:23:27.1922590Z           "version": ""
2026-08-14T16:23:27.1922660Z         },
2026-08-14T16:23:27.1922710Z         {
2026-08-14T16:23:27.1922800Z           "ref": "spelling",
2026-08-14T16:23:27.1922900Z           "type": "suggests",
2026-08-14T16:23:27.1923000Z           "package": "spelling",
2026-08-14T16:23:27.1923080Z           "op": "",
2026-08-14T16:23:27.1923160Z           "version": ""
2026-08-14T16:23:27.1923220Z         },
2026-08-14T16:23:27.1923280Z         {
2026-08-14T16:23:27.1923370Z           "ref": "testthat",
2026-08-14T16:23:27.1923470Z           "type": "suggests",
2026-08-14T16:23:27.1923570Z           "package": "testthat",
2026-08-14T16:23:27.1923650Z           "op": ">=",
2026-08-14T16:23:27.1923740Z           "version": "1.0.0"
2026-08-14T16:23:27.1923800Z         },
2026-08-14T16:23:27.1923850Z         {
2026-08-14T16:23:27.1923940Z           "ref": "webutils",
2026-08-14T16:23:27.1924040Z           "type": "suggests",
2026-08-14T16:23:27.1924140Z           "package": "webutils",
2026-08-14T16:23:27.1924220Z           "op": "",
2026-08-14T16:23:27.1924310Z           "version": ""
2026-08-14T16:23:27.1924360Z         }
2026-08-14T16:23:27.1924410Z       ],
2026-08-14T16:23:27.1924500Z       "vignettes": false,
2026-08-14T16:23:27.1924650Z       "needscompilation": true,
2026-08-14T16:23:27.1924730Z       "metadata": {
2026-08-14T16:23:27.1924840Z         "RemoteType": "standard",
2026-08-14T16:23:27.1924940Z         "RemotePkgRef": "curl",
2026-08-14T16:23:27.1925030Z         "RemoteRef": "curl",
2026-08-14T16:23:27.1925190Z         "RemoteRepos": "https://cran.rstudio.com",
2026-08-14T16:23:27.1925350Z         "RemotePkgPlatform": "aarch64-apple-darwin23",
2026-08-14T16:23:27.1925440Z         "RemoteSha": "7.1.0"
2026-08-14T16:23:27.1925500Z       },
2026-08-14T16:23:27.1926090Z       "sources": ["https://cran.rstudio.com/bin/macosx/sonoma-arm64/contrib/4.6/curl_7.1.0.tgz", "https://mac.cran.dev/bin/macosx/sonoma-arm64/contrib/4.6/curl_7.1.0.tgz"],
2026-08-14T16:23:27.1926300Z       "target": "bin/macosx/sonoma-arm64/contrib/4.6/curl_7.1.0.tgz",
2026-08-14T16:23:27.1926430Z       "platform": "aarch64-apple-darwin23",
2026-08-14T16:23:27.1926520Z       "rversion": "4.6",
2026-08-14T16:23:27.1926760Z       "built": "R 4.6.0; aarch64-apple-darwin23; 2026-04-25 09:29:32 UTC; unix",
2026-08-14T16:23:27.1926850Z       "directpkg": false,
2026-08-14T16:23:27.1926980Z       "license": "MIT + file LICENSE",
2026-08-14T16:23:27.1927270Z       "sha256": "\n        eb9da89dc74062d7a27df613a887819bc71768112dbf5dd53b90edbf052c082f",
2026-08-14T16:23:27.1927430Z       "dep_types": ["Depends", "Imports", "LinkingTo"],
2026-08-14T16:23:27.1927510Z       "params": [],
2026-08-14T16:23:27.1927600Z       "install_args": [],
2026-08-14T16:23:27.1927690Z       "repotype": "cran"
2026-08-14T16:23:27.1927740Z     },
2026-08-14T16:23:27.1927780Z     {
2026-08-14T16:23:27.1927860Z       "ref": "desc",
2026-08-14T16:23:27.1927950Z       "package": "desc",
2026-08-14T16:23:27.1928050Z       "version": "1.4.3",
2026-08-14T16:23:27.1928140Z       "type": "standard",
2026-08-14T16:23:27.1928280Z       "direct": false,
2026-08-14T16:23:27.1928360Z       "binary": true,
2026-08-14T16:23:27.1928480Z       "dependencies": ["cli", "R6"],
2026-08-14T16:23:27.1928560Z       "deps": [
2026-08-14T16:23:27.1928620Z         {
2026-08-14T16:23:27.1928710Z           "ref": "callr",
2026-08-14T16:23:27.1928810Z           "type": "suggests",
2026-08-14T16:23:27.1928910Z           "package": "callr",
2026-08-14T16:23:27.1928990Z           "op": "",
2026-08-14T16:23:27.1929080Z           "version": ""
2026-08-14T16:23:27.1929140Z         },
2026-08-14T16:23:27.1929200Z         {
2026-08-14T16:23:27.1929280Z           "ref": "cli",
2026-08-14T16:23:27.1929390Z           "type": "imports",
2026-08-14T16:23:27.1929480Z           "package": "cli",
2026-08-14T16:23:27.1929570Z           "op": "",
2026-08-14T16:23:27.1929650Z           "version": ""
2026-08-14T16:23:27.1929710Z         },
2026-08-14T16:23:27.1929760Z         {
2026-08-14T16:23:27.1929850Z           "ref": "covr",
2026-08-14T16:23:27.1929950Z           "type": "suggests",
2026-08-14T16:23:27.1930050Z           "package": "covr",
2026-08-14T16:23:27.1930130Z           "op": "",
2026-08-14T16:23:27.1930220Z           "version": ""
2026-08-14T16:23:27.1930290Z         },
2026-08-14T16:23:27.1930340Z         {
2026-08-14T16:23:27.1930430Z           "ref": "gh",
2026-08-14T16:23:27.1930520Z           "type": "suggests",
2026-08-14T16:23:27.1930620Z           "package": "gh",
2026-08-14T16:23:27.1930700Z           "op": "",
2026-08-14T16:23:27.1930780Z           "version": ""
2026-08-14T16:23:27.1930850Z         },
2026-08-14T16:23:27.1930900Z         {
2026-08-14T16:23:27.1930980Z           "ref": "R",
2026-08-14T16:23:27.1931070Z           "type": "depends",
2026-08-14T16:23:27.1931160Z           "package": "R",
2026-08-14T16:23:27.1931240Z           "op": ">=",
2026-08-14T16:23:27.1931330Z           "version": "3.4"
2026-08-14T16:23:27.1931400Z         },
2026-08-14T16:23:27.1931450Z         {
2026-08-14T16:23:27.1931530Z           "ref": "R6",
2026-08-14T16:23:27.1931630Z           "type": "imports",
2026-08-14T16:23:27.1931730Z           "package": "R6",
2026-08-14T16:23:27.1931810Z           "op": "",
2026-08-14T16:23:27.1932060Z           "version": ""
2026-08-14T16:23:27.1932130Z         },
2026-08-14T16:23:27.1932190Z         {
2026-08-14T16:23:27.1932280Z           "ref": "spelling",
2026-08-14T16:23:27.1932390Z           "type": "suggests",
2026-08-14T16:23:27.1932490Z           "package": "spelling",
2026-08-14T16:23:27.1932570Z           "op": "",
2026-08-14T16:23:27.1932660Z           "version": ""
2026-08-14T16:23:27.1932720Z         },
2026-08-14T16:23:27.1932780Z         {
2026-08-14T16:23:27.1932880Z           "ref": "testthat",
2026-08-14T16:23:27.1932970Z           "type": "suggests",
2026-08-14T16:23:27.1933080Z           "package": "testthat",
2026-08-14T16:23:27.1933160Z           "op": "",
2026-08-14T16:23:27.1933250Z           "version": ""
2026-08-14T16:23:27.1933310Z         },
2026-08-14T16:23:27.1933360Z         {
2026-08-14T16:23:27.1933460Z           "ref": "utils",
2026-08-14T16:23:27.1933560Z           "type": "imports",
2026-08-14T16:23:27.1933660Z           "package": "utils",
2026-08-14T16:23:27.1933740Z           "op": "",
2026-08-14T16:23:27.1933830Z           "version": ""
2026-08-14T16:23:27.1933890Z         },
2026-08-14T16:23:27.1933950Z         {
2026-08-14T16:23:27.1934040Z           "ref": "whoami",
2026-08-14T16:23:27.1934140Z           "type": "suggests",
2026-08-14T16:23:27.1934240Z           "package": "whoami",
2026-08-14T16:23:27.1934320Z           "op": "",
2026-08-14T16:23:27.1934410Z           "version": ""
2026-08-14T16:23:27.1934470Z         },
2026-08-14T16:23:27.1934520Z         {
2026-08-14T16:23:27.1934620Z           "ref": "withr",
2026-08-14T16:23:27.1934710Z           "type": "suggests",
2026-08-14T16:23:27.1934810Z           "package": "withr",
2026-08-14T16:23:27.1934890Z           "op": "",
2026-08-14T16:23:27.1934980Z           "version": ""
2026-08-14T16:23:27.1935030Z         }
2026-08-14T16:23:27.1935140Z       ],
2026-08-14T16:23:27.1935230Z       "vignettes": false,
2026-08-14T16:23:27.1935350Z       "needscompilation": false,
2026-08-14T16:23:27.1935430Z       "metadata": {
2026-08-14T16:23:27.1935550Z         "RemoteType": "standard",
2026-08-14T16:23:27.1935660Z         "RemotePkgRef": "desc",
2026-08-14T16:23:27.1935760Z         "RemoteRef": "desc",
2026-08-14T16:23:27.1935950Z         "RemoteRepos": "https://cran.rstudio.com",
2026-08-14T16:23:27.1936170Z         "RemotePkgPlatform": "aarch64-apple-darwin23",
2026-08-14T16:23:27.1936290Z         "RemoteSha": "1.4.3"
2026-08-14T16:23:27.1936360Z       },
2026-08-14T16:23:27.1937020Z       "sources": ["https://cran.rstudio.com/bin/macosx/sonoma-arm64/contrib/4.6/desc_1.4.3.tgz", "https://mac.cran.dev/bin/macosx/sonoma-arm64/contrib/4.6/desc_1.4.3.tgz"],
2026-08-14T16:23:27.1937240Z       "target": "bin/macosx/sonoma-arm64/contrib/4.6/desc_1.4.3.tgz",
2026-08-14T16:23:27.1937370Z       "platform": "aarch64-apple-darwin23",
2026-08-14T16:23:27.1937470Z       "rversion": "4.6",
2026-08-14T16:23:27.1937640Z       "built": "R 4.6.0; ; 2026-04-25 15:48:08 UTC; unix",
2026-08-14T16:23:27.1937740Z       "directpkg": false,
2026-08-14T16:23:27.1937860Z       "license": "MIT + file LICENSE",
2026-08-14T16:23:27.1938160Z       "sha256": "\n        f76d3447d097ba3bfc276b960b0a793302591e75cfaa7e16443150a369f9d282",
2026-08-14T16:23:27.1938330Z       "dep_types": ["Depends", "Imports", "LinkingTo"],
2026-08-14T16:23:27.1938410Z       "params": [],
2026-08-14T16:23:27.1938500Z       "install_args": [],
2026-08-14T16:23:27.1938600Z       "repotype": "cran"
2026-08-14T16:23:27.1938640Z     },
2026-08-14T16:23:27.1938690Z     {
2026-08-14T16:23:27.1938770Z       "ref": "otel",
2026-08-14T16:23:27.1938860Z       "package": "otel",
2026-08-14T16:23:27.1938950Z       "version": "0.2.0",
2026-08-14T16:23:27.1939040Z       "type": "standard",
2026-08-14T16:23:27.1941700Z       "direct": false,
2026-08-14T16:23:27.1941810Z       "binary": true,
2026-08-14T16:23:27.1941920Z       "dependencies": [],
2026-08-14T16:23:27.1941990Z       "deps": [
2026-08-14T16:23:27.1942050Z         {
2026-08-14T16:23:27.1942140Z           "ref": "callr",
2026-08-14T16:23:27.1942360Z           "type": "suggests",
2026-08-14T16:23:27.1942470Z           "package": "callr",
2026-08-14T16:23:27.1942540Z           "op": "",
2026-08-14T16:23:27.1942630Z           "version": ""
2026-08-14T16:23:27.1942690Z         },
2026-08-14T16:23:27.1942750Z         {
2026-08-14T16:23:27.1942830Z           "ref": "cli",
2026-08-14T16:23:27.1942940Z           "type": "suggests",
2026-08-14T16:23:27.1943040Z           "package": "cli",
2026-08-14T16:23:27.1943120Z           "op": "",
2026-08-14T16:23:27.1943200Z           "version": ""
2026-08-14T16:23:27.1943270Z         },
2026-08-14T16:23:27.1943320Z         {
2026-08-14T16:23:27.1943410Z           "ref": "glue",
2026-08-14T16:23:27.1943510Z           "type": "suggests",
2026-08-14T16:23:27.1943610Z           "package": "glue",
2026-08-14T16:23:27.1943690Z           "op": "",
2026-08-14T16:23:27.1943780Z           "version": ""
2026-08-14T16:23:27.1943840Z         },
2026-08-14T16:23:27.1943900Z         {
2026-08-14T16:23:27.1944000Z           "ref": "jsonlite",
2026-08-14T16:23:27.1944100Z           "type": "suggests",
2026-08-14T16:23:27.1944210Z           "package": "jsonlite",
2026-08-14T16:23:27.1944280Z           "op": "",
2026-08-14T16:23:27.1944370Z           "version": ""
2026-08-14T16:23:27.1944440Z         },
2026-08-14T16:23:27.1944490Z         {
2026-08-14T16:23:27.1944580Z           "ref": "otelsdk",
2026-08-14T16:23:27.1944680Z           "type": "suggests",
2026-08-14T16:23:27.1944780Z           "package": "otelsdk",
2026-08-14T16:23:27.1944870Z           "op": "",
2026-08-14T16:23:27.1944960Z           "version": ""
2026-08-14T16:23:27.1945020Z         },
2026-08-14T16:23:27.1945080Z         {
2026-08-14T16:23:27.1945170Z           "ref": "processx",
2026-08-14T16:23:27.1945270Z           "type": "suggests",
2026-08-14T16:23:27.1945380Z           "package": "processx",
2026-08-14T16:23:27.1945510Z           "op": "",
2026-08-14T16:23:27.1945640Z           "version": ""
2026-08-14T16:23:27.1945730Z         },
2026-08-14T16:23:27.1945800Z         {
2026-08-14T16:23:27.1945900Z           "ref": "R",
2026-08-14T16:23:27.1946020Z           "type": "depends",
2026-08-14T16:23:27.1946150Z           "package": "R",
2026-08-14T16:23:27.1946230Z           "op": ">=",
2026-08-14T16:23:27.1946340Z           "version": "3.6.0"
2026-08-14T16:23:27.1946400Z         },
2026-08-14T16:23:27.1946460Z         {
2026-08-14T16:23:27.1946550Z           "ref": "shiny",
2026-08-14T16:23:27.1946650Z           "type": "suggests",
2026-08-14T16:23:27.1946740Z           "package": "shiny",
2026-08-14T16:23:27.1946820Z           "op": "",
2026-08-14T16:23:27.1946910Z           "version": ""
2026-08-14T16:23:27.1946980Z         },
2026-08-14T16:23:27.1947030Z         {
2026-08-14T16:23:27.1947130Z           "ref": "spelling",
2026-08-14T16:23:27.1947230Z           "type": "suggests",
2026-08-14T16:23:27.1947330Z           "package": "spelling",
2026-08-14T16:23:27.1947410Z           "op": "",
2026-08-14T16:23:27.1947500Z           "version": ""
2026-08-14T16:23:27.1947570Z         },
2026-08-14T16:23:27.1947620Z         {
2026-08-14T16:23:27.1947720Z           "ref": "testthat",
2026-08-14T16:23:27.1947820Z           "type": "suggests",
2026-08-14T16:23:27.1947930Z           "package": "testthat",
2026-08-14T16:23:27.1948010Z           "op": ">=",
2026-08-14T16:23:27.1948110Z           "version": "3.0.0"
2026-08-14T16:23:27.1948170Z         },
2026-08-14T16:23:27.1948230Z         {
2026-08-14T16:23:27.1948320Z           "ref": "utils",
2026-08-14T16:23:27.1948420Z           "type": "suggests",
2026-08-14T16:23:27.1948520Z           "package": "utils",
2026-08-14T16:23:27.1948590Z           "op": "",
2026-08-14T16:23:27.1948680Z           "version": ""
2026-08-14T16:23:27.1948740Z         },
2026-08-14T16:23:27.1948800Z         {
2026-08-14T16:23:27.1948890Z           "ref": "withr",
2026-08-14T16:23:27.1948990Z           "type": "suggests",
2026-08-14T16:23:27.1949090Z           "package": "withr",
2026-08-14T16:23:27.1949170Z           "op": "",
2026-08-14T16:23:27.1949300Z           "version": ""
2026-08-14T16:23:27.1949370Z         }
2026-08-14T16:23:27.1949420Z       ],
2026-08-14T16:23:27.1949520Z       "vignettes": false,
2026-08-14T16:23:27.1949630Z       "needscompilation": false,
2026-08-14T16:23:27.1949710Z       "metadata": {
2026-08-14T16:23:27.1949820Z         "RemoteType": "standard",
2026-08-14T16:23:27.1949930Z         "RemotePkgRef": "otel",
2026-08-14T16:23:27.1950020Z         "RemoteRef": "otel",
2026-08-14T16:23:27.1950190Z         "RemoteRepos": "https://cran.rstudio.com",
2026-08-14T16:23:27.1950360Z         "RemotePkgPlatform": "aarch64-apple-darwin23",
2026-08-14T16:23:27.1950460Z         "RemoteSha": "0.2.0"
2026-08-14T16:23:27.1950510Z       },
2026-08-14T16:23:27.1951130Z       "sources": ["https://cran.rstudio.com/bin/macosx/sonoma-arm64/contrib/4.6/otel_0.2.0.tgz", "https://mac.cran.dev/bin/macosx/sonoma-arm64/contrib/4.6/otel_0.2.0.tgz"],
2026-08-14T16:23:27.1951350Z       "target": "bin/macosx/sonoma-arm64/contrib/4.6/otel_0.2.0.tgz",
2026-08-14T16:23:27.1951490Z       "platform": "aarch64-apple-darwin23",
2026-08-14T16:23:27.1951580Z       "rversion": "4.6",
2026-08-14T16:23:27.1951750Z       "built": "R 4.6.0; ; 2026-04-25 15:39:31 UTC; unix",
2026-08-14T16:23:27.1951920Z       "directpkg": false,
2026-08-14T16:23:27.1952050Z       "license": "MIT + file LICENSE",
2026-08-14T16:23:27.1952360Z       "sha256": "\n        740ffa0646ff4b19288cf57173686b5efbb67f8ee29d623072ebbef72aea6dc1",
2026-08-14T16:23:27.1952530Z       "dep_types": ["Depends", "Imports", "LinkingTo"],
2026-08-14T16:23:27.1952620Z       "params": [],
2026-08-14T16:23:27.1952710Z       "install_args": [],
2026-08-14T16:23:27.1952800Z       "repotype": "cran"
2026-08-14T16:23:27.1952850Z     },
2026-08-14T16:23:27.1952890Z     {
2026-08-14T16:23:27.1952980Z       "ref": "pkgbuild",
2026-08-14T16:23:27.1953170Z       "package": "pkgbuild",
2026-08-14T16:23:27.1953260Z       "version": "1.4.8",
2026-08-14T16:23:27.1953350Z       "type": "standard",
2026-08-14T16:23:27.1953440Z       "direct": false,
2026-08-14T16:23:27.1953530Z       "binary": true,
2026-08-14T16:23:27.1953730Z       "dependencies": ["callr", "cli", "desc", "processx", "R6"],
2026-08-14T16:23:27.1953810Z       "deps": [
2026-08-14T16:23:27.1953860Z         {
2026-08-14T16:23:27.1953950Z           "ref": "callr",
2026-08-14T16:23:27.1954050Z           "type": "imports",
2026-08-14T16:23:27.1954150Z           "package": "callr",
2026-08-14T16:23:27.1954230Z           "op": ">=",
2026-08-14T16:23:27.1954330Z           "version": "3.2.0"
2026-08-14T16:23:27.1954390Z         },
2026-08-14T16:23:27.1954450Z         {
2026-08-14T16:23:27.1954540Z           "ref": "cli",
2026-08-14T16:23:27.1954660Z           "type": "imports",
2026-08-14T16:23:27.1954770Z           "package": "cli",
2026-08-14T16:23:27.1954850Z           "op": ">=",
2026-08-14T16:23:27.1954950Z           "version": "3.4.0"
2026-08-14T16:23:27.1955020Z         },
2026-08-14T16:23:27.1955080Z         {
2026-08-14T16:23:27.1955170Z           "ref": "covr",
2026-08-14T16:23:27.1955270Z           "type": "suggests",
2026-08-14T16:23:27.1955370Z           "package": "covr",
2026-08-14T16:23:27.1955450Z           "op": "",
2026-08-14T16:23:27.1955530Z           "version": ""
2026-08-14T16:23:27.1955600Z         },
2026-08-14T16:23:27.1955650Z         {
2026-08-14T16:23:27.1955740Z           "ref": "cpp11",
2026-08-14T16:23:27.1955840Z           "type": "suggests",
2026-08-14T16:23:27.1955940Z           "package": "cpp11",
2026-08-14T16:23:27.1956020Z           "op": "",
2026-08-14T16:23:27.1956110Z           "version": ""
2026-08-14T16:23:27.1956170Z         },
2026-08-14T16:23:27.1956230Z         {
2026-08-14T16:23:27.1956320Z           "ref": "desc",
2026-08-14T16:23:27.1956410Z           "type": "imports",
2026-08-14T16:23:27.1956510Z           "package": "desc",
2026-08-14T16:23:27.1956600Z           "op": "",
2026-08-14T16:23:27.1956690Z           "version": ""
2026-08-14T16:23:27.1956750Z         },
2026-08-14T16:23:27.1956810Z         {
2026-08-14T16:23:27.1956940Z           "ref": "knitr",
2026-08-14T16:23:27.1957050Z           "type": "suggests",
2026-08-14T16:23:27.1957150Z           "package": "knitr",
2026-08-14T16:23:27.1957230Z           "op": "",
2026-08-14T16:23:27.1957310Z           "version": ""
2026-08-14T16:23:27.1957380Z         },
2026-08-14T16:23:27.1957430Z         {
2026-08-14T16:23:27.1957530Z           "ref": "processx",
2026-08-14T16:23:27.1957630Z           "type": "imports",
2026-08-14T16:23:27.1957740Z           "package": "processx",
2026-08-14T16:23:27.1957820Z           "op": "",
2026-08-14T16:23:27.1957900Z           "version": ""
2026-08-14T16:23:27.1957970Z         },
2026-08-14T16:23:27.1958020Z         {
2026-08-14T16:23:27.1958100Z           "ref": "R",
2026-08-14T16:23:27.1958200Z           "type": "depends",
2026-08-14T16:23:27.1958300Z           "package": "R",
2026-08-14T16:23:27.1958380Z           "op": ">=",
2026-08-14T16:23:27.1958480Z           "version": "3.5"
2026-08-14T16:23:27.1958540Z         },
2026-08-14T16:23:27.1958590Z         {
2026-08-14T16:23:27.1958680Z           "ref": "R6",
2026-08-14T16:23:27.1958780Z           "type": "imports",
2026-08-14T16:23:27.1958870Z           "package": "R6",
2026-08-14T16:23:27.1958950Z           "op": "",
2026-08-14T16:23:27.1959030Z           "version": ""
2026-08-14T16:23:27.1959090Z         },
2026-08-14T16:23:27.1959150Z         {
2026-08-14T16:23:27.1959240Z           "ref": "Rcpp",
2026-08-14T16:23:27.1959330Z           "type": "suggests",
2026-08-14T16:23:27.1959430Z           "package": "Rcpp",
2026-08-14T16:23:27.1959510Z           "op": "",
2026-08-14T16:23:27.1959600Z           "version": ""
2026-08-14T16:23:27.1959660Z         },
2026-08-14T16:23:27.1959720Z         {
2026-08-14T16:23:27.1959810Z           "ref": "rmarkdown",
2026-08-14T16:23:27.1959910Z           "type": "suggests",
2026-08-14T16:23:27.1960070Z           "package": "rmarkdown",
2026-08-14T16:23:27.1960160Z           "op": "",
2026-08-14T16:23:27.1960250Z           "version": ""
2026-08-14T16:23:27.1960310Z         },
2026-08-14T16:23:27.1960370Z         {
2026-08-14T16:23:27.1960460Z           "ref": "testthat",
2026-08-14T16:23:27.1960560Z           "type": "suggests",
2026-08-14T16:23:27.1960670Z           "package": "testthat",
2026-08-14T16:23:27.1960750Z           "op": ">=",
2026-08-14T16:23:27.1960850Z           "version": "3.2.0"
2026-08-14T16:23:27.1960910Z         },
2026-08-14T16:23:27.1960970Z         {
2026-08-14T16:23:27.1961060Z           "ref": "withr",
2026-08-14T16:23:27.1961160Z           "type": "suggests",
2026-08-14T16:23:27.1961250Z           "package": "withr",
2026-08-14T16:23:27.1961340Z           "op": ">=",
2026-08-14T16:23:27.1961430Z           "version": "2.3.0"
2026-08-14T16:23:27.1961490Z         }
2026-08-14T16:23:27.1961540Z       ],
2026-08-14T16:23:27.1961640Z       "vignettes": false,
2026-08-14T16:23:27.1961750Z       "needscompilation": false,
2026-08-14T16:23:27.1961830Z       "metadata": {
2026-08-14T16:23:27.1961940Z         "RemoteType": "standard",
2026-08-14T16:23:27.1962060Z         "RemotePkgRef": "pkgbuild",
2026-08-14T16:23:27.1962170Z         "RemoteRef": "pkgbuild",
2026-08-14T16:23:27.1962330Z         "RemoteRepos": "https://cran.rstudio.com",
2026-08-14T16:23:27.1962500Z         "RemotePkgPlatform": "aarch64-apple-darwin23",
2026-08-14T16:23:27.1962600Z         "RemoteSha": "1.4.8"
2026-08-14T16:23:27.1962660Z       },
2026-08-14T16:23:27.1963310Z       "sources": ["https://cran.rstudio.com/bin/macosx/sonoma-arm64/contrib/4.6/pkgbuild_1.4.8.tgz", "https://mac.cran.dev/bin/macosx/sonoma-arm64/contrib/4.6/pkgbuild_1.4.8.tgz"],
2026-08-14T16:23:27.1963550Z       "target": "bin/macosx/sonoma-arm64/contrib/4.6/pkgbuild_1.4.8.tgz",
2026-08-14T16:23:27.1963690Z       "platform": "aarch64-apple-darwin23",
2026-08-14T16:23:27.1963770Z       "rversion": "4.6",
2026-08-14T16:23:27.1963950Z       "built": "R 4.6.0; ; 2026-04-26 05:15:34 UTC; unix",
2026-08-14T16:23:27.1964050Z       "directpkg": false,
2026-08-14T16:23:27.1964170Z       "license": "MIT + file LICENSE",
2026-08-14T16:23:27.1964540Z       "sha256": "\n        0a53a2d7b4e067e3747aab697859693cae59fe08663d2dde774ac74c841f8b3d",
2026-08-14T16:23:27.1964710Z       "dep_types": ["Depends", "Imports", "LinkingTo"],
2026-08-14T16:23:27.1964810Z       "params": [],
2026-08-14T16:23:27.1964920Z       "install_args": [],
2026-08-14T16:23:27.1965030Z       "repotype": "cran"
2026-08-14T16:23:27.1965080Z     },
2026-08-14T16:23:27.1965130Z     {
2026-08-14T16:23:27.1965250Z       "ref": "prettyunits",
2026-08-14T16:23:27.1965370Z       "package": "prettyunits",
2026-08-14T16:23:27.1965480Z       "version": "1.2.0",
2026-08-14T16:23:27.1965590Z       "type": "standard",
2026-08-14T16:23:27.1965700Z       "direct": false,
2026-08-14T16:23:27.1965800Z       "binary": true,
2026-08-14T16:23:27.1965920Z       "dependencies": [],
2026-08-14T16:23:27.1966010Z       "deps": [
2026-08-14T16:23:27.1966060Z         {
2026-08-14T16:23:27.1966170Z           "ref": "codetools",
2026-08-14T16:23:27.1966260Z           "type": "suggests",
2026-08-14T16:23:27.1966380Z           "package": "codetools",
2026-08-14T16:23:27.1966460Z           "op": "",
2026-08-14T16:23:27.1966550Z           "version": ""
2026-08-14T16:23:27.1966610Z         },
2026-08-14T16:23:27.1966670Z         {
2026-08-14T16:23:27.1966760Z           "ref": "covr",
2026-08-14T16:23:27.1966860Z           "type": "suggests",
2026-08-14T16:23:27.1966960Z           "package": "covr",
2026-08-14T16:23:27.1967040Z           "op": "",
2026-08-14T16:23:27.1967120Z           "version": ""
2026-08-14T16:23:27.1967190Z         },
2026-08-14T16:23:27.1967240Z         {
2026-08-14T16:23:27.1967330Z           "ref": "R",
2026-08-14T16:23:27.1967420Z           "type": "depends",
2026-08-14T16:23:27.1967510Z           "package": "R",
2026-08-14T16:23:27.1967600Z           "op": ">=",
2026-08-14T16:23:27.1967690Z           "version": "2.10"
2026-08-14T16:23:27.1967810Z         },
2026-08-14T16:23:27.1967860Z         {
2026-08-14T16:23:27.1967960Z           "ref": "testthat",
2026-08-14T16:23:27.1968060Z           "type": "suggests",
2026-08-14T16:23:27.1968170Z           "package": "testthat",
2026-08-14T16:23:27.1968250Z           "op": "",
2026-08-14T16:23:27.1968340Z           "version": ""
2026-08-14T16:23:27.1968390Z         }
2026-08-14T16:23:27.1968450Z       ],
2026-08-14T16:23:27.1968540Z       "vignettes": false,
2026-08-14T16:23:27.1968650Z       "needscompilation": false,
2026-08-14T16:23:27.1968730Z       "metadata": {
2026-08-14T16:23:27.1968840Z         "RemoteType": "standard",
2026-08-14T16:23:27.1968960Z         "RemotePkgRef": "prettyunits",
2026-08-14T16:23:27.1969080Z         "RemoteRef": "prettyunits",
2026-08-14T16:23:27.1969230Z         "RemoteRepos": "https://cran.rstudio.com",
2026-08-14T16:23:27.1969410Z         "RemotePkgPlatform": "aarch64-apple-darwin23",
2026-08-14T16:23:27.1969510Z         "RemoteSha": "1.2.0"
2026-08-14T16:23:27.1969560Z       },
2026-08-14T16:23:27.1970250Z       "sources": ["https://cran.rstudio.com/bin/macosx/sonoma-arm64/contrib/4.6/prettyunits_1.2.0.tgz", "https://mac.cran.dev/bin/macosx/sonoma-arm64/contrib/4.6/prettyunits_1.2.0.tgz"],
2026-08-14T16:23:27.1970500Z       "target": "bin/macosx/sonoma-arm64/contrib/4.6/prettyunits_1.2.0.tgz",
2026-08-14T16:23:27.1970630Z       "platform": "aarch64-apple-darwin23",
2026-08-14T16:23:27.1970720Z       "rversion": "4.6",
2026-08-14T16:23:27.1970900Z       "built": "R 4.6.0; ; 2026-04-25 15:44:33 UTC; unix",
2026-08-14T16:23:27.1970990Z       "directpkg": false,
2026-08-14T16:23:27.1971110Z       "license": "MIT + file LICENSE",
2026-08-14T16:23:27.1971410Z       "sha256": "\n        8a8433c4a509a09458a41e21ad149803af60edea25408e2b375f39830d76fa67",
2026-08-14T16:23:27.1971580Z       "dep_types": ["Depends", "Imports", "LinkingTo"],
2026-08-14T16:23:27.1971660Z       "params": [],
2026-08-14T16:23:27.1971750Z       "install_args": [],
2026-08-14T16:23:27.1971850Z       "repotype": "cran"
2026-08-14T16:23:27.1971900Z     },
2026-08-14T16:23:27.1971940Z     {
2026-08-14T16:23:27.1972030Z       "ref": "processx",
2026-08-14T16:23:27.1972180Z       "package": "processx",
2026-08-14T16:23:27.1972270Z       "version": "3.9.0",
2026-08-14T16:23:27.1972370Z       "type": "standard",
2026-08-14T16:23:27.1972450Z       "direct": false,
2026-08-14T16:23:27.1972540Z       "binary": true,
2026-08-14T16:23:27.1972650Z       "dependencies": ["ps", "R6"],
2026-08-14T16:23:27.1972730Z       "deps": [
2026-08-14T16:23:27.1972780Z         {
2026-08-14T16:23:27.1972870Z           "ref": "callr",
2026-08-14T16:23:27.1972970Z           "type": "suggests",
2026-08-14T16:23:27.1973070Z           "package": "callr",
2026-08-14T16:23:27.1973150Z           "op": ">=",
2026-08-14T16:23:27.1973250Z           "version": "3.7.3"
2026-08-14T16:23:27.1973310Z         },
2026-08-14T16:23:27.1973370Z         {
2026-08-14T16:23:27.1973460Z           "ref": "cli",
2026-08-14T16:23:27.1973560Z           "type": "suggests",
2026-08-14T16:23:27.1973660Z           "package": "cli",
2026-08-14T16:23:27.1973740Z           "op": ">=",
2026-08-14T16:23:27.1973830Z           "version": "3.3.0"
2026-08-14T16:23:27.1973900Z         },
2026-08-14T16:23:27.1973960Z         {
2026-08-14T16:23:27.1974060Z           "ref": "codetools",
2026-08-14T16:23:27.1974160Z           "type": "suggests",
2026-08-14T16:23:27.1974270Z           "package": "codetools",
2026-08-14T16:23:27.1974350Z           "op": "",
2026-08-14T16:23:27.1974430Z           "version": ""
2026-08-14T16:23:27.1974500Z         },
2026-08-14T16:23:27.1974550Z         {
2026-08-14T16:23:27.1974640Z           "ref": "covr",
2026-08-14T16:23:27.1974740Z           "type": "suggests",
2026-08-14T16:23:27.1974840Z           "package": "covr",
2026-08-14T16:23:27.1974920Z           "op": "",
2026-08-14T16:23:27.1975000Z           "version": ""
2026-08-14T16:23:27.1975070Z         },
2026-08-14T16:23:27.1975120Z         {
2026-08-14T16:23:27.1975250Z           "ref": "curl",
2026-08-14T16:23:27.1975350Z           "type": "suggests",
2026-08-14T16:23:27.1975450Z           "package": "curl",
2026-08-14T16:23:27.1975530Z           "op": "",
2026-08-14T16:23:27.1975620Z           "version": ""
2026-08-14T16:23:27.1975680Z         },
2026-08-14T16:23:27.1975740Z         {
2026-08-14T16:23:27.1975830Z           "ref": "debugme",
2026-08-14T16:23:27.1975930Z           "type": "suggests",
2026-08-14T16:23:27.1976030Z           "package": "debugme",
2026-08-14T16:23:27.1976110Z           "op": "",
2026-08-14T16:23:27.1976200Z           "version": ""
2026-08-14T16:23:27.1976270Z         },
2026-08-14T16:23:27.1976320Z         {
2026-08-14T16:23:27.1976420Z           "ref": "parallel",
2026-08-14T16:23:27.1976510Z           "type": "suggests",
2026-08-14T16:23:27.1976620Z           "package": "parallel",
2026-08-14T16:23:27.1976700Z           "op": "",
2026-08-14T16:23:27.1976790Z           "version": ""
2026-08-14T16:23:27.1976850Z         },
2026-08-14T16:23:27.1976910Z         {
2026-08-14T16:23:27.1976990Z           "ref": "ps",
2026-08-14T16:23:27.1977100Z           "type": "imports",
2026-08-14T16:23:27.1977190Z           "package": "ps",
2026-08-14T16:23:27.1977280Z           "op": ">=",
2026-08-14T16:23:27.1977370Z           "version": "1.9.3"
2026-08-14T16:23:27.1977440Z         },
2026-08-14T16:23:27.1977490Z         {
2026-08-14T16:23:27.1977580Z           "ref": "R",
2026-08-14T16:23:27.1977670Z           "type": "depends",
2026-08-14T16:23:27.1977770Z           "package": "R",
2026-08-14T16:23:27.1977850Z           "op": ">=",
2026-08-14T16:23:27.1977940Z           "version": "3.4.0"
2026-08-14T16:23:27.1978010Z         },
2026-08-14T16:23:27.1978060Z         {
2026-08-14T16:23:27.1978150Z           "ref": "R6",
2026-08-14T16:23:27.1978240Z           "type": "imports",
2026-08-14T16:23:27.1978340Z           "package": "R6",
2026-08-14T16:23:27.1978420Z           "op": "",
2026-08-14T16:23:27.1978510Z           "version": ""
2026-08-14T16:23:27.1978570Z         },
2026-08-14T16:23:27.1978630Z         {
2026-08-14T16:23:27.1978720Z           "ref": "rlang",
2026-08-14T16:23:27.1978820Z           "type": "suggests",
2026-08-14T16:23:27.1978960Z           "package": "rlang",
2026-08-14T16:23:27.1979050Z           "op": ">=",
2026-08-14T16:23:27.1979150Z           "version": "1.0.2"
2026-08-14T16:23:27.1979210Z         },
2026-08-14T16:23:27.1979270Z         {
2026-08-14T16:23:27.1979370Z           "ref": "testthat",
2026-08-14T16:23:27.1979460Z           "type": "suggests",
2026-08-14T16:23:27.1979570Z           "package": "testthat",
2026-08-14T16:23:27.1979650Z           "op": ">=",
2026-08-14T16:23:27.1979750Z           "version": "3.0.0"
2026-08-14T16:23:27.1979810Z         },
2026-08-14T16:23:27.1979860Z         {
2026-08-14T16:23:27.1979950Z           "ref": "utils",
2026-08-14T16:23:27.1980050Z           "type": "imports",
2026-08-14T16:23:27.1980150Z           "package": "utils",
2026-08-14T16:23:27.1980230Z           "op": "",
2026-08-14T16:23:27.1980320Z           "version": ""
2026-08-14T16:23:27.1980390Z         },
2026-08-14T16:23:27.1980440Z         {
2026-08-14T16:23:27.1980540Z           "ref": "webfakes",
2026-08-14T16:23:27.1980640Z           "type": "suggests",
2026-08-14T16:23:27.1980740Z           "package": "webfakes",
2026-08-14T16:23:27.1980820Z           "op": "",
2026-08-14T16:23:27.1980900Z           "version": ""
2026-08-14T16:23:27.1980970Z         },
2026-08-14T16:23:27.1981020Z         {
2026-08-14T16:23:27.1981110Z           "ref": "withr",
2026-08-14T16:23:27.1981200Z           "type": "suggests",
2026-08-14T16:23:27.1981300Z           "package": "withr",
2026-08-14T16:23:27.1981380Z           "op": "",
2026-08-14T16:23:27.1981470Z           "version": ""
2026-08-14T16:23:27.1981520Z         }
2026-08-14T16:23:27.1981580Z       ],
2026-08-14T16:23:27.1981670Z       "vignettes": false,
2026-08-14T16:23:27.1981780Z       "needscompilation": true,
2026-08-14T16:23:27.1981860Z       "metadata": {
2026-08-14T16:23:27.1982040Z         "RemoteType": "standard",
2026-08-14T16:23:27.1982160Z         "RemotePkgRef": "processx",
2026-08-14T16:23:27.1982270Z         "RemoteRef": "processx",
2026-08-14T16:23:27.1982430Z         "RemoteRepos": "https://cran.rstudio.com",
2026-08-14T16:23:27.1982600Z         "RemotePkgPlatform": "aarch64-apple-darwin23",
2026-08-14T16:23:27.1982700Z         "RemoteSha": "3.9.0"
2026-08-14T16:23:27.1982750Z       },
2026-08-14T16:23:27.1983410Z       "sources": ["https://cran.rstudio.com/bin/macosx/sonoma-arm64/contrib/4.6/processx_3.9.0.tgz", "https://mac.cran.dev/bin/macosx/sonoma-arm64/contrib/4.6/processx_3.9.0.tgz"],
2026-08-14T16:23:27.1983640Z       "target": "bin/macosx/sonoma-arm64/contrib/4.6/processx_3.9.0.tgz",
2026-08-14T16:23:27.1983780Z       "platform": "aarch64-apple-darwin23",
2026-08-14T16:23:27.1983870Z       "rversion": "4.6",
2026-08-14T16:23:27.1984130Z       "built": "R 4.6.0; aarch64-apple-darwin23; 2026-04-25 23:18:04 UTC; unix",
2026-08-14T16:23:27.1984220Z       "directpkg": false,
2026-08-14T16:23:27.1984350Z       "license": "MIT + file LICENSE",
2026-08-14T16:23:27.1984650Z       "sha256": "\n        0ab8432559b1fa8928bc5b0dd459ec7075d541e95046b2f78d88e0de65e32172",
2026-08-14T16:23:27.1984820Z       "dep_types": ["Depends", "Imports", "LinkingTo"],
2026-08-14T16:23:27.1984910Z       "params": [],
2026-08-14T16:23:27.1985000Z       "install_args": [],
2026-08-14T16:23:27.1985090Z       "repotype": "cran"
2026-08-14T16:23:27.1985140Z     },
2026-08-14T16:23:27.1985180Z     {
2026-08-14T16:23:27.1985260Z       "ref": "ps",
2026-08-14T16:23:27.1985350Z       "package": "ps",
2026-08-14T16:23:27.1985440Z       "version": "1.9.3",
2026-08-14T16:23:27.1985540Z       "type": "standard",
2026-08-14T16:23:27.1985620Z       "direct": false,
2026-08-14T16:23:27.1985710Z       "binary": true,
2026-08-14T16:23:27.1985800Z       "dependencies": [],
2026-08-14T16:23:27.1985870Z       "deps": [
2026-08-14T16:23:27.1985930Z         {
2026-08-14T16:23:27.1986020Z           "ref": "callr",
2026-08-14T16:23:27.1986120Z           "type": "suggests",
2026-08-14T16:23:27.1986220Z           "package": "callr",
2026-08-14T16:23:27.1986300Z           "op": "",
2026-08-14T16:23:27.1986430Z           "version": ""
2026-08-14T16:23:27.1986500Z         },
2026-08-14T16:23:27.1986550Z         {
2026-08-14T16:23:27.1986640Z           "ref": "covr",
2026-08-14T16:23:27.1986740Z           "type": "suggests",
2026-08-14T16:23:27.1986840Z           "package": "covr",
2026-08-14T16:23:27.1986920Z           "op": "",
2026-08-14T16:23:27.1987010Z           "version": ""
2026-08-14T16:23:27.1987070Z         },
2026-08-14T16:23:27.1987130Z         {
2026-08-14T16:23:27.1987210Z           "ref": "curl",
2026-08-14T16:23:27.1987310Z           "type": "suggests",
2026-08-14T16:23:27.1987410Z           "package": "curl",
2026-08-14T16:23:27.1987490Z           "op": "",
2026-08-14T16:23:27.1987570Z           "version": ""
2026-08-14T16:23:27.1987640Z         },
2026-08-14T16:23:27.1987690Z         {
2026-08-14T16:23:27.1987790Z           "ref": "pillar",
2026-08-14T16:23:27.1987890Z           "type": "suggests",
2026-08-14T16:23:27.1987990Z           "package": "pillar",
2026-08-14T16:23:27.1988070Z           "op": "",
2026-08-14T16:23:27.1988160Z           "version": ""
2026-08-14T16:23:27.1988220Z         },
2026-08-14T16:23:27.1988280Z         {
2026-08-14T16:23:27.1988370Z           "ref": "pingr",
2026-08-14T16:23:27.1988470Z           "type": "suggests",
2026-08-14T16:23:27.1988570Z           "package": "pingr",
2026-08-14T16:23:27.1988650Z           "op": "",
2026-08-14T16:23:27.1988740Z           "version": ""
2026-08-14T16:23:27.1988800Z         },
2026-08-14T16:23:27.1988860Z         {
2026-08-14T16:23:27.1988950Z           "ref": "processx",
2026-08-14T16:23:27.1989050Z           "type": "suggests",
2026-08-14T16:23:27.1989160Z           "package": "processx",
2026-08-14T16:23:27.1989240Z           "op": ">=",
2026-08-14T16:23:27.1989340Z           "version": "3.1.0"
2026-08-14T16:23:27.1989410Z         },
2026-08-14T16:23:27.1989510Z         {
2026-08-14T16:23:27.1989610Z           "ref": "R",
2026-08-14T16:23:27.1989720Z           "type": "depends",
2026-08-14T16:23:27.1989830Z           "package": "R",
2026-08-14T16:23:27.1989930Z           "op": ">=",
2026-08-14T16:23:27.1990030Z           "version": "3.4"
2026-08-14T16:23:27.1990100Z         },
2026-08-14T16:23:27.1990160Z         {
2026-08-14T16:23:27.1990250Z           "ref": "R6",
2026-08-14T16:23:27.1990350Z           "type": "suggests",
2026-08-14T16:23:27.1990450Z           "package": "R6",
2026-08-14T16:23:27.1990530Z           "op": "",
2026-08-14T16:23:27.1990610Z           "version": ""
2026-08-14T16:23:27.1990680Z         },
2026-08-14T16:23:27.1990740Z         {
2026-08-14T16:23:27.1990830Z           "ref": "rlang",
2026-08-14T16:23:27.1990930Z           "type": "suggests",
2026-08-14T16:23:27.1993360Z           "package": "rlang",
2026-08-14T16:23:27.1993450Z           "op": "",
2026-08-14T16:23:27.1993540Z           "version": ""
2026-08-14T16:23:27.1993610Z         },
2026-08-14T16:23:27.1993660Z         {
2026-08-14T16:23:27.1993760Z           "ref": "testthat",
2026-08-14T16:23:27.1993860Z           "type": "suggests",
2026-08-14T16:23:27.1994110Z           "package": "testthat",
2026-08-14T16:23:27.1994400Z           "op": ">=",
2026-08-14T16:23:27.1994530Z           "version": "3.0.0"
2026-08-14T16:23:27.1994600Z         },
2026-08-14T16:23:27.1994650Z         {
2026-08-14T16:23:27.1994750Z           "ref": "utils",
2026-08-14T16:23:27.1994850Z           "type": "imports",
2026-08-14T16:23:27.1994950Z           "package": "utils",
2026-08-14T16:23:27.1995030Z           "op": "",
2026-08-14T16:23:27.1995120Z           "version": ""
2026-08-14T16:23:27.1995190Z         },
2026-08-14T16:23:27.1995250Z         {
2026-08-14T16:23:27.1995350Z           "ref": "webfakes",
2026-08-14T16:23:27.1995450Z           "type": "suggests",
2026-08-14T16:23:27.1995560Z           "package": "webfakes",
2026-08-14T16:23:27.1995640Z           "op": "",
2026-08-14T16:23:27.1995740Z           "version": ""
2026-08-14T16:23:27.1995810Z         },
2026-08-14T16:23:27.1995860Z         {
2026-08-14T16:23:27.1995950Z           "ref": "withr",
2026-08-14T16:23:27.1996320Z           "type": "suggests",
2026-08-14T16:23:27.1996430Z           "package": "withr",
2026-08-14T16:23:27.1996510Z           "op": "",
2026-08-14T16:23:27.1996590Z           "version": ""
2026-08-14T16:23:27.1996650Z         }
2026-08-14T16:23:27.1996700Z       ],
2026-08-14T16:23:27.1996800Z       "vignettes": false,
2026-08-14T16:23:27.1996910Z       "needscompilation": true,
2026-08-14T16:23:27.1996990Z       "metadata": {
2026-08-14T16:23:27.1997100Z         "RemoteType": "standard",
2026-08-14T16:23:27.1997210Z         "RemotePkgRef": "ps",
2026-08-14T16:23:27.1997310Z         "RemoteRef": "ps",
2026-08-14T16:23:27.1997480Z         "RemoteRepos": "https://cran.rstudio.com",
2026-08-14T16:23:27.1997660Z         "RemotePkgPlatform": "aarch64-apple-darwin23",
2026-08-14T16:23:27.1997760Z         "RemoteSha": "1.9.3"
2026-08-14T16:23:27.1997820Z       },
2026-08-14T16:23:27.1998450Z       "sources": ["https://cran.rstudio.com/bin/macosx/sonoma-arm64/contrib/4.6/ps_1.9.3.tgz", "https://mac.cran.dev/bin/macosx/sonoma-arm64/contrib/4.6/ps_1.9.3.tgz"],
2026-08-14T16:23:27.1998670Z       "target": "bin/macosx/sonoma-arm64/contrib/4.6/ps_1.9.3.tgz",
2026-08-14T16:23:27.1998800Z       "platform": "aarch64-apple-darwin23",
2026-08-14T16:23:27.1998900Z       "rversion": "4.6",
2026-08-14T16:23:27.1999160Z       "built": "R 4.6.0; aarch64-apple-darwin23; 2026-04-25 15:48:33 UTC; unix",
2026-08-14T16:23:27.1999250Z       "directpkg": false,
2026-08-14T16:23:27.1999380Z       "license": "MIT + file LICENSE",
2026-08-14T16:23:27.1999690Z       "sha256": "\n        16d3bd4956edea5224be26b3d1a681d3197dd10036dabd0a6f3f24e36e1e69d5",
2026-08-14T16:23:27.1999860Z       "dep_types": ["Depends", "Imports", "LinkingTo"],
2026-08-14T16:23:27.1999950Z       "params": [],
2026-08-14T16:23:27.2000040Z       "install_args": [],
2026-08-14T16:23:27.2000220Z       "repotype": "cran"
2026-08-14T16:23:27.2000270Z     },
2026-08-14T16:23:27.2000310Z     {
2026-08-14T16:23:27.2000490Z       "ref": "any::rcmdcheck",
2026-08-14T16:23:27.2000590Z       "package": "rcmdcheck",
2026-08-14T16:23:27.2000690Z       "version": "1.4.0",
2026-08-14T16:23:27.2000770Z       "type": "any",
2026-08-14T16:23:27.2000860Z       "direct": true,
2026-08-14T16:23:27.2000970Z       "binary": true,
2026-08-14T16:23:27.2001480Z       "dependencies": ["callr", "cli", "curl", "desc", "digest", "pkgbuild", "prettyunits", "R6", "rprojroot", "sessioninfo", "withr", "xopen"],
2026-08-14T16:23:27.2001560Z       "deps": [
2026-08-14T16:23:27.2001620Z         {
2026-08-14T16:23:27.2001710Z           "ref": "callr",
2026-08-14T16:23:27.2001810Z           "type": "imports",
2026-08-14T16:23:27.2001910Z           "package": "callr",
2026-08-14T16:23:27.2002000Z           "op": ">=",
2026-08-14T16:23:27.2002110Z           "version": "3.1.1.9000"
2026-08-14T16:23:27.2002170Z         },
2026-08-14T16:23:27.2002230Z         {
2026-08-14T16:23:27.2002320Z           "ref": "cli",
2026-08-14T16:23:27.2002420Z           "type": "imports",
2026-08-14T16:23:27.2002520Z           "package": "cli",
2026-08-14T16:23:27.2002600Z           "op": ">=",
2026-08-14T16:23:27.2002700Z           "version": "3.0.0"
2026-08-14T16:23:27.2002760Z         },
2026-08-14T16:23:27.2002820Z         {
2026-08-14T16:23:27.2002910Z           "ref": "covr",
2026-08-14T16:23:27.2003010Z           "type": "suggests",
2026-08-14T16:23:27.2003110Z           "package": "covr",
2026-08-14T16:23:27.2003190Z           "op": "",
2026-08-14T16:23:27.2003270Z           "version": ""
2026-08-14T16:23:27.2003340Z         },
2026-08-14T16:23:27.2003390Z         {
2026-08-14T16:23:27.2003480Z           "ref": "curl",
2026-08-14T16:23:27.2003570Z           "type": "imports",
2026-08-14T16:23:27.2003670Z           "package": "curl",
2026-08-14T16:23:27.2003750Z           "op": "",
2026-08-14T16:23:27.2003840Z           "version": ""
2026-08-14T16:23:27.2003900Z         },
2026-08-14T16:23:27.2003960Z         {
2026-08-14T16:23:27.2004050Z           "ref": "desc",
2026-08-14T16:23:27.2004150Z           "type": "imports",
2026-08-14T16:23:27.2004300Z           "package": "desc",
2026-08-14T16:23:27.2004390Z           "op": ">=",
2026-08-14T16:23:27.2004490Z           "version": "1.2.0"
2026-08-14T16:23:27.2004550Z         },
2026-08-14T16:23:27.2004610Z         {
2026-08-14T16:23:27.2004700Z           "ref": "digest",
2026-08-14T16:23:27.2004800Z           "type": "imports",
2026-08-14T16:23:27.2004900Z           "package": "digest",
2026-08-14T16:23:27.2004980Z           "op": "",
2026-08-14T16:23:27.2005070Z           "version": ""
2026-08-14T16:23:27.2005140Z         },
2026-08-14T16:23:27.2005190Z         {
2026-08-14T16:23:27.2005280Z           "ref": "knitr",
2026-08-14T16:23:27.2005380Z           "type": "suggests",
2026-08-14T16:23:27.2005480Z           "package": "knitr",
2026-08-14T16:23:27.2005560Z           "op": "",
2026-08-14T16:23:27.2005650Z           "version": ""
2026-08-14T16:23:27.2005720Z         },
2026-08-14T16:23:27.2005770Z         {
2026-08-14T16:23:27.2005870Z           "ref": "mockery",
2026-08-14T16:23:27.2005970Z           "type": "suggests",
2026-08-14T16:23:27.2006080Z           "package": "mockery",
2026-08-14T16:23:27.2006160Z           "op": "",
2026-08-14T16:23:27.2006240Z           "version": ""
2026-08-14T16:23:27.2006310Z         },
2026-08-14T16:23:27.2006360Z         {
2026-08-14T16:23:27.2006460Z           "ref": "pkgbuild",
2026-08-14T16:23:27.2006550Z           "type": "imports",
2026-08-14T16:23:27.2006670Z           "package": "pkgbuild",
2026-08-14T16:23:27.2006740Z           "op": "",
2026-08-14T16:23:27.2006830Z           "version": ""
2026-08-14T16:23:27.2006890Z         },
2026-08-14T16:23:27.2006950Z         {
2026-08-14T16:23:27.2007060Z           "ref": "prettyunits",
2026-08-14T16:23:27.2007180Z           "type": "imports",
2026-08-14T16:23:27.2007300Z           "package": "prettyunits",
2026-08-14T16:23:27.2007450Z           "op": "",
2026-08-14T16:23:27.2007540Z           "version": ""
2026-08-14T16:23:27.2007610Z         },
2026-08-14T16:23:27.2007680Z         {
2026-08-14T16:23:27.2007770Z           "ref": "processx",
2026-08-14T16:23:27.2007880Z           "type": "suggests",
2026-08-14T16:23:27.2007990Z           "package": "processx",
2026-08-14T16:23:27.2008060Z           "op": "",
2026-08-14T16:23:27.2008150Z           "version": ""
2026-08-14T16:23:27.2008220Z         },
2026-08-14T16:23:27.2008270Z         {
2026-08-14T16:23:27.2008360Z           "ref": "ps",
2026-08-14T16:23:27.2008460Z           "type": "suggests",
2026-08-14T16:23:27.2008550Z           "package": "ps",
2026-08-14T16:23:27.2008630Z           "op": "",
2026-08-14T16:23:27.2008720Z           "version": ""
2026-08-14T16:23:27.2008780Z         },
2026-08-14T16:23:27.2008830Z         {
2026-08-14T16:23:27.2008910Z           "ref": "R6",
2026-08-14T16:23:27.2009010Z           "type": "imports",
2026-08-14T16:23:27.2009110Z           "package": "R6",
2026-08-14T16:23:27.2009190Z           "op": "",
2026-08-14T16:23:27.2009280Z           "version": ""
2026-08-14T16:23:27.2009340Z         },
2026-08-14T16:23:27.2009400Z         {
2026-08-14T16:23:27.2009500Z           "ref": "rmarkdown",
2026-08-14T16:23:27.2009600Z           "type": "suggests",
2026-08-14T16:23:27.2009710Z           "package": "rmarkdown",
2026-08-14T16:23:27.2009790Z           "op": "",
2026-08-14T16:23:27.2009880Z           "version": ""
2026-08-14T16:23:27.2009940Z         },
2026-08-14T16:23:27.2009990Z         {
2026-08-14T16:23:27.2010090Z           "ref": "rprojroot",
2026-08-14T16:23:27.2010190Z           "type": "imports",
2026-08-14T16:23:27.2010300Z           "package": "rprojroot",
2026-08-14T16:23:27.2010380Z           "op": "",
2026-08-14T16:23:27.2010470Z           "version": ""
2026-08-14T16:23:27.2010530Z         },
2026-08-14T16:23:27.2010590Z         {
2026-08-14T16:23:27.2010690Z           "ref": "sessioninfo",
2026-08-14T16:23:27.2010790Z           "type": "imports",
2026-08-14T16:23:27.2010900Z           "package": "sessioninfo",
2026-08-14T16:23:27.2010990Z           "op": ">=",
2026-08-14T16:23:27.2011080Z           "version": "1.1.1"
2026-08-14T16:23:27.2011190Z         },
2026-08-14T16:23:27.2011250Z         {
2026-08-14T16:23:27.2011340Z           "ref": "svglite",
2026-08-14T16:23:27.2011440Z           "type": "suggests",
2026-08-14T16:23:27.2011550Z           "package": "svglite",
2026-08-14T16:23:27.2011620Z           "op": "",
2026-08-14T16:23:27.2011710Z           "version": ""
2026-08-14T16:23:27.2011780Z         },
2026-08-14T16:23:27.2011830Z         {
2026-08-14T16:23:27.2011930Z           "ref": "testthat",
2026-08-14T16:23:27.2012030Z           "type": "suggests",
2026-08-14T16:23:27.2012130Z           "package": "testthat",
2026-08-14T16:23:27.2012210Z           "op": "",
2026-08-14T16:23:27.2012300Z           "version": ""
2026-08-14T16:23:27.2012360Z         },
2026-08-14T16:23:27.2012420Z         {
2026-08-14T16:23:27.2012510Z           "ref": "utils",
2026-08-14T16:23:27.2012610Z           "type": "imports",
2026-08-14T16:23:27.2012700Z           "package": "utils",
2026-08-14T16:23:27.2012780Z           "op": "",
2026-08-14T16:23:27.2012870Z           "version": ""
2026-08-14T16:23:27.2012940Z         },
2026-08-14T16:23:27.2012990Z         {
2026-08-14T16:23:27.2013090Z           "ref": "webfakes",
2026-08-14T16:23:27.2013180Z           "type": "suggests",
2026-08-14T16:23:27.2013290Z           "package": "webfakes",
2026-08-14T16:23:27.2013370Z           "op": "",
2026-08-14T16:23:27.2013460Z           "version": ""
2026-08-14T16:23:27.2013520Z         },
2026-08-14T16:23:27.2013580Z         {
2026-08-14T16:23:27.2013670Z           "ref": "withr",
2026-08-14T16:23:27.2013770Z           "type": "imports",
2026-08-14T16:23:27.2013860Z           "package": "withr",
2026-08-14T16:23:27.2013940Z           "op": "",
2026-08-14T16:23:27.2014030Z           "version": ""
2026-08-14T16:23:27.2014100Z         },
2026-08-14T16:23:27.2014150Z         {
2026-08-14T16:23:27.2014440Z           "ref": "xopen",
2026-08-14T16:23:27.2014540Z           "type": "imports",
2026-08-14T16:23:27.2014640Z           "package": "xopen",
2026-08-14T16:23:27.2014720Z           "op": "",
2026-08-14T16:23:27.2014810Z           "version": ""
2026-08-14T16:23:27.2014860Z         }
2026-08-14T16:23:27.2014910Z       ],
2026-08-14T16:23:27.2015010Z       "vignettes": false,
2026-08-14T16:23:27.2015120Z       "needscompilation": false,
2026-08-14T16:23:27.2015200Z       "metadata": {
2026-08-14T16:23:27.2015300Z         "RemoteType": "any",
2026-08-14T16:23:27.2015440Z         "RemotePkgRef": "any::rcmdcheck",
2026-08-14T16:23:27.2015560Z         "RemoteRef": "any::rcmdcheck",
2026-08-14T16:23:27.2015730Z         "RemoteRepos": "https://cran.rstudio.com",
2026-08-14T16:23:27.2015900Z         "RemotePkgPlatform": "aarch64-apple-darwin23",
2026-08-14T16:23:27.2016000Z         "RemoteSha": "1.4.0"
2026-08-14T16:23:27.2016060Z       },
2026-08-14T16:23:27.2016730Z       "sources": ["https://cran.rstudio.com/bin/macosx/sonoma-arm64/contrib/4.6/rcmdcheck_1.4.0.tgz", "https://mac.cran.dev/bin/macosx/sonoma-arm64/contrib/4.6/rcmdcheck_1.4.0.tgz"],
2026-08-14T16:23:27.2016970Z       "target": "bin/macosx/sonoma-arm64/contrib/4.6/rcmdcheck_1.4.0.tgz",
2026-08-14T16:23:27.2017110Z       "platform": "aarch64-apple-darwin23",
2026-08-14T16:23:27.2017200Z       "rversion": "4.6",
2026-08-14T16:23:27.2017370Z       "built": "R 4.6.0; ; 2026-04-26 05:20:34 UTC; unix",
2026-08-14T16:23:27.2017470Z       "directpkg": true,
2026-08-14T16:23:27.2017590Z       "license": "MIT + file LICENSE",
2026-08-14T16:23:27.2017890Z       "sha256": "\n        7065bc6bea38386c81c1d6b2f10219a77b9e40824e3db6187a1b019a45bbd287",
2026-08-14T16:23:27.2018060Z       "dep_types": ["Depends", "Imports", "LinkingTo"],
2026-08-14T16:23:27.2018150Z       "params": [],
2026-08-14T16:23:27.2018240Z       "install_args": [],
2026-08-14T16:23:27.2018330Z       "repotype": "cran"
2026-08-14T16:23:27.2018380Z     },
2026-08-14T16:23:27.2018420Z     {
2026-08-14T16:23:27.2018520Z       "ref": "rprojroot",
2026-08-14T16:23:27.2018620Z       "package": "rprojroot",
2026-08-14T16:23:27.2018720Z       "version": "2.1.1",
2026-08-14T16:23:27.2018850Z       "type": "standard",
2026-08-14T16:23:27.2018940Z       "direct": false,
2026-08-14T16:23:27.2019030Z       "binary": true,
2026-08-14T16:23:27.2019130Z       "dependencies": [],
2026-08-14T16:23:27.2019200Z       "deps": [
2026-08-14T16:23:27.2019250Z         {
2026-08-14T16:23:27.2019340Z           "ref": "covr",
2026-08-14T16:23:27.2019440Z           "type": "suggests",
2026-08-14T16:23:27.2019540Z           "package": "covr",
2026-08-14T16:23:27.2019620Z           "op": "",
2026-08-14T16:23:27.2019700Z           "version": ""
2026-08-14T16:23:27.2019770Z         },
2026-08-14T16:23:27.2019820Z         {
2026-08-14T16:23:27.2019910Z           "ref": "knitr",
2026-08-14T16:23:27.2020010Z           "type": "suggests",
2026-08-14T16:23:27.2020110Z           "package": "knitr",
2026-08-14T16:23:27.2020190Z           "op": "",
2026-08-14T16:23:27.2020280Z           "version": ""
2026-08-14T16:23:27.2020350Z         },
2026-08-14T16:23:27.2020400Z         {
2026-08-14T16:23:27.2020500Z           "ref": "lifecycle",
2026-08-14T16:23:27.2020600Z           "type": "suggests",
2026-08-14T16:23:27.2020710Z           "package": "lifecycle",
2026-08-14T16:23:27.2020790Z           "op": "",
2026-08-14T16:23:27.2020880Z           "version": ""
2026-08-14T16:23:27.2020940Z         },
2026-08-14T16:23:27.2021000Z         {
2026-08-14T16:23:27.2021080Z           "ref": "R",
2026-08-14T16:23:27.2021180Z           "type": "depends",
2026-08-14T16:23:27.2021270Z           "package": "R",
2026-08-14T16:23:27.2021360Z           "op": ">=",
2026-08-14T16:23:27.2021450Z           "version": "3.0.0"
2026-08-14T16:23:27.2021520Z         },
2026-08-14T16:23:27.2021570Z         {
2026-08-14T16:23:27.2021660Z           "ref": "rlang",
2026-08-14T16:23:27.2021760Z           "type": "suggests",
2026-08-14T16:23:27.2021910Z           "package": "rlang",
2026-08-14T16:23:27.2021990Z           "op": "",
2026-08-14T16:23:27.2022080Z           "version": ""
2026-08-14T16:23:27.2022140Z         },
2026-08-14T16:23:27.2022200Z         {
2026-08-14T16:23:27.2022300Z           "ref": "rmarkdown",
2026-08-14T16:23:27.2022400Z           "type": "suggests",
2026-08-14T16:23:27.2022510Z           "package": "rmarkdown",
2026-08-14T16:23:27.2022590Z           "op": "",
2026-08-14T16:23:27.2022680Z           "version": ""
2026-08-14T16:23:27.2022740Z         },
2026-08-14T16:23:27.2022800Z         {
2026-08-14T16:23:27.2022890Z           "ref": "testthat",
2026-08-14T16:23:27.2022990Z           "type": "suggests",
2026-08-14T16:23:27.2023090Z           "package": "testthat",
2026-08-14T16:23:27.2023180Z           "op": ">=",
2026-08-14T16:23:27.2023270Z           "version": "3.2.0"
2026-08-14T16:23:27.2023340Z         },
2026-08-14T16:23:27.2023390Z         {
2026-08-14T16:23:27.2023520Z           "ref": "withr",
2026-08-14T16:23:27.2023620Z           "type": "suggests",
2026-08-14T16:23:27.2023720Z           "package": "withr",
2026-08-14T16:23:27.2023800Z           "op": "",
2026-08-14T16:23:27.2023880Z           "version": ""
2026-08-14T16:23:27.2023950Z         }
2026-08-14T16:23:27.2024010Z       ],
2026-08-14T16:23:27.2024100Z       "vignettes": false,
2026-08-14T16:23:27.2024210Z       "needscompilation": false,
2026-08-14T16:23:27.2024290Z       "metadata": {
2026-08-14T16:23:27.2024400Z         "RemoteType": "standard",
2026-08-14T16:23:27.2024520Z         "RemotePkgRef": "rprojroot",
2026-08-14T16:23:27.2024630Z         "RemoteRef": "rprojroot",
2026-08-14T16:23:27.2024790Z         "RemoteRepos": "https://cran.rstudio.com",
2026-08-14T16:23:27.2024960Z         "RemotePkgPlatform": "aarch64-apple-darwin23",
2026-08-14T16:23:27.2025060Z         "RemoteSha": "2.1.1"
2026-08-14T16:23:27.2025110Z       },
2026-08-14T16:23:27.2025810Z       "sources": ["https://cran.rstudio.com/bin/macosx/sonoma-arm64/contrib/4.6/rprojroot_2.1.1.tgz", "https://mac.cran.dev/bin/macosx/sonoma-arm64/contrib/4.6/rprojroot_2.1.1.tgz"],
2026-08-14T16:23:27.2026060Z       "target": "bin/macosx/sonoma-arm64/contrib/4.6/rprojroot_2.1.1.tgz",
2026-08-14T16:23:27.2026270Z       "platform": "aarch64-apple-darwin23",
2026-08-14T16:23:27.2026370Z       "rversion": "4.6",
2026-08-14T16:23:27.2026540Z       "built": "R 4.6.0; ; 2026-04-25 15:48:39 UTC; unix",
2026-08-14T16:23:27.2026640Z       "directpkg": false,
2026-08-14T16:23:27.2026760Z       "license": "MIT + file LICENSE",
2026-08-14T16:23:27.2027060Z       "sha256": "\n        05f9e86b369771d53844e3d958dd717eaab3d020f0fd81bd78537f322699b894",
2026-08-14T16:23:27.2027230Z       "dep_types": ["Depends", "Imports", "LinkingTo"],
2026-08-14T16:23:27.2027310Z       "params": [],
2026-08-14T16:23:27.2027410Z       "install_args": [],
2026-08-14T16:23:27.2027500Z       "repotype": "cran"
2026-08-14T16:23:27.2027540Z     },
2026-08-14T16:23:27.2027590Z     {
2026-08-14T16:23:27.2027670Z       "ref": "xopen",
2026-08-14T16:23:27.2027770Z       "package": "xopen",
2026-08-14T16:23:27.2027860Z       "version": "1.0.1",
2026-08-14T16:23:27.2027950Z       "type": "standard",
2026-08-14T16:23:27.2028040Z       "direct": false,
2026-08-14T16:23:27.2028120Z       "binary": true,
2026-08-14T16:23:27.2028240Z       "dependencies": ["processx"],
2026-08-14T16:23:27.2028320Z       "deps": [
2026-08-14T16:23:27.2028370Z         {
2026-08-14T16:23:27.2028470Z           "ref": "processx",
2026-08-14T16:23:27.2028570Z           "type": "imports",
2026-08-14T16:23:27.2028680Z           "package": "processx",
2026-08-14T16:23:27.2028750Z           "op": "",
2026-08-14T16:23:27.2028850Z           "version": ""
2026-08-14T16:23:27.2028910Z         },
2026-08-14T16:23:27.2028970Z         {
2026-08-14T16:23:27.2029050Z           "ref": "ps",
2026-08-14T16:23:27.2029150Z           "type": "suggests",
2026-08-14T16:23:27.2029250Z           "package": "ps",
2026-08-14T16:23:27.2029330Z           "op": "",
2026-08-14T16:23:27.2029410Z           "version": ""
2026-08-14T16:23:27.2029530Z         },
2026-08-14T16:23:27.2029590Z         {
2026-08-14T16:23:27.2029670Z           "ref": "R",
2026-08-14T16:23:27.2029770Z           "type": "depends",
2026-08-14T16:23:27.2029860Z           "package": "R",
2026-08-14T16:23:27.2029940Z           "op": ">=",
2026-08-14T16:23:27.2030040Z           "version": "3.1"
2026-08-14T16:23:27.2030100Z         },
2026-08-14T16:23:27.2030160Z         {
2026-08-14T16:23:27.2030250Z           "ref": "testthat",
2026-08-14T16:23:27.2030350Z           "type": "suggests",
2026-08-14T16:23:27.2030460Z           "package": "testthat",
2026-08-14T16:23:27.2030540Z           "op": ">=",
2026-08-14T16:23:27.2030640Z           "version": "3.0.0"
2026-08-14T16:23:27.2030690Z         }
2026-08-14T16:23:27.2030750Z       ],
2026-08-14T16:23:27.2030840Z       "vignettes": false,
2026-08-14T16:23:27.2030950Z       "needscompilation": false,
2026-08-14T16:23:27.2031030Z       "metadata": {
2026-08-14T16:23:27.2031140Z         "RemoteType": "standard",
2026-08-14T16:23:27.2031260Z         "RemotePkgRef": "xopen",
2026-08-14T16:23:27.2031360Z         "RemoteRef": "xopen",
2026-08-14T16:23:27.2031520Z         "RemoteRepos": "https://cran.rstudio.com",
2026-08-14T16:23:27.2031690Z         "RemotePkgPlatform": "aarch64-apple-darwin23",
2026-08-14T16:23:27.2031790Z         "RemoteSha": "1.0.1"
2026-08-14T16:23:27.2031840Z       },
2026-08-14T16:23:27.2032650Z       "sources": ["https://cran.rstudio.com/bin/macosx/sonoma-arm64/contrib/4.6/xopen_1.0.1.tgz", "https://mac.cran.dev/bin/macosx/sonoma-arm64/contrib/4.6/xopen_1.0.1.tgz"],
2026-08-14T16:23:27.2032890Z       "target": "bin/macosx/sonoma-arm64/contrib/4.6/xopen_1.0.1.tgz",
2026-08-14T16:23:27.2033030Z       "platform": "aarch64-apple-darwin23",
2026-08-14T16:23:27.2033120Z       "rversion": "4.6",
2026-08-14T16:23:27.2033290Z       "built": "R 4.6.0; ; 2026-04-25 23:22:53 UTC; unix",
2026-08-14T16:23:27.2033380Z       "directpkg": false,
2026-08-14T16:23:27.2033510Z       "license": "MIT + file LICENSE",
2026-08-14T16:23:27.2033930Z       "sha256": "\n        8afa87c33a739c4d8d71c16efc9e10c74c6b98963122b5ced0bc40729e365893",
2026-08-14T16:23:27.2034170Z       "dep_types": ["Depends", "Imports", "LinkingTo"],
2026-08-14T16:23:27.2034250Z       "params": [],
2026-08-14T16:23:27.2034350Z       "install_args": [],
2026-08-14T16:23:27.2034440Z       "repotype": "cran"
2026-08-14T16:23:27.2034490Z     },
2026-08-14T16:23:27.2034530Z     {
2026-08-14T16:23:27.2034610Z       "ref": "brio",
2026-08-14T16:23:27.2034710Z       "package": "brio",
2026-08-14T16:23:27.2034800Z       "version": "1.1.5",
2026-08-14T16:23:27.2034890Z       "type": "standard",
2026-08-14T16:23:27.2034980Z       "direct": false,
2026-08-14T16:23:27.2035060Z       "binary": true,
2026-08-14T16:23:27.2035160Z       "dependencies": [],
2026-08-14T16:23:27.2035230Z       "deps": [
2026-08-14T16:23:27.2035280Z         {
2026-08-14T16:23:27.2035370Z           "ref": "covr",
2026-08-14T16:23:27.2035470Z           "type": "suggests",
2026-08-14T16:23:27.2035580Z           "package": "covr",
2026-08-14T16:23:27.2035650Z           "op": "",
2026-08-14T16:23:27.2035740Z           "version": ""
2026-08-14T16:23:27.2035810Z         },
2026-08-14T16:23:27.2035860Z         {
2026-08-14T16:23:27.2035950Z           "ref": "R",
2026-08-14T16:23:27.2036050Z           "type": "depends",
2026-08-14T16:23:27.2036140Z           "package": "R",
2026-08-14T16:23:27.2036220Z           "op": ">=",
2026-08-14T16:23:27.2036310Z           "version": "3.6"
2026-08-14T16:23:27.2036380Z         },
2026-08-14T16:23:27.2036430Z         {
2026-08-14T16:23:27.2036530Z           "ref": "testthat",
2026-08-14T16:23:27.2036630Z           "type": "suggests",
2026-08-14T16:23:27.2036740Z           "package": "testthat",
2026-08-14T16:23:27.2036820Z           "op": ">=",
2026-08-14T16:23:27.2036920Z           "version": "3.0.0"
2026-08-14T16:23:27.2036970Z         }
2026-08-14T16:23:27.2037030Z       ],
2026-08-14T16:23:27.2037120Z       "vignettes": false,
2026-08-14T16:23:27.2037230Z       "needscompilation": true,
2026-08-14T16:23:27.2037360Z       "metadata": {
2026-08-14T16:23:27.2037470Z         "RemoteType": "standard",
2026-08-14T16:23:27.2037580Z         "RemotePkgRef": "brio",
2026-08-14T16:23:27.2037680Z         "RemoteRef": "brio",
2026-08-14T16:23:27.2037830Z         "RemoteRepos": "https://cran.rstudio.com",
2026-08-14T16:23:27.2038000Z         "RemotePkgPlatform": "aarch64-apple-darwin23",
2026-08-14T16:23:27.2038100Z         "RemoteSha": "1.1.5"
2026-08-14T16:23:27.2038150Z       },
2026-08-14T16:23:27.2038770Z       "sources": ["https://cran.rstudio.com/bin/macosx/sonoma-arm64/contrib/4.6/brio_1.1.5.tgz", "https://mac.cran.dev/bin/macosx/sonoma-arm64/contrib/4.6/brio_1.1.5.tgz"],
2026-08-14T16:23:27.2038990Z       "target": "bin/macosx/sonoma-arm64/contrib/4.6/brio_1.1.5.tgz",
2026-08-14T16:23:27.2039130Z       "platform": "aarch64-apple-darwin23",
2026-08-14T16:23:27.2039220Z       "rversion": "4.6",
2026-08-14T16:23:27.2039470Z       "built": "R 4.6.0; aarch64-apple-darwin23; 2026-04-25 15:54:00 UTC; unix",
2026-08-14T16:23:27.2039570Z       "directpkg": false,
2026-08-14T16:23:27.2039680Z       "license": "MIT + file LICENSE",
2026-08-14T16:23:27.2040000Z       "sha256": "\n        579d4d5b5e09afa1c78349a81f4534baa01d336cf6bde9aaba8d816a34237a72",
2026-08-14T16:23:27.2040160Z       "dep_types": ["Depends", "Imports", "LinkingTo"],
2026-08-14T16:23:27.2040240Z       "params": [],
2026-08-14T16:23:27.2040340Z       "install_args": [],
2026-08-14T16:23:27.2040430Z       "repotype": "cran"
2026-08-14T16:23:27.2040480Z     },
2026-08-14T16:23:27.2040520Z     {
2026-08-14T16:23:27.2040610Z       "ref": "crayon",
2026-08-14T16:23:27.2040710Z       "package": "crayon",
2026-08-14T16:23:27.2040800Z       "version": "1.5.3",
2026-08-14T16:23:27.2040890Z       "type": "standard",
2026-08-14T16:23:27.2040970Z       "direct": false,
2026-08-14T16:23:27.2041060Z       "binary": true,
2026-08-14T16:23:27.2041150Z       "dependencies": [],
2026-08-14T16:23:27.2041230Z       "deps": [
2026-08-14T16:23:27.2041290Z         {
2026-08-14T16:23:27.2041390Z           "ref": "grDevices",
2026-08-14T16:23:27.2041480Z           "type": "imports",
2026-08-14T16:23:27.2041640Z           "package": "grDevices",
2026-08-14T16:23:27.2041730Z           "op": "",
2026-08-14T16:23:27.2041810Z           "version": ""
2026-08-14T16:23:27.2041880Z         },
2026-08-14T16:23:27.2041930Z         {
2026-08-14T16:23:27.2042030Z           "ref": "methods",
2026-08-14T16:23:27.2042120Z           "type": "imports",
2026-08-14T16:23:27.2042230Z           "package": "methods",
2026-08-14T16:23:27.2042310Z           "op": "",
2026-08-14T16:23:27.2042390Z           "version": ""
2026-08-14T16:23:27.2042460Z         },
2026-08-14T16:23:27.2042510Z         {
2026-08-14T16:23:27.2042610Z           "ref": "mockery",
2026-08-14T16:23:27.2042710Z           "type": "suggests",
2026-08-14T16:23:27.2042810Z           "package": "mockery",
2026-08-14T16:23:27.2042890Z           "op": "",
2026-08-14T16:23:27.2042970Z           "version": ""
2026-08-14T16:23:27.2043040Z         },
2026-08-14T16:23:27.2043090Z         {
2026-08-14T16:23:27.2043200Z           "ref": "rstudioapi",
2026-08-14T16:23:27.2043300Z           "type": "suggests",
2026-08-14T16:23:27.2043420Z           "package": "rstudioapi",
2026-08-14T16:23:27.2043500Z           "op": "",
2026-08-14T16:23:27.2043580Z           "version": ""
2026-08-14T16:23:27.2043650Z         },
2026-08-14T16:23:27.2043700Z         {
2026-08-14T16:23:27.2043800Z           "ref": "testthat",
2026-08-14T16:23:27.2043900Z           "type": "suggests",
2026-08-14T16:23:27.2044010Z           "package": "testthat",
2026-08-14T16:23:27.2044080Z           "op": "",
2026-08-14T16:23:27.2044170Z           "version": ""
2026-08-14T16:23:27.2044240Z         },
2026-08-14T16:23:27.2044290Z         {
2026-08-14T16:23:27.2044380Z           "ref": "utils",
2026-08-14T16:23:27.2044480Z           "type": "imports",
2026-08-14T16:23:27.2044580Z           "package": "utils",
2026-08-14T16:23:27.2044660Z           "op": "",
2026-08-14T16:23:27.2044820Z           "version": ""
2026-08-14T16:23:27.2044880Z         },
2026-08-14T16:23:27.2044940Z         {
2026-08-14T16:23:27.2045030Z           "ref": "withr",
2026-08-14T16:23:27.2045130Z           "type": "suggests",
2026-08-14T16:23:27.2045230Z           "package": "withr",
2026-08-14T16:23:27.2048310Z           "op": "",
2026-08-14T16:23:27.2048420Z           "version": ""
2026-08-14T16:23:27.2048470Z         }
2026-08-14T16:23:27.2048520Z       ],
2026-08-14T16:23:27.2048620Z       "vignettes": false,
2026-08-14T16:23:27.2048730Z       "needscompilation": false,
2026-08-14T16:23:27.2048810Z       "metadata": {
2026-08-14T16:23:27.2048920Z         "RemoteType": "standard",
2026-08-14T16:23:27.2049030Z         "RemotePkgRef": "crayon",
2026-08-14T16:23:27.2049130Z         "RemoteRef": "crayon",
2026-08-14T16:23:27.2049300Z         "RemoteRepos": "https://cran.rstudio.com",
2026-08-14T16:23:27.2049470Z         "RemotePkgPlatform": "aarch64-apple-darwin23",
2026-08-14T16:23:27.2049580Z         "RemoteSha": "1.5.3"
2026-08-14T16:23:27.2049630Z       },
2026-08-14T16:23:27.2050280Z       "sources": ["https://cran.rstudio.com/bin/macosx/sonoma-arm64/contrib/4.6/crayon_1.5.3.tgz", "https://mac.cran.dev/bin/macosx/sonoma-arm64/contrib/4.6/crayon_1.5.3.tgz"],
2026-08-14T16:23:27.2050500Z       "target": "bin/macosx/sonoma-arm64/contrib/4.6/crayon_1.5.3.tgz",
2026-08-14T16:23:27.2050640Z       "platform": "aarch64-apple-darwin23",
2026-08-14T16:23:27.2050730Z       "rversion": "4.6",
2026-08-14T16:23:27.2050900Z       "built": "R 4.6.0; ; 2026-04-25 15:44:21 UTC; unix",
2026-08-14T16:23:27.2050990Z       "directpkg": false,
2026-08-14T16:23:27.2051120Z       "license": "MIT + file LICENSE",
2026-08-14T16:23:27.2051420Z       "sha256": "\n        56eb15fdd5494dabcf5fa8c7114b4d10f35b7f8640dc1fa6e643812082e6845b",
2026-08-14T16:23:27.2051600Z       "dep_types": ["Depends", "Imports", "LinkingTo"],
2026-08-14T16:23:27.2051680Z       "params": [],
2026-08-14T16:23:27.2051770Z       "install_args": [],
2026-08-14T16:23:27.2051870Z       "repotype": "cran"
2026-08-14T16:23:27.2051910Z     },
2026-08-14T16:23:27.2051960Z     {
2026-08-14T16:23:27.2052050Z       "ref": "diffobj",
2026-08-14T16:23:27.2052230Z       "package": "diffobj",
2026-08-14T16:23:27.2052320Z       "version": "0.3.8",
2026-08-14T16:23:27.2052420Z       "type": "standard",
2026-08-14T16:23:27.2052500Z       "direct": false,
2026-08-14T16:23:27.2052580Z       "binary": true,
2026-08-14T16:23:27.2052700Z       "dependencies": ["crayon"],
2026-08-14T16:23:27.2052770Z       "deps": [
2026-08-14T16:23:27.2052820Z         {
2026-08-14T16:23:27.2052920Z           "ref": "crayon",
2026-08-14T16:23:27.2053010Z           "type": "imports",
2026-08-14T16:23:27.2053120Z           "package": "crayon",
2026-08-14T16:23:27.2053200Z           "op": ">=",
2026-08-14T16:23:27.2053300Z           "version": "1.3.2"
2026-08-14T16:23:27.2053370Z         },
2026-08-14T16:23:27.2053420Z         {
2026-08-14T16:23:27.2053510Z           "ref": "knitr",
2026-08-14T16:23:27.2053610Z           "type": "suggests",
2026-08-14T16:23:27.2053710Z           "package": "knitr",
2026-08-14T16:23:27.2053790Z           "op": "",
2026-08-14T16:23:27.2053880Z           "version": ""
2026-08-14T16:23:27.2053950Z         },
2026-08-14T16:23:27.2054000Z         {
2026-08-14T16:23:27.2054090Z           "ref": "methods",
2026-08-14T16:23:27.2054190Z           "type": "imports",
2026-08-14T16:23:27.2054290Z           "package": "methods",
2026-08-14T16:23:27.2054370Z           "op": "",
2026-08-14T16:23:27.2054450Z           "version": ""
2026-08-14T16:23:27.2054520Z         },
2026-08-14T16:23:27.2054570Z         {
2026-08-14T16:23:27.2054660Z           "ref": "R",
2026-08-14T16:23:27.2054750Z           "type": "depends",
2026-08-14T16:23:27.2054850Z           "package": "R",
2026-08-14T16:23:27.2054930Z           "op": ">=",
2026-08-14T16:23:27.2055030Z           "version": "4.1.0"
2026-08-14T16:23:27.2055090Z         },
2026-08-14T16:23:27.2055140Z         {
2026-08-14T16:23:27.2055300Z           "ref": "rmarkdown",
2026-08-14T16:23:27.2055400Z           "type": "suggests",
2026-08-14T16:23:27.2055510Z           "package": "rmarkdown",
2026-08-14T16:23:27.2055590Z           "op": "",
2026-08-14T16:23:27.2055680Z           "version": ""
2026-08-14T16:23:27.2055750Z         },
2026-08-14T16:23:27.2055810Z         {
2026-08-14T16:23:27.2055900Z           "ref": "stats",
2026-08-14T16:23:27.2055990Z           "type": "imports",
2026-08-14T16:23:27.2056090Z           "package": "stats",
2026-08-14T16:23:27.2056170Z           "op": "",
2026-08-14T16:23:27.2056260Z           "version": ""
2026-08-14T16:23:27.2056320Z         },
2026-08-14T16:23:27.2056380Z         {
2026-08-14T16:23:27.2056470Z           "ref": "tools",
2026-08-14T16:23:27.2056560Z           "type": "imports",
2026-08-14T16:23:27.2056660Z           "package": "tools",
2026-08-14T16:23:27.2056740Z           "op": "",
2026-08-14T16:23:27.2056830Z           "version": ""
2026-08-14T16:23:27.2056890Z         },
2026-08-14T16:23:27.2056950Z         {
2026-08-14T16:23:27.2057040Z           "ref": "utils",
2026-08-14T16:23:27.2057140Z           "type": "imports",
2026-08-14T16:23:27.2057240Z           "package": "utils",
2026-08-14T16:23:27.2057320Z           "op": "",
2026-08-14T16:23:27.2057410Z           "version": ""
2026-08-14T16:23:27.2057460Z         }
2026-08-14T16:23:27.2057520Z       ],
2026-08-14T16:23:27.2057610Z       "vignettes": false,
2026-08-14T16:23:27.2057720Z       "needscompilation": true,
2026-08-14T16:23:27.2057790Z       "metadata": {
2026-08-14T16:23:27.2057910Z         "RemoteType": "standard",
2026-08-14T16:23:27.2058020Z         "RemotePkgRef": "diffobj",
2026-08-14T16:23:27.2058120Z         "RemoteRef": "diffobj",
2026-08-14T16:23:27.2058280Z         "RemoteRepos": "https://cran.rstudio.com",
2026-08-14T16:23:27.2058450Z         "RemotePkgPlatform": "aarch64-apple-darwin23",
2026-08-14T16:23:27.2058550Z         "RemoteSha": "0.3.8"
2026-08-14T16:23:27.2058600Z       },
2026-08-14T16:23:27.2059250Z       "sources": ["https://cran.rstudio.com/bin/macosx/sonoma-arm64/contrib/4.6/diffobj_0.3.8.tgz", "https://mac.cran.dev/bin/macosx/sonoma-arm64/contrib/4.6/diffobj_0.3.8.tgz"],
2026-08-14T16:23:27.2059650Z       "target": "bin/macosx/sonoma-arm64/contrib/4.6/diffobj_0.3.8.tgz",
2026-08-14T16:23:27.2059790Z       "platform": "aarch64-apple-darwin23",
2026-08-14T16:23:27.2059880Z       "rversion": "4.6",
2026-08-14T16:23:27.2060140Z       "built": "R 4.6.1; aarch64-apple-darwin23; 2026-07-17 21:40:44 UTC; unix",
2026-08-14T16:23:27.2060230Z       "directpkg": false,
2026-08-14T16:23:27.2060340Z       "license": "GPL-2 | GPL-3",
2026-08-14T16:23:27.2060640Z       "sha256": "\n        a80714df68f4c90f0bd645bc4304c4373c82df14434c6b938a66c25ba21b7df5",
2026-08-14T16:23:27.2060820Z       "dep_types": ["Depends", "Imports", "LinkingTo"],
2026-08-14T16:23:27.2060910Z       "params": [],
2026-08-14T16:23:27.2061020Z       "install_args": [],
2026-08-14T16:23:27.2061120Z       "repotype": "cran"
2026-08-14T16:23:27.2061180Z     },
2026-08-14T16:23:27.2061230Z     {
2026-08-14T16:23:27.2061320Z       "ref": "evaluate",
2026-08-14T16:23:27.2061420Z       "package": "evaluate",
2026-08-14T16:23:27.2061520Z       "version": "1.0.5",
2026-08-14T16:23:27.2061620Z       "type": "standard",
2026-08-14T16:23:27.2061730Z       "direct": false,
2026-08-14T16:23:27.2061830Z       "binary": true,
2026-08-14T16:23:27.2061950Z       "dependencies": [],
2026-08-14T16:23:27.2062040Z       "deps": [
2026-08-14T16:23:27.2062100Z         {
2026-08-14T16:23:27.2062190Z           "ref": "callr",
2026-08-14T16:23:27.2062290Z           "type": "suggests",
2026-08-14T16:23:27.2062390Z           "package": "callr",
2026-08-14T16:23:27.2062470Z           "op": "",
2026-08-14T16:23:27.2062550Z           "version": ""
2026-08-14T16:23:27.2062610Z         },
2026-08-14T16:23:27.2062670Z         {
2026-08-14T16:23:27.2062760Z           "ref": "covr",
2026-08-14T16:23:27.2062860Z           "type": "suggests",
2026-08-14T16:23:27.2062960Z           "package": "covr",
2026-08-14T16:23:27.2063090Z           "op": "",
2026-08-14T16:23:27.2063180Z           "version": ""
2026-08-14T16:23:27.2063240Z         },
2026-08-14T16:23:27.2063300Z         {
2026-08-14T16:23:27.2063390Z           "ref": "ggplot2",
2026-08-14T16:23:27.2063490Z           "type": "suggests",
2026-08-14T16:23:27.2063730Z           "package": "ggplot2",
2026-08-14T16:23:27.2063810Z           "op": ">=",
2026-08-14T16:23:27.2063930Z           "version": "3.3.6"
2026-08-14T16:23:27.2063990Z         },
2026-08-14T16:23:27.2064050Z         {
2026-08-14T16:23:27.2064150Z           "ref": "knitr",
2026-08-14T16:23:27.2064260Z           "type": "suggests",
2026-08-14T16:23:27.2064380Z           "package": "knitr",
2026-08-14T16:23:27.2064470Z           "op": "",
2026-08-14T16:23:27.2064560Z           "version": ""
2026-08-14T16:23:27.2064630Z         },
2026-08-14T16:23:27.2064680Z         {
2026-08-14T16:23:27.2064790Z           "ref": "lattice",
2026-08-14T16:23:27.2064920Z           "type": "suggests",
2026-08-14T16:23:27.2065050Z           "package": "lattice",
2026-08-14T16:23:27.2065150Z           "op": "",
2026-08-14T16:23:27.2065240Z           "version": ""
2026-08-14T16:23:27.2065310Z         },
2026-08-14T16:23:27.2065370Z         {
2026-08-14T16:23:27.2065460Z           "ref": "methods",
2026-08-14T16:23:27.2065560Z           "type": "suggests",
2026-08-14T16:23:27.2065660Z           "package": "methods",
2026-08-14T16:23:27.2065740Z           "op": "",
2026-08-14T16:23:27.2065830Z           "version": ""
2026-08-14T16:23:27.2065900Z         },
2026-08-14T16:23:27.2065950Z         {
2026-08-14T16:23:27.2066050Z           "ref": "pkgload",
2026-08-14T16:23:27.2066150Z           "type": "suggests",
2026-08-14T16:23:27.2066250Z           "package": "pkgload",
2026-08-14T16:23:27.2066330Z           "op": "",
2026-08-14T16:23:27.2066410Z           "version": ""
2026-08-14T16:23:27.2066480Z         },
2026-08-14T16:23:27.2066530Z         {
2026-08-14T16:23:27.2066610Z           "ref": "R",
2026-08-14T16:23:27.2066710Z           "type": "depends",
2026-08-14T16:23:27.2066800Z           "package": "R",
2026-08-14T16:23:27.2066890Z           "op": ">=",
2026-08-14T16:23:27.2067040Z           "version": "3.6.0"
2026-08-14T16:23:27.2067110Z         },
2026-08-14T16:23:27.2067160Z         {
2026-08-14T16:23:27.2067250Z           "ref": "ragg",
2026-08-14T16:23:27.2067350Z           "type": "suggests",
2026-08-14T16:23:27.2067450Z           "package": "ragg",
2026-08-14T16:23:27.2067530Z           "op": ">=",
2026-08-14T16:23:27.2067630Z           "version": "1.4.0"
2026-08-14T16:23:27.2067700Z         },
2026-08-14T16:23:27.2067750Z         {
2026-08-14T16:23:27.2067840Z           "ref": "rlang",
2026-08-14T16:23:27.2067940Z           "type": "suggests",
2026-08-14T16:23:27.2068040Z           "package": "rlang",
2026-08-14T16:23:27.2068120Z           "op": ">=",
2026-08-14T16:23:27.2068220Z           "version": "1.1.5"
2026-08-14T16:23:27.2068280Z         },
2026-08-14T16:23:27.2068340Z         {
2026-08-14T16:23:27.2068440Z           "ref": "testthat",
2026-08-14T16:23:27.2068540Z           "type": "suggests",
2026-08-14T16:23:27.2068650Z           "package": "testthat",
2026-08-14T16:23:27.2068730Z           "op": ">=",
2026-08-14T16:23:27.2068830Z           "version": "3.0.0"
2026-08-14T16:23:27.2068890Z         },
2026-08-14T16:23:27.2068950Z         {
2026-08-14T16:23:27.2069040Z           "ref": "withr",
2026-08-14T16:23:27.2069130Z           "type": "suggests",
2026-08-14T16:23:27.2069230Z           "package": "withr",
2026-08-14T16:23:27.2069310Z           "op": "",
2026-08-14T16:23:27.2069400Z           "version": ""
2026-08-14T16:23:27.2069460Z         }
2026-08-14T16:23:27.2069510Z       ],
2026-08-14T16:23:27.2069600Z       "vignettes": false,
2026-08-14T16:23:27.2069710Z       "needscompilation": false,
2026-08-14T16:23:27.2069790Z       "metadata": {
2026-08-14T16:23:27.2069910Z         "RemoteType": "standard",
2026-08-14T16:23:27.2070020Z         "RemotePkgRef": "evaluate",
2026-08-14T16:23:27.2070130Z         "RemoteRef": "evaluate",
2026-08-14T16:23:27.2070330Z         "RemoteRepos": "https://cran.rstudio.com",
2026-08-14T16:23:27.2070510Z         "RemotePkgPlatform": "aarch64-apple-darwin23",
2026-08-14T16:23:27.2070610Z         "RemoteSha": "1.0.5"
2026-08-14T16:23:27.2070670Z       },
2026-08-14T16:23:27.2071320Z       "sources": ["https://cran.rstudio.com/bin/macosx/sonoma-arm64/contrib/4.6/evaluate_1.0.5.tgz", "https://mac.cran.dev/bin/macosx/sonoma-arm64/contrib/4.6/evaluate_1.0.5.tgz"],
2026-08-14T16:23:27.2071550Z       "target": "bin/macosx/sonoma-arm64/contrib/4.6/evaluate_1.0.5.tgz",
2026-08-14T16:23:27.2071690Z       "platform": "aarch64-apple-darwin23",
2026-08-14T16:23:27.2071780Z       "rversion": "4.6",
2026-08-14T16:23:27.2071950Z       "built": "R 4.6.0; ; 2026-04-25 15:39:47 UTC; unix",
2026-08-14T16:23:27.2072130Z       "directpkg": false,
2026-08-14T16:23:27.2072290Z       "license": "MIT + file LICENSE",
2026-08-14T16:23:27.2072640Z       "sha256": "\n        ea445fcb8feaee69acd47dbcfd2e0bb918f270908b12f626fc5e51a759c63895",
2026-08-14T16:23:27.2072820Z       "dep_types": ["Depends", "Imports", "LinkingTo"],
2026-08-14T16:23:27.2072900Z       "params": [],
2026-08-14T16:23:27.2073000Z       "install_args": [],
2026-08-14T16:23:27.2073090Z       "repotype": "cran"
2026-08-14T16:23:27.2073140Z     },
2026-08-14T16:23:27.2073190Z     {
2026-08-14T16:23:27.2073270Z       "ref": "fs",
2026-08-14T16:23:27.2073350Z       "package": "fs",
2026-08-14T16:23:27.2073450Z       "version": "2.1.0",
2026-08-14T16:23:27.2073540Z       "type": "standard",
2026-08-14T16:23:27.2073630Z       "direct": false,
2026-08-14T16:23:27.2073710Z       "binary": true,
2026-08-14T16:23:27.2073830Z       "dependencies": [],
2026-08-14T16:23:27.2073930Z       "deps": [
2026-08-14T16:23:27.2073990Z         {
2026-08-14T16:23:27.2074110Z           "ref": "covr",
2026-08-14T16:23:27.2074230Z           "type": "suggests",
2026-08-14T16:23:27.2074330Z           "package": "covr",
2026-08-14T16:23:27.2074410Z           "op": "",
2026-08-14T16:23:27.2074500Z           "version": ""
2026-08-14T16:23:27.2074560Z         },
2026-08-14T16:23:27.2074620Z         {
2026-08-14T16:23:27.2074710Z           "ref": "crayon",
2026-08-14T16:23:27.2074880Z           "type": "suggests",
2026-08-14T16:23:27.2074980Z           "package": "crayon",
2026-08-14T16:23:27.2075070Z           "op": "",
2026-08-14T16:23:27.2075150Z           "version": ""
2026-08-14T16:23:27.2075220Z         },
2026-08-14T16:23:27.2075280Z         {
2026-08-14T16:23:27.2075370Z           "ref": "knitr",
2026-08-14T16:23:27.2075470Z           "type": "suggests",
2026-08-14T16:23:27.2075570Z           "package": "knitr",
2026-08-14T16:23:27.2075650Z           "op": "",
2026-08-14T16:23:27.2075750Z           "version": ""
2026-08-14T16:23:27.2075810Z         },
2026-08-14T16:23:27.2075870Z         {
2026-08-14T16:23:27.2075970Z           "ref": "methods",
2026-08-14T16:23:27.2076070Z           "type": "imports",
2026-08-14T16:23:27.2076170Z           "package": "methods",
2026-08-14T16:23:27.2076250Z           "op": "",
2026-08-14T16:23:27.2076340Z           "version": ""
2026-08-14T16:23:27.2076410Z         },
2026-08-14T16:23:27.2076470Z         {
2026-08-14T16:23:27.2076560Z           "ref": "pillar",
2026-08-14T16:23:27.2076670Z           "type": "suggests",
2026-08-14T16:23:27.2076770Z           "package": "pillar",
2026-08-14T16:23:27.2076860Z           "op": ">=",
2026-08-14T16:23:27.2076960Z           "version": "1.0.0"
2026-08-14T16:23:27.2077020Z         },
2026-08-14T16:23:27.2077080Z         {
2026-08-14T16:23:27.2077160Z           "ref": "R",
2026-08-14T16:23:27.2077260Z           "type": "depends",
2026-08-14T16:23:27.2077350Z           "package": "R",
2026-08-14T16:23:27.2077440Z           "op": ">=",
2026-08-14T16:23:27.2077530Z           "version": "4.1"
2026-08-14T16:23:27.2077600Z         },
2026-08-14T16:23:27.2077650Z         {
2026-08-14T16:23:27.2077750Z           "ref": "rmarkdown",
2026-08-14T16:23:27.2077850Z           "type": "suggests",
2026-08-14T16:23:27.2078050Z           "package": "rmarkdown",
2026-08-14T16:23:27.2078140Z           "op": "",
2026-08-14T16:23:27.2078230Z           "version": ""
2026-08-14T16:23:27.2078290Z         },
2026-08-14T16:23:27.2078350Z         {
2026-08-14T16:23:27.2078450Z           "ref": "spelling",
2026-08-14T16:23:27.2078550Z           "type": "suggests",
2026-08-14T16:23:27.2078660Z           "package": "spelling",
2026-08-14T16:23:27.2078750Z           "op": "",
2026-08-14T16:23:27.2078870Z           "version": ""
2026-08-14T16:23:27.2078950Z         },
2026-08-14T16:23:27.2079020Z         {
2026-08-14T16:23:27.2079150Z           "ref": "testthat",
2026-08-14T16:23:27.2079270Z           "type": "suggests",
2026-08-14T16:23:27.2079400Z           "package": "testthat",
2026-08-14T16:23:27.2079490Z           "op": ">=",
2026-08-14T16:23:27.2079590Z           "version": "3.0.0"
2026-08-14T16:23:27.2079650Z         },
2026-08-14T16:23:27.2079710Z         {
2026-08-14T16:23:27.2079800Z           "ref": "tibble",
2026-08-14T16:23:27.2079910Z           "type": "suggests",
2026-08-14T16:23:27.2080010Z           "package": "tibble",
2026-08-14T16:23:27.2080100Z           "op": ">=",
2026-08-14T16:23:27.2080190Z           "version": "1.1.0"
2026-08-14T16:23:27.2080260Z         },
2026-08-14T16:23:27.2080320Z         {
2026-08-14T16:23:27.2080410Z           "ref": "vctrs",
2026-08-14T16:23:27.2080510Z           "type": "suggests",
2026-08-14T16:23:27.2080610Z           "package": "vctrs",
2026-08-14T16:23:27.2080700Z           "op": ">=",
2026-08-14T16:23:27.2080790Z           "version": "0.3.0"
2026-08-14T16:23:27.2080860Z         },
2026-08-14T16:23:27.2080910Z         {
2026-08-14T16:23:27.2081000Z           "ref": "withr",
2026-08-14T16:23:27.2081100Z           "type": "suggests",
2026-08-14T16:23:27.2081210Z           "package": "withr",
2026-08-14T16:23:27.2081290Z           "op": "",
2026-08-14T16:23:27.2081380Z           "version": ""
2026-08-14T16:23:27.2081430Z         }
2026-08-14T16:23:27.2081490Z       ],
2026-08-14T16:23:27.2081590Z       "vignettes": false,
2026-08-14T16:23:27.2081700Z       "needscompilation": true,
2026-08-14T16:23:27.2081780Z       "metadata": {
2026-08-14T16:23:27.2081960Z         "RemoteType": "standard",
2026-08-14T16:23:27.2082070Z         "RemotePkgRef": "fs",
2026-08-14T16:23:27.2082170Z         "RemoteRef": "fs",
2026-08-14T16:23:27.2082330Z         "RemoteRepos": "https://cran.rstudio.com",
2026-08-14T16:23:27.2082510Z         "RemotePkgPlatform": "aarch64-apple-darwin23",
2026-08-14T16:23:27.2082610Z         "RemoteSha": "2.1.0"
2026-08-14T16:23:27.2082660Z       },
2026-08-14T16:23:27.2083480Z       "sources": ["https://cran.rstudio.com/bin/macosx/sonoma-arm64/contrib/4.6/fs_2.1.0.tgz", "https://mac.cran.dev/bin/macosx/sonoma-arm64/contrib/4.6/fs_2.1.0.tgz"],
2026-08-14T16:23:27.2083700Z       "target": "bin/macosx/sonoma-arm64/contrib/4.6/fs_2.1.0.tgz",
2026-08-14T16:23:27.2083830Z       "platform": "aarch64-apple-darwin23",
2026-08-14T16:23:27.2083920Z       "rversion": "4.6",
2026-08-14T16:23:27.2084190Z       "built": "R 4.6.0; aarch64-apple-darwin23; 2026-04-25 15:39:15 UTC; unix",
2026-08-14T16:23:27.2084290Z       "directpkg": false,
2026-08-14T16:23:27.2084420Z       "license": "MIT + file LICENSE",
2026-08-14T16:23:27.2084720Z       "sha256": "\n        b50a2f657f4d675ee02ac2513691c1c1715912f65c87560d579cf521184f441d",
2026-08-14T16:23:27.2084890Z       "dep_types": ["Depends", "Imports", "LinkingTo"],
2026-08-14T16:23:27.2084990Z       "params": [],
2026-08-14T16:23:27.2085110Z       "install_args": [],
2026-08-14T16:23:27.2085230Z       "repotype": "cran"
2026-08-14T16:23:27.2085280Z     },
2026-08-14T16:23:27.2085340Z     {
2026-08-14T16:23:27.2085430Z       "ref": "jsonlite",
2026-08-14T16:23:27.2085540Z       "package": "jsonlite",
2026-08-14T16:23:27.2085930Z       "version": "2.0.0",
2026-08-14T16:23:27.2086070Z       "type": "standard",
2026-08-14T16:23:27.2086160Z       "direct": false,
2026-08-14T16:23:27.2086250Z       "binary": true,
2026-08-14T16:23:27.2086340Z       "dependencies": [],
2026-08-14T16:23:27.2086660Z       "deps": [
2026-08-14T16:23:27.2086720Z         {
2026-08-14T16:23:27.2086810Z           "ref": "httr",
2026-08-14T16:23:27.2086920Z           "type": "suggests",
2026-08-14T16:23:27.2087030Z           "package": "httr",
2026-08-14T16:23:27.2087110Z           "op": "",
2026-08-14T16:23:27.2087200Z           "version": ""
2026-08-14T16:23:27.2087260Z         },
2026-08-14T16:23:27.2087320Z         {
2026-08-14T16:23:27.2087410Z           "ref": "knitr",
2026-08-14T16:23:27.2087520Z           "type": "suggests",
2026-08-14T16:23:27.2087620Z           "package": "knitr",
2026-08-14T16:23:27.2087700Z           "op": "",
2026-08-14T16:23:27.2087810Z           "version": ""
2026-08-14T16:23:27.2087880Z         },
2026-08-14T16:23:27.2087930Z         {
2026-08-14T16:23:27.2088030Z           "ref": "methods",
2026-08-14T16:23:27.2088130Z           "type": "depends",
2026-08-14T16:23:27.2088230Z           "package": "methods",
2026-08-14T16:23:27.2088320Z           "op": "",
2026-08-14T16:23:27.2088410Z           "version": ""
2026-08-14T16:23:27.2088480Z         },
2026-08-14T16:23:27.2088530Z         {
2026-08-14T16:23:27.2088630Z           "ref": "R.rsp",
2026-08-14T16:23:27.2088730Z           "type": "suggests",
2026-08-14T16:23:27.2088830Z           "package": "R.rsp",
2026-08-14T16:23:27.2088910Z           "op": "",
2026-08-14T16:23:27.2089010Z           "version": ""
2026-08-14T16:23:27.2089070Z         },
2026-08-14T16:23:27.2089130Z         {
2026-08-14T16:23:27.2089230Z           "ref": "rmarkdown",
2026-08-14T16:23:27.2089330Z           "type": "suggests",
2026-08-14T16:23:27.2089440Z           "package": "rmarkdown",
2026-08-14T16:23:27.2089520Z           "op": "",
2026-08-14T16:23:27.2089610Z           "version": ""
2026-08-14T16:23:27.2089680Z         },
2026-08-14T16:23:27.2089730Z         {
2026-08-14T16:23:27.2089820Z           "ref": "sf",
2026-08-14T16:23:27.2089930Z           "type": "suggests",
2026-08-14T16:23:27.2090030Z           "package": "sf",
2026-08-14T16:23:27.2090120Z           "op": "",
2026-08-14T16:23:27.2090210Z           "version": ""
2026-08-14T16:23:27.2090280Z         },
2026-08-14T16:23:27.2090330Z         {
2026-08-14T16:23:27.2090550Z           "ref": "testthat",
2026-08-14T16:23:27.2090690Z           "type": "suggests",
2026-08-14T16:23:27.2090830Z           "package": "testthat",
2026-08-14T16:23:27.2090950Z           "op": "",
2026-08-14T16:23:27.2091060Z           "version": ""
2026-08-14T16:23:27.2091160Z         },
2026-08-14T16:23:27.2091220Z         {
2026-08-14T16:23:27.2091310Z           "ref": "vctrs",
2026-08-14T16:23:27.2091420Z           "type": "suggests",
2026-08-14T16:23:27.2091510Z           "package": "vctrs",
2026-08-14T16:23:27.2091600Z           "op": "",
2026-08-14T16:23:27.2091690Z           "version": ""
2026-08-14T16:23:27.2091750Z         }
2026-08-14T16:23:27.2091800Z       ],
2026-08-14T16:23:27.2091900Z       "vignettes": false,
2026-08-14T16:23:27.2092000Z       "needscompilation": true,
2026-08-14T16:23:27.2092100Z       "metadata": {
2026-08-14T16:23:27.2092210Z         "RemoteType": "standard",
2026-08-14T16:23:27.2092320Z         "RemotePkgRef": "jsonlite",
2026-08-14T16:23:27.2092430Z         "RemoteRef": "jsonlite",
2026-08-14T16:23:27.2092600Z         "RemoteRepos": "https://cran.rstudio.com",
2026-08-14T16:23:27.2092780Z         "RemotePkgPlatform": "aarch64-apple-darwin23",
2026-08-14T16:23:27.2092870Z         "RemoteSha": "2.0.0"
2026-08-14T16:23:27.2092930Z       },
2026-08-14T16:23:27.2093580Z       "sources": ["https://cran.rstudio.com/bin/macosx/sonoma-arm64/contrib/4.6/jsonlite_2.0.0.tgz", "https://mac.cran.dev/bin/macosx/sonoma-arm64/contrib/4.6/jsonlite_2.0.0.tgz"],
2026-08-14T16:23:27.2093830Z       "target": "bin/macosx/sonoma-arm64/contrib/4.6/jsonlite_2.0.0.tgz",
2026-08-14T16:23:27.2093970Z       "platform": "aarch64-apple-darwin23",
2026-08-14T16:23:27.2094060Z       "rversion": "4.6",
2026-08-14T16:23:27.2094350Z       "built": "R 4.6.0; aarch64-apple-darwin23; 2026-04-25 15:39:00 UTC; unix",
2026-08-14T16:23:27.2094510Z       "directpkg": false,
2026-08-14T16:23:27.2094640Z       "license": "MIT + file LICENSE",
2026-08-14T16:23:27.2094950Z       "sha256": "\n        8cb47b1ac56c7f2ae33a9a60a3e8842bf261136d8d9f7aa03070209b123192db",
2026-08-14T16:23:27.2095130Z       "dep_types": ["Depends", "Imports", "LinkingTo"],
2026-08-14T16:23:27.2095220Z       "params": [],
2026-08-14T16:23:27.2095310Z       "install_args": [],
2026-08-14T16:23:27.2095410Z       "repotype": "cran"
2026-08-14T16:23:27.2095450Z     },
2026-08-14T16:23:27.2095500Z     {
2026-08-14T16:23:27.2095590Z       "ref": "pkgload",
2026-08-14T16:23:27.2095690Z       "package": "pkgload",
2026-08-14T16:23:27.2095780Z       "version": "1.5.3",
2026-08-14T16:23:27.2095880Z       "type": "standard",
2026-08-14T16:23:27.2095960Z       "direct": false,
2026-08-14T16:23:27.2096050Z       "binary": true,
2026-08-14T16:23:27.2096430Z       "dependencies": ["cli", "desc", "fs", "glue", "lifecycle", "pkgbuild", "processx", "rlang", "rprojroot"],
2026-08-14T16:23:27.2096500Z       "deps": [
2026-08-14T16:23:27.2096560Z         {
2026-08-14T16:23:27.2096660Z           "ref": "bitops",
2026-08-14T16:23:27.2096770Z           "type": "suggests",
2026-08-14T16:23:27.2096880Z           "package": "bitops",
2026-08-14T16:23:27.2096960Z           "op": "",
2026-08-14T16:23:27.2097050Z           "version": ""
2026-08-14T16:23:27.2097110Z         },
2026-08-14T16:23:27.2097160Z         {
2026-08-14T16:23:27.2097250Z           "ref": "cli",
2026-08-14T16:23:27.2097350Z           "type": "imports",
2026-08-14T16:23:27.2097450Z           "package": "cli",
2026-08-14T16:23:27.2097540Z           "op": ">=",
2026-08-14T16:23:27.2097630Z           "version": "3.3.0"
2026-08-14T16:23:27.2097700Z         },
2026-08-14T16:23:27.2097760Z         {
2026-08-14T16:23:27.2097850Z           "ref": "desc",
2026-08-14T16:23:27.2097950Z           "type": "imports",
2026-08-14T16:23:27.2098050Z           "package": "desc",
2026-08-14T16:23:27.2098130Z           "op": "",
2026-08-14T16:23:27.2098230Z           "version": ""
2026-08-14T16:23:27.2098290Z         },
2026-08-14T16:23:27.2098350Z         {
2026-08-14T16:23:27.2098440Z           "ref": "fs",
2026-08-14T16:23:27.2098590Z           "type": "imports",
2026-08-14T16:23:27.2098690Z           "package": "fs",
2026-08-14T16:23:27.2098780Z           "op": "",
2026-08-14T16:23:27.2098860Z           "version": ""
2026-08-14T16:23:27.2098930Z         },
2026-08-14T16:23:27.2098980Z         {
2026-08-14T16:23:27.2099070Z           "ref": "glue",
2026-08-14T16:23:27.2099170Z           "type": "imports",
2026-08-14T16:23:27.2099270Z           "package": "glue",
2026-08-14T16:23:27.2099350Z           "op": "",
2026-08-14T16:23:27.2099440Z           "version": ""
2026-08-14T16:23:27.2099500Z         },
2026-08-14T16:23:27.2099560Z         {
2026-08-14T16:23:27.2099650Z           "ref": "jsonlite",
2026-08-14T16:23:27.2099760Z           "type": "suggests",
2026-08-14T16:23:27.2099890Z           "package": "jsonlite",
2026-08-14T16:23:27.2099990Z           "op": "",
2026-08-14T16:23:27.2100110Z           "version": ""
2026-08-14T16:23:27.2100190Z         },
2026-08-14T16:23:27.2100270Z         {
2026-08-14T16:23:27.2100370Z           "ref": "lifecycle",
2026-08-14T16:23:27.2100480Z           "type": "imports",
2026-08-14T16:23:27.2100600Z           "package": "lifecycle",
2026-08-14T16:23:27.2100700Z           "op": "",
2026-08-14T16:23:27.2100810Z           "version": ""
2026-08-14T16:23:27.2100890Z         },
2026-08-14T16:23:27.2100950Z         {
2026-08-14T16:23:27.2101070Z           "ref": "mathjaxr",
2026-08-14T16:23:27.2101190Z           "type": "suggests",
2026-08-14T16:23:27.2101330Z           "package": "mathjaxr",
2026-08-14T16:23:27.2101420Z           "op": "",
2026-08-14T16:23:27.2105300Z           "version": ""
2026-08-14T16:23:27.2105390Z         },
2026-08-14T16:23:27.2105440Z         {
2026-08-14T16:23:27.2105540Z           "ref": "methods",
2026-08-14T16:23:27.2105640Z           "type": "imports",
2026-08-14T16:23:27.2105840Z           "package": "methods",
2026-08-14T16:23:27.2105920Z           "op": "",
2026-08-14T16:23:27.2106030Z           "version": ""
2026-08-14T16:23:27.2106120Z         },
2026-08-14T16:23:27.2106190Z         {
2026-08-14T16:23:27.2106300Z           "ref": "pak",
2026-08-14T16:23:27.2106420Z           "type": "suggests",
2026-08-14T16:23:27.2106520Z           "package": "pak",
2026-08-14T16:23:27.2106590Z           "op": "",
2026-08-14T16:23:27.2106680Z           "version": ""
2026-08-14T16:23:27.2106740Z         },
2026-08-14T16:23:27.2106800Z         {
2026-08-14T16:23:27.2106900Z           "ref": "pkgbuild",
2026-08-14T16:23:27.2106990Z           "type": "imports",
2026-08-14T16:23:27.2107120Z           "package": "pkgbuild",
2026-08-14T16:23:27.2107220Z           "op": "",
2026-08-14T16:23:27.2107330Z           "version": ""
2026-08-14T16:23:27.2107410Z         },
2026-08-14T16:23:27.2107490Z         {
2026-08-14T16:23:27.2107600Z           "ref": "processx",
2026-08-14T16:23:27.2107720Z           "type": "imports",
2026-08-14T16:23:27.2107850Z           "package": "processx",
2026-08-14T16:23:27.2107960Z           "op": "",
2026-08-14T16:23:27.2108050Z           "version": ""
2026-08-14T16:23:27.2108140Z         },
2026-08-14T16:23:27.2108200Z         {
2026-08-14T16:23:27.2108310Z           "ref": "R",
2026-08-14T16:23:27.2108430Z           "type": "depends",
2026-08-14T16:23:27.2108540Z           "package": "R",
2026-08-14T16:23:27.2108640Z           "op": ">=",
2026-08-14T16:23:27.2108770Z           "version": "3.4.0"
2026-08-14T16:23:27.2108830Z         },
2026-08-14T16:23:27.2108880Z         {
2026-08-14T16:23:27.2108970Z           "ref": "Rcpp",
2026-08-14T16:23:27.2109070Z           "type": "suggests",
2026-08-14T16:23:27.2109170Z           "package": "Rcpp",
2026-08-14T16:23:27.2109250Z           "op": "",
2026-08-14T16:23:27.2109340Z           "version": ""
2026-08-14T16:23:27.2109400Z         },
2026-08-14T16:23:27.2109460Z         {
2026-08-14T16:23:27.2109550Z           "ref": "remotes",
2026-08-14T16:23:27.2109650Z           "type": "suggests",
2026-08-14T16:23:27.2109760Z           "package": "remotes",
2026-08-14T16:23:27.2109840Z           "op": "",
2026-08-14T16:23:27.2109990Z           "version": ""
2026-08-14T16:23:27.2110060Z         },
2026-08-14T16:23:27.2110120Z         {
2026-08-14T16:23:27.2110210Z           "ref": "rlang",
2026-08-14T16:23:27.2110300Z           "type": "imports",
2026-08-14T16:23:27.2110400Z           "package": "rlang",
2026-08-14T16:23:27.2110480Z           "op": ">=",
2026-08-14T16:23:27.2110580Z           "version": "1.1.1"
2026-08-14T16:23:27.2110640Z         },
2026-08-14T16:23:27.2110690Z         {
2026-08-14T16:23:27.2110790Z           "ref": "rprojroot",
2026-08-14T16:23:27.2110890Z           "type": "imports",
2026-08-14T16:23:27.2111000Z           "package": "rprojroot",
2026-08-14T16:23:27.2111080Z           "op": "",
2026-08-14T16:23:27.2111170Z           "version": ""
2026-08-14T16:23:27.2111230Z         },
2026-08-14T16:23:27.2111290Z         {
2026-08-14T16:23:27.2111390Z           "ref": "rstudioapi",
2026-08-14T16:23:27.2111500Z           "type": "suggests",
2026-08-14T16:23:27.2111610Z           "package": "rstudioapi",
2026-08-14T16:23:27.2111690Z           "op": "",
2026-08-14T16:23:27.2111780Z           "version": ""
2026-08-14T16:23:27.2111850Z         },
2026-08-14T16:23:27.2111900Z         {
2026-08-14T16:23:27.2112000Z           "ref": "testthat",
2026-08-14T16:23:27.2112190Z           "type": "suggests",
2026-08-14T16:23:27.2112330Z           "package": "testthat",
2026-08-14T16:23:27.2112430Z           "op": ">=",
2026-08-14T16:23:27.2112560Z           "version": "3.2.1.1"
2026-08-14T16:23:27.2112620Z         },
2026-08-14T16:23:27.2112680Z         {
2026-08-14T16:23:27.2112770Z           "ref": "usethis",
2026-08-14T16:23:27.2112870Z           "type": "suggests",
2026-08-14T16:23:27.2112970Z           "package": "usethis",
2026-08-14T16:23:27.2113050Z           "op": "",
2026-08-14T16:23:27.2113140Z           "version": ""
2026-08-14T16:23:27.2113290Z         },
2026-08-14T16:23:27.2113350Z         {
2026-08-14T16:23:27.2113440Z           "ref": "utils",
2026-08-14T16:23:27.2113540Z           "type": "imports",
2026-08-14T16:23:27.2113640Z           "package": "utils",
2026-08-14T16:23:27.2113720Z           "op": "",
2026-08-14T16:23:27.2113800Z           "version": ""
2026-08-14T16:23:27.2113870Z         },
2026-08-14T16:23:27.2113920Z         {
2026-08-14T16:23:27.2114010Z           "ref": "withr",
2026-08-14T16:23:27.2114110Z           "type": "suggests",
2026-08-14T16:23:27.2114210Z           "package": "withr",
2026-08-14T16:23:27.2114290Z           "op": "",
2026-08-14T16:23:27.2114380Z           "version": ""
2026-08-14T16:23:27.2114430Z         }
2026-08-14T16:23:27.2114490Z       ],
2026-08-14T16:23:27.2114580Z       "vignettes": false,
2026-08-14T16:23:27.2114690Z       "needscompilation": false,
2026-08-14T16:23:27.2114770Z       "metadata": {
2026-08-14T16:23:27.2114880Z         "RemoteType": "standard",
2026-08-14T16:23:27.2115000Z         "RemotePkgRef": "pkgload",
2026-08-14T16:23:27.2115100Z         "RemoteRef": "pkgload",
2026-08-14T16:23:27.2115270Z         "RemoteRepos": "https://cran.rstudio.com",
2026-08-14T16:23:27.2115450Z         "RemotePkgPlatform": "aarch64-apple-darwin23",
2026-08-14T16:23:27.2115550Z         "RemoteSha": "1.5.3"
2026-08-14T16:23:27.2115600Z       },
2026-08-14T16:23:27.2116270Z       "sources": ["https://cran.rstudio.com/bin/macosx/sonoma-arm64/contrib/4.6/pkgload_1.5.3.tgz", "https://mac.cran.dev/bin/macosx/sonoma-arm64/contrib/4.6/pkgload_1.5.3.tgz"],
2026-08-14T16:23:27.2116500Z       "target": "bin/macosx/sonoma-arm64/contrib/4.6/pkgload_1.5.3.tgz",
2026-08-14T16:23:27.2116630Z       "platform": "aarch64-apple-darwin23",
2026-08-14T16:23:27.2116720Z       "rversion": "4.6",
2026-08-14T16:23:27.2116900Z       "built": "R 4.6.0; ; 2026-06-15 18:08:46 UTC; unix",
2026-08-14T16:23:27.2116990Z       "directpkg": false,
2026-08-14T16:23:27.2117120Z       "license": "MIT + file LICENSE",
2026-08-14T16:23:27.2117430Z       "sha256": "\n        cf2905f8657ee4c111cc8b7eb1a349a3828753268b9ff3ba0d4ec126d7add97e",
2026-08-14T16:23:27.2117600Z       "dep_types": ["Depends", "Imports", "LinkingTo"],
2026-08-14T16:23:27.2117730Z       "params": [],
2026-08-14T16:23:27.2117830Z       "install_args": [],
2026-08-14T16:23:27.2117930Z       "repotype": "cran"
2026-08-14T16:23:27.2117970Z     },
2026-08-14T16:23:27.2118020Z     {
2026-08-14T16:23:27.2118100Z       "ref": "praise",
2026-08-14T16:23:27.2118200Z       "package": "praise",
2026-08-14T16:23:27.2118290Z       "version": "1.0.0",
2026-08-14T16:23:27.2118380Z       "type": "standard",
2026-08-14T16:23:27.2118460Z       "direct": false,
2026-08-14T16:23:27.2118550Z       "binary": true,
2026-08-14T16:23:27.2118640Z       "dependencies": [],
2026-08-14T16:23:27.2118710Z       "deps": [
2026-08-14T16:23:27.2118770Z         {
2026-08-14T16:23:27.2118860Z           "ref": "testthat",
2026-08-14T16:23:27.2118960Z           "type": "suggests",
2026-08-14T16:23:27.2119080Z           "package": "testthat",
2026-08-14T16:23:27.2119160Z           "op": "",
2026-08-14T16:23:27.2119250Z           "version": ""
2026-08-14T16:23:27.2119300Z         }
2026-08-14T16:23:27.2119360Z       ],
2026-08-14T16:23:27.2119450Z       "vignettes": false,
2026-08-14T16:23:27.2119560Z       "needscompilation": false,
2026-08-14T16:23:27.2119650Z       "metadata": {
2026-08-14T16:23:27.2119750Z         "RemoteType": "standard",
2026-08-14T16:23:27.2119860Z         "RemotePkgRef": "praise",
2026-08-14T16:23:27.2119970Z         "RemoteRef": "praise",
2026-08-14T16:23:27.2120130Z         "RemoteRepos": "https://cran.rstudio.com",
2026-08-14T16:23:27.2120300Z         "RemotePkgPlatform": "aarch64-apple-darwin23",
2026-08-14T16:23:27.2120400Z         "RemoteSha": "1.0.0"
2026-08-14T16:23:27.2120460Z       },
2026-08-14T16:23:27.2121090Z       "sources": ["https://cran.rstudio.com/bin/macosx/sonoma-arm64/contrib/4.6/praise_1.0.0.tgz", "https://mac.cran.dev/bin/macosx/sonoma-arm64/contrib/4.6/praise_1.0.0.tgz"],
2026-08-14T16:23:27.2121360Z       "target": "bin/macosx/sonoma-arm64/contrib/4.6/praise_1.0.0.tgz",
2026-08-14T16:23:27.2121510Z       "platform": "aarch64-apple-darwin23",
2026-08-14T16:23:27.2121600Z       "rversion": "4.6",
2026-08-14T16:23:27.2121770Z       "built": "R 4.6.0; ; 2026-04-25 15:54:02 UTC; unix",
2026-08-14T16:23:27.2121870Z       "directpkg": false,
2026-08-14T16:23:27.2121990Z       "license": "MIT + file LICENSE",
2026-08-14T16:23:27.2122290Z       "sha256": "\n        4f38c4904d7f2ac978039562c632308eeb7d112c8dd9f4b1ca2fde2bfbf0b9b6",
2026-08-14T16:23:27.2122460Z       "dep_types": ["Depends", "Imports", "LinkingTo"],
2026-08-14T16:23:27.2122550Z       "params": [],
2026-08-14T16:23:27.2122640Z       "install_args": [],
2026-08-14T16:23:27.2122730Z       "repotype": "cran"
2026-08-14T16:23:27.2122780Z     },
2026-08-14T16:23:27.2122820Z     {
2026-08-14T16:23:27.2122970Z       "ref": "any::testthat",
2026-08-14T16:23:27.2123070Z       "package": "testthat",
2026-08-14T16:23:27.2123170Z       "version": "3.3.2",
2026-08-14T16:23:27.2123250Z       "type": "any",
2026-08-14T16:23:27.2123330Z       "direct": true,
2026-08-14T16:23:27.2123420Z       "binary": true,
2026-08-14T16:23:27.2124010Z       "dependencies": ["brio", "callr", "cli", "desc", "evaluate", "jsonlite", "lifecycle", "magrittr", "pkgload", "praise", "processx", "ps", "R6", "rlang", "waldo", "withr"],
2026-08-14T16:23:27.2124090Z       "deps": [
2026-08-14T16:23:27.2124140Z         {
2026-08-14T16:23:27.2124230Z           "ref": "brio",
2026-08-14T16:23:27.2124330Z           "type": "imports",
2026-08-14T16:23:27.2124430Z           "package": "brio",
2026-08-14T16:23:27.2124510Z           "op": ">=",
2026-08-14T16:23:27.2124610Z           "version": "1.1.5"
2026-08-14T16:23:27.2124670Z         },
2026-08-14T16:23:27.2124720Z         {
2026-08-14T16:23:27.2124810Z           "ref": "callr",
2026-08-14T16:23:27.2124910Z           "type": "imports",
2026-08-14T16:23:27.2125010Z           "package": "callr",
2026-08-14T16:23:27.2125090Z           "op": ">=",
2026-08-14T16:23:27.2125200Z           "version": "3.7.6"
2026-08-14T16:23:27.2125260Z         },
2026-08-14T16:23:27.2125310Z         {
2026-08-14T16:23:27.2125470Z           "ref": "cli",
2026-08-14T16:23:27.2125570Z           "type": "imports",
2026-08-14T16:23:27.2125670Z           "package": "cli",
2026-08-14T16:23:27.2125750Z           "op": ">=",
2026-08-14T16:23:27.2125850Z           "version": "3.6.5"
2026-08-14T16:23:27.2125910Z         },
2026-08-14T16:23:27.2125970Z         {
2026-08-14T16:23:27.2126050Z           "ref": "covr",
2026-08-14T16:23:27.2126150Z           "type": "suggests",
2026-08-14T16:23:27.2126250Z           "package": "covr",
2026-08-14T16:23:27.2126330Z           "op": "",
2026-08-14T16:23:27.2126410Z           "version": ""
2026-08-14T16:23:27.2126480Z         },
2026-08-14T16:23:27.2126530Z         {
2026-08-14T16:23:27.2126620Z           "ref": "curl",
2026-08-14T16:23:27.2126720Z           "type": "suggests",
2026-08-14T16:23:27.2126820Z           "package": "curl",
2026-08-14T16:23:27.2126900Z           "op": ">=",
2026-08-14T16:23:27.2127000Z           "version": "0.9.5"
2026-08-14T16:23:27.2127060Z         },
2026-08-14T16:23:27.2127120Z         {
2026-08-14T16:23:27.2127210Z           "ref": "desc",
2026-08-14T16:23:27.2127300Z           "type": "imports",
2026-08-14T16:23:27.2127400Z           "package": "desc",
2026-08-14T16:23:27.2127490Z           "op": ">=",
2026-08-14T16:23:27.2127580Z           "version": "1.4.3"
2026-08-14T16:23:27.2127640Z         },
2026-08-14T16:23:27.2127700Z         {
2026-08-14T16:23:27.2127800Z           "ref": "diffviewer",
2026-08-14T16:23:27.2127900Z           "type": "suggests",
2026-08-14T16:23:27.2128010Z           "package": "diffviewer",
2026-08-14T16:23:27.2128090Z           "op": ">=",
2026-08-14T16:23:27.2128190Z           "version": "0.1.0"
2026-08-14T16:23:27.2128250Z         },
2026-08-14T16:23:27.2128310Z         {
2026-08-14T16:23:27.2128400Z           "ref": "digest",
2026-08-14T16:23:27.2128500Z           "type": "suggests",
2026-08-14T16:23:27.2128650Z           "package": "digest",
2026-08-14T16:23:27.2128740Z           "op": ">=",
2026-08-14T16:23:27.2128840Z           "version": "0.6.33"
2026-08-14T16:23:27.2128900Z         },
2026-08-14T16:23:27.2128960Z         {
2026-08-14T16:23:27.2129060Z           "ref": "evaluate",
2026-08-14T16:23:27.2129160Z           "type": "imports",
2026-08-14T16:23:27.2129260Z           "package": "evaluate",
2026-08-14T16:23:27.2129350Z           "op": ">=",
2026-08-14T16:23:27.2129440Z           "version": "1.0.4"
2026-08-14T16:23:27.2129500Z         },
2026-08-14T16:23:27.2129560Z         {
2026-08-14T16:23:27.2129640Z           "ref": "gh",
2026-08-14T16:23:27.2129750Z           "type": "suggests",
2026-08-14T16:23:27.2129840Z           "package": "gh",
2026-08-14T16:23:27.2129920Z           "op": "",
2026-08-14T16:23:27.2130010Z           "version": ""
2026-08-14T16:23:27.2130070Z         },
2026-08-14T16:23:27.2130120Z         {
2026-08-14T16:23:27.2130220Z           "ref": "jsonlite",
2026-08-14T16:23:27.2130320Z           "type": "imports",
2026-08-14T16:23:27.2130420Z           "package": "jsonlite",
2026-08-14T16:23:27.2130510Z           "op": ">=",
2026-08-14T16:23:27.2130610Z           "version": "2.0.0"
2026-08-14T16:23:27.2130670Z         },
2026-08-14T16:23:27.2130730Z         {
2026-08-14T16:23:27.2130820Z           "ref": "knitr",
2026-08-14T16:23:27.2130920Z           "type": "suggests",
2026-08-14T16:23:27.2131020Z           "package": "knitr",
2026-08-14T16:23:27.2131100Z           "op": "",
2026-08-14T16:23:27.2131190Z           "version": ""
2026-08-14T16:23:27.2131250Z         },
2026-08-14T16:23:27.2131300Z         {
2026-08-14T16:23:27.2131400Z           "ref": "lifecycle",
2026-08-14T16:23:27.2131500Z           "type": "imports",
2026-08-14T16:23:27.2131610Z           "package": "lifecycle",
2026-08-14T16:23:27.2131690Z           "op": ">=",
2026-08-14T16:23:27.2131790Z           "version": "1.0.4"
2026-08-14T16:23:27.2131850Z         },
2026-08-14T16:23:27.2131910Z         {
2026-08-14T16:23:27.2132000Z           "ref": "magrittr",
2026-08-14T16:23:27.2132100Z           "type": "imports",
2026-08-14T16:23:27.2132250Z           "package": "magrittr",
2026-08-14T16:23:27.2132340Z           "op": ">=",
2026-08-14T16:23:27.2132440Z           "version": "2.0.3"
2026-08-14T16:23:27.2132500Z         },
2026-08-14T16:23:27.2132560Z         {
2026-08-14T16:23:27.2132650Z           "ref": "methods",
2026-08-14T16:23:27.2132750Z           "type": "imports",
2026-08-14T16:23:27.2132850Z           "package": "methods",
2026-08-14T16:23:27.2132930Z           "op": "",
2026-08-14T16:23:27.2133010Z           "version": ""
2026-08-14T16:23:27.2133080Z         },
2026-08-14T16:23:27.2133140Z         {
2026-08-14T16:23:27.2133220Z           "ref": "otel",
2026-08-14T16:23:27.2133320Z           "type": "suggests",
2026-08-14T16:23:27.2133420Z           "package": "otel",
2026-08-14T16:23:27.2133500Z           "op": "",
2026-08-14T16:23:27.2133590Z           "version": ""
2026-08-14T16:23:27.2133650Z         },
2026-08-14T16:23:27.2133710Z         {
2026-08-14T16:23:27.2133800Z           "ref": "otelsdk",
2026-08-14T16:23:27.2133900Z           "type": "suggests",
2026-08-14T16:23:27.2134010Z           "package": "otelsdk",
2026-08-14T16:23:27.2134090Z           "op": "",
2026-08-14T16:23:27.2134170Z           "version": ""
2026-08-14T16:23:27.2134240Z         },
2026-08-14T16:23:27.2134290Z         {
2026-08-14T16:23:27.2134390Z           "ref": "pkgload",
2026-08-14T16:23:27.2134490Z           "type": "imports",
2026-08-14T16:23:27.2134590Z           "package": "pkgload",
2026-08-14T16:23:27.2134670Z           "op": ">=",
2026-08-14T16:23:27.2134770Z           "version": "1.4.0"
2026-08-14T16:23:27.2134830Z         },
2026-08-14T16:23:27.2134880Z         {
2026-08-14T16:23:27.2134980Z           "ref": "praise",
2026-08-14T16:23:27.2135070Z           "type": "imports",
2026-08-14T16:23:27.2135180Z           "package": "praise",
2026-08-14T16:23:27.2135260Z           "op": ">=",
2026-08-14T16:23:27.2135400Z           "version": "1.0.0"
2026-08-14T16:23:27.2135470Z         },
2026-08-14T16:23:27.2135520Z         {
2026-08-14T16:23:27.2135620Z           "ref": "processx",
2026-08-14T16:23:27.2135720Z           "type": "imports",
2026-08-14T16:23:27.2135830Z           "package": "processx",
2026-08-14T16:23:27.2135910Z           "op": ">=",
2026-08-14T16:23:27.2136010Z           "version": "3.8.6"
2026-08-14T16:23:27.2136070Z         },
2026-08-14T16:23:27.2136120Z         {
2026-08-14T16:23:27.2136210Z           "ref": "ps",
2026-08-14T16:23:27.2136310Z           "type": "imports",
2026-08-14T16:23:27.2136400Z           "package": "ps",
2026-08-14T16:23:27.2136480Z           "op": ">=",
2026-08-14T16:23:27.2136580Z           "version": "1.9.1"
2026-08-14T16:23:27.2136640Z         },
2026-08-14T16:23:27.2136700Z         {
2026-08-14T16:23:27.2136780Z           "ref": "R",
2026-08-14T16:23:27.2136880Z           "type": "depends",
2026-08-14T16:23:27.2136970Z           "package": "R",
2026-08-14T16:23:27.2137060Z           "op": ">=",
2026-08-14T16:23:27.2137150Z           "version": "4.1.0"
2026-08-14T16:23:27.2137220Z         },
2026-08-14T16:23:27.2137280Z         {
2026-08-14T16:23:27.2137360Z           "ref": "R6",
2026-08-14T16:23:27.2137460Z           "type": "imports",
2026-08-14T16:23:27.2137550Z           "package": "R6",
2026-08-14T16:23:27.2137640Z           "op": ">=",
2026-08-14T16:23:27.2137730Z           "version": "2.6.1"
2026-08-14T16:23:27.2137790Z         },
2026-08-14T16:23:27.2137850Z         {
2026-08-14T16:23:27.2137940Z           "ref": "rlang",
2026-08-14T16:23:27.2138030Z           "type": "imports",
2026-08-14T16:23:27.2138140Z           "package": "rlang",
2026-08-14T16:23:27.2138220Z           "op": ">=",
2026-08-14T16:23:27.2138320Z           "version": "1.1.6"
2026-08-14T16:23:27.2138380Z         },
2026-08-14T16:23:27.2138430Z         {
2026-08-14T16:23:27.2138530Z           "ref": "rmarkdown",
2026-08-14T16:23:27.2138630Z           "type": "suggests",
2026-08-14T16:23:27.2138740Z           "package": "rmarkdown",
2026-08-14T16:23:27.2138820Z           "op": "",
2026-08-14T16:23:27.2138910Z           "version": ""
2026-08-14T16:23:27.2139020Z         },
2026-08-14T16:23:27.2139080Z         {
2026-08-14T16:23:27.2139180Z           "ref": "rstudioapi",
2026-08-14T16:23:27.2139280Z           "type": "suggests",
2026-08-14T16:23:27.2139390Z           "package": "rstudioapi",
2026-08-14T16:23:27.2139470Z           "op": "",
2026-08-14T16:23:27.2139560Z           "version": ""
2026-08-14T16:23:27.2139620Z         },
2026-08-14T16:23:27.2139680Z         {
2026-08-14T16:23:27.2139760Z           "ref": "S7",
2026-08-14T16:23:27.2139860Z           "type": "suggests",
2026-08-14T16:23:27.2139960Z           "package": "S7",
2026-08-14T16:23:27.2140040Z           "op": "",
2026-08-14T16:23:27.2140120Z           "version": ""
2026-08-14T16:23:27.2140190Z         },
2026-08-14T16:23:27.2140240Z         {
2026-08-14T16:23:27.2140330Z           "ref": "shiny",
2026-08-14T16:23:27.2140430Z           "type": "suggests",
2026-08-14T16:23:27.2140530Z           "package": "shiny",
2026-08-14T16:23:27.2140610Z           "op": "",
2026-08-14T16:23:27.2140700Z           "version": ""
2026-08-14T16:23:27.2140760Z         },
2026-08-14T16:23:27.2140820Z         {
2026-08-14T16:23:27.2140910Z           "ref": "usethis",
2026-08-14T16:23:27.2141010Z           "type": "suggests",
2026-08-14T16:23:27.2141110Z           "package": "usethis",
2026-08-14T16:23:27.2141190Z           "op": "",
2026-08-14T16:23:27.2141280Z           "version": ""
2026-08-14T16:23:27.2141340Z         },
2026-08-14T16:23:27.2141400Z         {
2026-08-14T16:23:27.2141490Z           "ref": "utils",
2026-08-14T16:23:27.2141580Z           "type": "imports",
2026-08-14T16:23:27.2141680Z           "package": "utils",
2026-08-14T16:23:27.2141760Z           "op": "",
2026-08-14T16:23:27.2141840Z           "version": ""
2026-08-14T16:23:27.2141910Z         },
2026-08-14T16:23:27.2141960Z         {
2026-08-14T16:23:27.2142260Z           "ref": "vctrs",
2026-08-14T16:23:27.2142370Z           "type": "suggests",
2026-08-14T16:23:27.2142460Z           "package": "vctrs",
2026-08-14T16:23:27.2142550Z           "op": ">=",
2026-08-14T16:23:27.2142640Z           "version": "0.1.0"
2026-08-14T16:23:27.2142710Z         },
2026-08-14T16:23:27.2142770Z         {
2026-08-14T16:23:27.2142860Z           "ref": "waldo",
2026-08-14T16:23:27.2142950Z           "type": "imports",
2026-08-14T16:23:27.2143050Z           "package": "waldo",
2026-08-14T16:23:27.2143130Z           "op": ">=",
2026-08-14T16:23:27.2143230Z           "version": "0.6.2"
2026-08-14T16:23:27.2143300Z         },
2026-08-14T16:23:27.2143350Z         {
2026-08-14T16:23:27.2143450Z           "ref": "withr",
2026-08-14T16:23:27.2143540Z           "type": "imports",
2026-08-14T16:23:27.2143640Z           "package": "withr",
2026-08-14T16:23:27.2143720Z           "op": ">=",
2026-08-14T16:23:27.2143820Z           "version": "3.0.2"
2026-08-14T16:23:27.2143880Z         },
2026-08-14T16:23:27.2143940Z         {
2026-08-14T16:23:27.2144030Z           "ref": "xml2",
2026-08-14T16:23:27.2144130Z           "type": "suggests",
2026-08-14T16:23:27.2144230Z           "package": "xml2",
2026-08-14T16:23:27.2144310Z           "op": "",
2026-08-14T16:23:27.2144400Z           "version": ""
2026-08-14T16:23:27.2144450Z         }
2026-08-14T16:23:27.2144500Z       ],
2026-08-14T16:23:27.2144600Z       "vignettes": false,
2026-08-14T16:23:27.2144700Z       "needscompilation": true,
2026-08-14T16:23:27.2144790Z       "metadata": {
2026-08-14T16:23:27.2144880Z         "RemoteType": "any",
2026-08-14T16:23:27.2145020Z         "RemotePkgRef": "any::testthat",
2026-08-14T16:23:27.2145140Z         "RemoteRef": "any::testthat",
2026-08-14T16:23:27.2145300Z         "RemoteRepos": "https://cran.rstudio.com",
2026-08-14T16:23:27.2145480Z         "RemotePkgPlatform": "aarch64-apple-darwin23",
2026-08-14T16:23:27.2145570Z         "RemoteSha": "3.3.2"
2026-08-14T16:23:27.2145630Z       },
2026-08-14T16:23:27.2146290Z       "sources": ["https://cran.rstudio.com/bin/macosx/sonoma-arm64/contrib/4.6/testthat_3.3.2.tgz", "https://mac.cran.dev/bin/macosx/sonoma-arm64/contrib/4.6/testthat_3.3.2.tgz"],
2026-08-14T16:23:27.2146570Z       "target": "bin/macosx/sonoma-arm64/contrib/4.6/testthat_3.3.2.tgz",
2026-08-14T16:23:27.2146710Z       "platform": "aarch64-apple-darwin23",
2026-08-14T16:23:27.2146800Z       "rversion": "4.6",
2026-08-14T16:23:27.2147050Z       "built": "R 4.6.0; aarch64-apple-darwin23; 2026-04-26 11:13:21 UTC; unix",
2026-08-14T16:23:27.2147150Z       "directpkg": true,
2026-08-14T16:23:27.2147270Z       "license": "MIT + file LICENSE",
2026-08-14T16:23:27.2147580Z       "sha256": "\n        0acab1c7d80185c45f29addf22dfab5b4ac3f2f11009d6d0fe7dfe1349d4a51a",
2026-08-14T16:23:27.2147750Z       "dep_types": ["Depends", "Imports", "LinkingTo"],
2026-08-14T16:23:27.2147830Z       "params": [],
2026-08-14T16:23:27.2147930Z       "install_args": [],
2026-08-14T16:23:27.2148020Z       "repotype": "cran"
2026-08-14T16:23:27.2148070Z     },
2026-08-14T16:23:27.2148110Z     {
2026-08-14T16:23:27.2148190Z       "ref": "waldo",
2026-08-14T16:23:27.2148290Z       "package": "waldo",
2026-08-14T16:23:27.2148380Z       "version": "0.6.2",
2026-08-14T16:23:27.2148470Z       "type": "standard",
2026-08-14T16:23:27.2148560Z       "direct": false,
2026-08-14T16:23:27.2148640Z       "binary": true,
2026-08-14T16:23:27.2148820Z       "dependencies": ["cli", "diffobj", "glue", "rlang"],
2026-08-14T16:23:27.2148900Z       "deps": [
2026-08-14T16:23:27.2148950Z         {
2026-08-14T16:23:27.2149040Z           "ref": "bit64",
2026-08-14T16:23:27.2149140Z           "type": "suggests",
2026-08-14T16:23:27.2149240Z           "package": "bit64",
2026-08-14T16:23:27.2149320Z           "op": "",
2026-08-14T16:23:27.2149410Z           "version": ""
2026-08-14T16:23:27.2149480Z         },
2026-08-14T16:23:27.2149530Z         {
2026-08-14T16:23:27.2149620Z           "ref": "cli",
2026-08-14T16:23:27.2149710Z           "type": "imports",
2026-08-14T16:23:27.2149910Z           "package": "cli",
2026-08-14T16:23:27.2149990Z           "op": "",
2026-08-14T16:23:27.2150080Z           "version": ""
2026-08-14T16:23:27.2150140Z         },
2026-08-14T16:23:27.2150200Z         {
2026-08-14T16:23:27.2150300Z           "ref": "diffobj",
2026-08-14T16:23:27.2150400Z           "type": "imports",
2026-08-14T16:23:27.2150500Z           "package": "diffobj",
2026-08-14T16:23:27.2150590Z           "op": ">=",
2026-08-14T16:23:27.2150690Z           "version": "0.3.4"
2026-08-14T16:23:27.2150750Z         },
2026-08-14T16:23:27.2150810Z         {
2026-08-14T16:23:27.2150890Z           "ref": "glue",
2026-08-14T16:23:27.2150990Z           "type": "imports",
2026-08-14T16:23:27.2151090Z           "package": "glue",
2026-08-14T16:23:27.2151170Z           "op": "",
2026-08-14T16:23:27.2151250Z           "version": ""
2026-08-14T16:23:27.2151320Z         },
2026-08-14T16:23:27.2151380Z         {
2026-08-14T16:23:27.2151470Z           "ref": "methods",
2026-08-14T16:23:27.2151570Z           "type": "imports",
2026-08-14T16:23:27.2151670Z           "package": "methods",
2026-08-14T16:23:27.2151750Z           "op": "",
2026-08-14T16:23:27.2151840Z           "version": ""
2026-08-14T16:23:27.2151900Z         },
2026-08-14T16:23:27.2151960Z         {
2026-08-14T16:23:27.2152050Z           "ref": "R",
2026-08-14T16:23:27.2152220Z           "type": "depends",
2026-08-14T16:23:27.2152340Z           "package": "R",
2026-08-14T16:23:27.2152440Z           "op": ">=",
2026-08-14T16:23:27.2152560Z           "version": "4.0"
2026-08-14T16:23:27.2152640Z         },
2026-08-14T16:23:27.2152700Z         {
2026-08-14T16:23:27.2152780Z           "ref": "R6",
2026-08-14T16:23:27.2152880Z           "type": "suggests",
2026-08-14T16:23:27.2152980Z           "package": "R6",
2026-08-14T16:23:27.2153050Z           "op": "",
2026-08-14T16:23:27.2153140Z           "version": ""
2026-08-14T16:23:27.2153210Z         },
2026-08-14T16:23:27.2153260Z         {
2026-08-14T16:23:27.2153350Z           "ref": "rlang",
2026-08-14T16:23:27.2153450Z           "type": "imports",
2026-08-14T16:23:27.2153550Z           "package": "rlang",
2026-08-14T16:23:27.2153630Z           "op": ">=",
2026-08-14T16:23:27.2153810Z           "version": "1.1.0"
2026-08-14T16:23:27.2153880Z         },
2026-08-14T16:23:27.2153940Z         {
2026-08-14T16:23:27.2154020Z           "ref": "S7",
2026-08-14T16:23:27.2154120Z           "type": "suggests",
2026-08-14T16:23:27.2156720Z           "package": "S7",
2026-08-14T16:23:27.2156820Z           "op": "",
2026-08-14T16:23:27.2156900Z           "version": ""
2026-08-14T16:23:27.2156970Z         },
2026-08-14T16:23:27.2157020Z         {
2026-08-14T16:23:27.2157120Z           "ref": "testthat",
2026-08-14T16:23:27.2157220Z           "type": "suggests",
2026-08-14T16:23:27.2157330Z           "package": "testthat",
2026-08-14T16:23:27.2157410Z           "op": ">=",
2026-08-14T16:23:27.2157510Z           "version": "3.0.0"
2026-08-14T16:23:27.2157580Z         },
2026-08-14T16:23:27.2157630Z         {
2026-08-14T16:23:27.2157730Z           "ref": "withr",
2026-08-14T16:23:27.2157820Z           "type": "suggests",
2026-08-14T16:23:27.2157920Z           "package": "withr",
2026-08-14T16:23:27.2158000Z           "op": "",
2026-08-14T16:23:27.2158090Z           "version": ""
2026-08-14T16:23:27.2158150Z         },
2026-08-14T16:23:27.2158210Z         {
2026-08-14T16:23:27.2158290Z           "ref": "xml2",
2026-08-14T16:23:27.2158400Z           "type": "suggests",
2026-08-14T16:23:27.2158500Z           "package": "xml2",
2026-08-14T16:23:27.2158580Z           "op": "",
2026-08-14T16:23:27.2158660Z           "version": ""
2026-08-14T16:23:27.2158720Z         }
2026-08-14T16:23:27.2158770Z       ],
2026-08-14T16:23:27.2158870Z       "vignettes": false,
2026-08-14T16:23:27.2158980Z       "needscompilation": false,
2026-08-14T16:23:27.2159060Z       "metadata": {
2026-08-14T16:23:27.2159170Z         "RemoteType": "standard",
2026-08-14T16:23:27.2159280Z         "RemotePkgRef": "waldo",
2026-08-14T16:23:27.2159490Z         "RemoteRef": "waldo",
2026-08-14T16:23:27.2159650Z         "RemoteRepos": "https://cran.rstudio.com",
2026-08-14T16:23:27.2159820Z         "RemotePkgPlatform": "aarch64-apple-darwin23",
2026-08-14T16:23:27.2159920Z         "RemoteSha": "0.6.2"
2026-08-14T16:23:27.2159980Z       },
2026-08-14T16:23:27.2160610Z       "sources": ["https://cran.rstudio.com/bin/macosx/sonoma-arm64/contrib/4.6/waldo_0.6.2.tgz", "https://mac.cran.dev/bin/macosx/sonoma-arm64/contrib/4.6/waldo_0.6.2.tgz"],
2026-08-14T16:23:27.2160830Z       "target": "bin/macosx/sonoma-arm64/contrib/4.6/waldo_0.6.2.tgz",
2026-08-14T16:23:27.2160960Z       "platform": "aarch64-apple-darwin23",
2026-08-14T16:23:27.2161050Z       "rversion": "4.6",
2026-08-14T16:23:27.2161220Z       "built": "R 4.6.0; ; 2026-04-25 23:20:29 UTC; unix",
2026-08-14T16:23:27.2161320Z       "directpkg": false,
2026-08-14T16:23:27.2161440Z       "license": "MIT + file LICENSE",
2026-08-14T16:23:27.2161740Z       "sha256": "\n        706825ce621751f61e886d31829849be7cc47f34c18aa0152a0016a98b6f342c",
2026-08-14T16:23:27.2161910Z       "dep_types": ["Depends", "Imports", "LinkingTo"],
2026-08-14T16:23:27.2161990Z       "params": [],
2026-08-14T16:23:27.2162090Z       "install_args": [],
2026-08-14T16:23:27.2162180Z       "repotype": "cran"
2026-08-14T16:23:27.2162230Z     },
2026-08-14T16:23:27.2162270Z     {
2026-08-14T16:23:27.2162360Z       "ref": "highr",
2026-08-14T16:23:27.2162450Z       "package": "highr",
2026-08-14T16:23:27.2162540Z       "version": "0.12",
2026-08-14T16:23:27.2162630Z       "type": "standard",
2026-08-14T16:23:27.2162720Z       "direct": false,
2026-08-14T16:23:27.2162800Z       "binary": true,
2026-08-14T16:23:27.2162910Z       "dependencies": ["xfun"],
2026-08-14T16:23:27.2162980Z       "deps": [
2026-08-14T16:23:27.2163040Z         {
2026-08-14T16:23:27.2163130Z           "ref": "knitr",
2026-08-14T16:23:27.2163230Z           "type": "suggests",
2026-08-14T16:23:27.2163330Z           "package": "knitr",
2026-08-14T16:23:27.2163410Z           "op": "",
2026-08-14T16:23:27.2163490Z           "version": ""
2026-08-14T16:23:27.2163560Z         },
2026-08-14T16:23:27.2163620Z         {
2026-08-14T16:23:27.2163760Z           "ref": "markdown",
2026-08-14T16:23:27.2163870Z           "type": "suggests",
2026-08-14T16:23:27.2163970Z           "package": "markdown",
2026-08-14T16:23:27.2164050Z           "op": "",
2026-08-14T16:23:27.2164140Z           "version": ""
2026-08-14T16:23:27.2164200Z         },
2026-08-14T16:23:27.2164260Z         {
2026-08-14T16:23:27.2164340Z           "ref": "R",
2026-08-14T16:23:27.2164430Z           "type": "depends",
2026-08-14T16:23:27.2164520Z           "package": "R",
2026-08-14T16:23:27.2164600Z           "op": ">=",
2026-08-14T16:23:27.2164700Z           "version": "3.3.0"
2026-08-14T16:23:27.2164760Z         },
2026-08-14T16:23:27.2164820Z         {
2026-08-14T16:23:27.2164910Z           "ref": "testit",
2026-08-14T16:23:27.2165010Z           "type": "suggests",
2026-08-14T16:23:27.2165110Z           "package": "testit",
2026-08-14T16:23:27.2165190Z           "op": "",
2026-08-14T16:23:27.2165280Z           "version": ""
2026-08-14T16:23:27.2165350Z         },
2026-08-14T16:23:27.2165400Z         {
2026-08-14T16:23:27.2165490Z           "ref": "xfun",
2026-08-14T16:23:27.2165590Z           "type": "imports",
2026-08-14T16:23:27.2165690Z           "package": "xfun",
2026-08-14T16:23:27.2165770Z           "op": ">=",
2026-08-14T16:23:27.2165860Z           "version": "0.18"
2026-08-14T16:23:27.2166190Z         }
2026-08-14T16:23:27.2166260Z       ],
2026-08-14T16:23:27.2166370Z       "vignettes": false,
2026-08-14T16:23:27.2166490Z       "needscompilation": false,
2026-08-14T16:23:27.2166570Z       "metadata": {
2026-08-14T16:23:27.2166680Z         "RemoteType": "standard",
2026-08-14T16:23:27.2166790Z         "RemotePkgRef": "highr",
2026-08-14T16:23:27.2166890Z         "RemoteRef": "highr",
2026-08-14T16:23:27.2167060Z         "RemoteRepos": "https://cran.rstudio.com",
2026-08-14T16:23:27.2167240Z         "RemotePkgPlatform": "aarch64-apple-darwin23",
2026-08-14T16:23:27.2167520Z         "RemoteSha": "0.12"
2026-08-14T16:23:27.2167580Z       },
2026-08-14T16:23:27.2168220Z       "sources": ["https://cran.rstudio.com/bin/macosx/sonoma-arm64/contrib/4.6/highr_0.12.tgz", "https://mac.cran.dev/bin/macosx/sonoma-arm64/contrib/4.6/highr_0.12.tgz"],
2026-08-14T16:23:27.2168440Z       "target": "bin/macosx/sonoma-arm64/contrib/4.6/highr_0.12.tgz",
2026-08-14T16:23:27.2168580Z       "platform": "aarch64-apple-darwin23",
2026-08-14T16:23:27.2168670Z       "rversion": "4.6",
2026-08-14T16:23:27.2168850Z       "built": "R 4.6.0; ; 2026-04-25 23:14:12 UTC; unix",
2026-08-14T16:23:27.2168950Z       "directpkg": false,
2026-08-14T16:23:27.2169040Z       "license": "GPL",
2026-08-14T16:23:27.2169350Z       "sha256": "\n        cb10cdc1c27385fc714f0d4aa144cc531980acf20d09a286d8cef9bc63d76621",
2026-08-14T16:23:27.2169520Z       "dep_types": ["Depends", "Imports", "LinkingTo"],
2026-08-14T16:23:27.2169600Z       "params": [],
2026-08-14T16:23:27.2169690Z       "install_args": [],
2026-08-14T16:23:27.2169790Z       "repotype": "cran"
2026-08-14T16:23:27.2169830Z     },
2026-08-14T16:23:27.2169880Z     {
2026-08-14T16:23:27.2169990Z       "ref": "any::knitr",
2026-08-14T16:23:27.2170080Z       "package": "knitr",
2026-08-14T16:23:27.2170170Z       "version": "1.51",
2026-08-14T16:23:27.2170260Z       "type": "any",
2026-08-14T16:23:27.2170340Z       "direct": true,
2026-08-14T16:23:27.2170430Z       "binary": true,
2026-08-14T16:23:27.2170620Z       "dependencies": ["evaluate", "highr", "xfun", "yaml"],
2026-08-14T16:23:27.2170690Z       "deps": [
2026-08-14T16:23:27.2170750Z         {
2026-08-14T16:23:27.2170840Z           "ref": "bslib",
2026-08-14T16:23:27.2170940Z           "type": "suggests",
2026-08-14T16:23:27.2171040Z           "package": "bslib",
2026-08-14T16:23:27.2171120Z           "op": "",
2026-08-14T16:23:27.2171210Z           "version": ""
2026-08-14T16:23:27.2171270Z         },
2026-08-14T16:23:27.2171320Z         {
2026-08-14T16:23:27.2171420Z           "ref": "DBI",
2026-08-14T16:23:27.2171510Z           "type": "suggests",
2026-08-14T16:23:27.2171610Z           "package": "DBI",
2026-08-14T16:23:27.2171780Z           "op": ">=",
2026-08-14T16:23:27.2171890Z           "version": "0.4-1"
2026-08-14T16:23:27.2171950Z         },
2026-08-14T16:23:27.2172010Z         {
2026-08-14T16:23:27.2172110Z           "ref": "digest",
2026-08-14T16:23:27.2172210Z           "type": "suggests",
2026-08-14T16:23:27.2172310Z           "package": "digest",
2026-08-14T16:23:27.2172390Z           "op": "",
2026-08-14T16:23:27.2172470Z           "version": ""
2026-08-14T16:23:27.2172540Z         },
2026-08-14T16:23:27.2172590Z         {
2026-08-14T16:23:27.2172690Z           "ref": "evaluate",
2026-08-14T16:23:27.2172790Z           "type": "imports",
2026-08-14T16:23:27.2172900Z           "package": "evaluate",
2026-08-14T16:23:27.2172980Z           "op": ">=",
2026-08-14T16:23:27.2173080Z           "version": "0.15"
2026-08-14T16:23:27.2173140Z         },
2026-08-14T16:23:27.2173200Z         {
2026-08-14T16:23:27.2173300Z           "ref": "formatR",
2026-08-14T16:23:27.2173400Z           "type": "suggests",
2026-08-14T16:23:27.2173500Z           "package": "formatR",
2026-08-14T16:23:27.2173580Z           "op": "",
2026-08-14T16:23:27.2173670Z           "version": ""
2026-08-14T16:23:27.2173730Z         },
2026-08-14T16:23:27.2173790Z         {
2026-08-14T16:23:27.2173880Z           "ref": "gifski",
2026-08-14T16:23:27.2173980Z           "type": "suggests",
2026-08-14T16:23:27.2174080Z           "package": "gifski",
2026-08-14T16:23:27.2174160Z           "op": "",
2026-08-14T16:23:27.2174250Z           "version": ""
2026-08-14T16:23:27.2174320Z         },
2026-08-14T16:23:27.2174370Z         {
2026-08-14T16:23:27.2174460Z           "ref": "gridSVG",
2026-08-14T16:23:27.2174560Z           "type": "suggests",
2026-08-14T16:23:27.2174660Z           "package": "gridSVG",
2026-08-14T16:23:27.2174740Z           "op": "",
2026-08-14T16:23:27.2174830Z           "version": ""
2026-08-14T16:23:27.2174980Z         },
2026-08-14T16:23:27.2175040Z         {
2026-08-14T16:23:27.2175130Z           "ref": "highr",
2026-08-14T16:23:27.2175230Z           "type": "imports",
2026-08-14T16:23:27.2175330Z           "package": "highr",
2026-08-14T16:23:27.2175420Z           "op": ">=",
2026-08-14T16:23:27.2175510Z           "version": "0.11"
2026-08-14T16:23:27.2175580Z         },
2026-08-14T16:23:27.2175630Z         {
2026-08-14T16:23:27.2175740Z           "ref": "htmlwidgets",
2026-08-14T16:23:27.2175840Z           "type": "suggests",
2026-08-14T16:23:27.2175950Z           "package": "htmlwidgets",
2026-08-14T16:23:27.2176040Z           "op": ">=",
2026-08-14T16:23:27.2176130Z           "version": "0.7"
2026-08-14T16:23:27.2176200Z         },
2026-08-14T16:23:27.2176250Z         {
2026-08-14T16:23:27.2176340Z           "ref": "jpeg",
2026-08-14T16:23:27.2176440Z           "type": "suggests",
2026-08-14T16:23:27.2176540Z           "package": "jpeg",
2026-08-14T16:23:27.2176620Z           "op": "",
2026-08-14T16:23:27.2176710Z           "version": ""
2026-08-14T16:23:27.2176770Z         },
2026-08-14T16:23:27.2176830Z         {
2026-08-14T16:23:27.2176930Z           "ref": "JuliaCall",
2026-08-14T16:23:27.2177030Z           "type": "suggests",
2026-08-14T16:23:27.2177140Z           "package": "JuliaCall",
2026-08-14T16:23:27.2177220Z           "op": ">=",
2026-08-14T16:23:27.2177320Z           "version": "0.11.1"
2026-08-14T16:23:27.2177380Z         },
2026-08-14T16:23:27.2177440Z         {
2026-08-14T16:23:27.2177540Z           "ref": "litedown",
2026-08-14T16:23:27.2177630Z           "type": "suggests",
2026-08-14T16:23:27.2177740Z           "package": "litedown",
2026-08-14T16:23:27.2177820Z           "op": "",
2026-08-14T16:23:27.2177900Z           "version": ""
2026-08-14T16:23:27.2177970Z         },
2026-08-14T16:23:27.2178020Z         {
2026-08-14T16:23:27.2178120Z           "ref": "magick",
2026-08-14T16:23:27.2178210Z           "type": "suggests",
2026-08-14T16:23:27.2178310Z           "package": "magick",
2026-08-14T16:23:27.2178400Z           "op": "",
2026-08-14T16:23:27.2178490Z           "version": ""
2026-08-14T16:23:27.2178550Z         },
2026-08-14T16:23:27.2178650Z         {
2026-08-14T16:23:27.2178750Z           "ref": "markdown",
2026-08-14T16:23:27.2178850Z           "type": "suggests",
2026-08-14T16:23:27.2178950Z           "package": "markdown",
2026-08-14T16:23:27.2179040Z           "op": ">=",
2026-08-14T16:23:27.2179130Z           "version": "1.3"
2026-08-14T16:23:27.2179200Z         },
2026-08-14T16:23:27.2179250Z         {
2026-08-14T16:23:27.2179350Z           "ref": "methods",
2026-08-14T16:23:27.2179450Z           "type": "imports",
2026-08-14T16:23:27.2179550Z           "package": "methods",
2026-08-14T16:23:27.2179630Z           "op": "",
2026-08-14T16:23:27.2179710Z           "version": ""
2026-08-14T16:23:27.2179780Z         },
2026-08-14T16:23:27.2179830Z         {
2026-08-14T16:23:27.2179920Z           "ref": "otel",
2026-08-14T16:23:27.2180020Z           "type": "suggests",
2026-08-14T16:23:27.2180120Z           "package": "otel",
2026-08-14T16:23:27.2180200Z           "op": "",
2026-08-14T16:23:27.2180290Z           "version": ""
2026-08-14T16:23:27.2180360Z         },
2026-08-14T16:23:27.2180420Z         {
2026-08-14T16:23:27.2180510Z           "ref": "otelsdk",
2026-08-14T16:23:27.2180610Z           "type": "suggests",
2026-08-14T16:23:27.2180710Z           "package": "otelsdk",
2026-08-14T16:23:27.2180790Z           "op": "",
2026-08-14T16:23:27.2180870Z           "version": ""
2026-08-14T16:23:27.2180940Z         },
2026-08-14T16:23:27.2180990Z         {
2026-08-14T16:23:27.2181080Z           "ref": "png",
2026-08-14T16:23:27.2181180Z           "type": "suggests",
2026-08-14T16:23:27.2181280Z           "package": "png",
2026-08-14T16:23:27.2181350Z           "op": "",
2026-08-14T16:23:27.2181440Z           "version": ""
2026-08-14T16:23:27.2181540Z         },
2026-08-14T16:23:27.2181590Z         {
2026-08-14T16:23:27.2181680Z           "ref": "R",
2026-08-14T16:23:27.2181830Z           "type": "depends",
2026-08-14T16:23:27.2181930Z           "package": "R",
2026-08-14T16:23:27.2182020Z           "op": ">=",
2026-08-14T16:23:27.2182120Z           "version": "3.6.0"
2026-08-14T16:23:27.2182180Z         },
2026-08-14T16:23:27.2182240Z         {
2026-08-14T16:23:27.2182330Z           "ref": "ragg",
2026-08-14T16:23:27.2182430Z           "type": "suggests",
2026-08-14T16:23:27.2182520Z           "package": "ragg",
2026-08-14T16:23:27.2182600Z           "op": "",
2026-08-14T16:23:27.2182690Z           "version": ""
2026-08-14T16:23:27.2182760Z         },
2026-08-14T16:23:27.2182810Z         {
2026-08-14T16:23:27.2182910Z           "ref": "reticulate",
2026-08-14T16:23:27.2183010Z           "type": "suggests",
2026-08-14T16:23:27.2183120Z           "package": "reticulate",
2026-08-14T16:23:27.2183200Z           "op": ">=",
2026-08-14T16:23:27.2183300Z           "version": "1.4"
2026-08-14T16:23:27.2183360Z         },
2026-08-14T16:23:27.2183420Z         {
2026-08-14T16:23:27.2183500Z           "ref": "rgl",
2026-08-14T16:23:27.2183600Z           "type": "suggests",
2026-08-14T16:23:27.2183700Z           "package": "rgl",
2026-08-14T16:23:27.2183780Z           "op": ">=",
2026-08-14T16:23:27.2183890Z           "version": "0.95.1201"
2026-08-14T16:23:27.2183950Z         },
2026-08-14T16:23:27.2184010Z         {
2026-08-14T16:23:27.2184090Z           "ref": "rlang",
2026-08-14T16:23:27.2184200Z           "type": "suggests",
2026-08-14T16:23:27.2184360Z           "package": "rlang",
2026-08-14T16:23:27.2184440Z           "op": "",
2026-08-14T16:23:27.2184530Z           "version": ""
2026-08-14T16:23:27.2184600Z         },
2026-08-14T16:23:27.2184650Z         {
2026-08-14T16:23:27.2184750Z           "ref": "rmarkdown",
2026-08-14T16:23:27.2184850Z           "type": "suggests",
2026-08-14T16:23:27.2184960Z           "package": "rmarkdown",
2026-08-14T16:23:27.2185030Z           "op": "",
2026-08-14T16:23:27.2185130Z           "version": ""
2026-08-14T16:23:27.2185190Z         },
2026-08-14T16:23:27.2185250Z         {
2026-08-14T16:23:27.2185350Z           "ref": "rstudioapi",
2026-08-14T16:23:27.2185450Z           "type": "suggests",
2026-08-14T16:23:27.2185780Z           "package": "rstudioapi",
2026-08-14T16:23:27.2185870Z           "op": "",
2026-08-14T16:23:27.2185960Z           "version": ""
2026-08-14T16:23:27.2186030Z         },
2026-08-14T16:23:27.2186120Z         {
2026-08-14T16:23:27.2186220Z           "ref": "sass",
2026-08-14T16:23:27.2186350Z           "type": "suggests",
2026-08-14T16:23:27.2186470Z           "package": "sass",
2026-08-14T16:23:27.2186550Z           "op": "",
2026-08-14T16:23:27.2186630Z           "version": ""
2026-08-14T16:23:27.2186700Z         },
2026-08-14T16:23:27.2186760Z         {
2026-08-14T16:23:27.2186880Z           "ref": "showtext",
2026-08-14T16:23:27.2187000Z           "type": "suggests",
2026-08-14T16:23:27.2187130Z           "package": "showtext",
2026-08-14T16:23:27.2187230Z           "op": "",
2026-08-14T16:23:27.2187330Z           "version": ""
2026-08-14T16:23:27.2187400Z         },
2026-08-14T16:23:27.2187450Z         {
2026-08-14T16:23:27.2187540Z           "ref": "styler",
2026-08-14T16:23:27.2187640Z           "type": "suggests",
2026-08-14T16:23:27.2187740Z           "package": "styler",
2026-08-14T16:23:27.2187830Z           "op": ">=",
2026-08-14T16:23:27.2187920Z           "version": "1.2.0"
2026-08-14T16:23:27.2187990Z         },
2026-08-14T16:23:27.2188050Z         {
2026-08-14T16:23:27.2188150Z           "ref": "svglite",
2026-08-14T16:23:27.2188280Z           "type": "suggests",
2026-08-14T16:23:27.2188400Z           "package": "svglite",
2026-08-14T16:23:27.2188500Z           "op": "",
2026-08-14T16:23:27.2188600Z           "version": ""
2026-08-14T16:23:27.2188670Z         },
2026-08-14T16:23:27.2188730Z         {
2026-08-14T16:23:27.2188830Z           "ref": "targets",
2026-08-14T16:23:27.2188930Z           "type": "suggests",
2026-08-14T16:23:27.2189040Z           "package": "targets",
2026-08-14T16:23:27.2189130Z           "op": ">=",
2026-08-14T16:23:27.2189280Z           "version": "0.6.0"
2026-08-14T16:23:27.2189340Z         },
2026-08-14T16:23:27.2189400Z         {
2026-08-14T16:23:27.2189490Z           "ref": "testit",
2026-08-14T16:23:27.2189590Z           "type": "suggests",
2026-08-14T16:23:27.2189690Z           "package": "testit",
2026-08-14T16:23:27.2189770Z           "op": "",
2026-08-14T16:23:27.2189860Z           "version": ""
2026-08-14T16:23:27.2189920Z         },
2026-08-14T16:23:27.2189980Z         {
2026-08-14T16:23:27.2190070Z           "ref": "tibble",
2026-08-14T16:23:27.2190170Z           "type": "suggests",
2026-08-14T16:23:27.2190270Z           "package": "tibble",
2026-08-14T16:23:27.2190350Z           "op": "",
2026-08-14T16:23:27.2190440Z           "version": ""
2026-08-14T16:23:27.2190500Z         },
2026-08-14T16:23:27.2190550Z         {
2026-08-14T16:23:27.2190660Z           "ref": "tikzDevice",
2026-08-14T16:23:27.2190750Z           "type": "suggests",
2026-08-14T16:23:27.2190870Z           "package": "tikzDevice",
2026-08-14T16:23:27.2190950Z           "op": ">=",
2026-08-14T16:23:27.2191050Z           "version": "0.10"
2026-08-14T16:23:27.2191110Z         },
2026-08-14T16:23:27.2191170Z         {
2026-08-14T16:23:27.2191260Z           "ref": "tinytex",
2026-08-14T16:23:27.2191360Z           "type": "suggests",
2026-08-14T16:23:27.2191460Z           "package": "tinytex",
2026-08-14T16:23:27.2191550Z           "op": ">=",
2026-08-14T16:23:27.2191640Z           "version": "0.56"
2026-08-14T16:23:27.2191710Z         },
2026-08-14T16:23:27.2191760Z         {
2026-08-14T16:23:27.2191850Z           "ref": "tools",
2026-08-14T16:23:27.2191950Z           "type": "imports",
2026-08-14T16:23:27.2192050Z           "package": "tools",
2026-08-14T16:23:27.2192130Z           "op": "",
2026-08-14T16:23:27.2192280Z           "version": ""
2026-08-14T16:23:27.2192350Z         },
2026-08-14T16:23:27.2192410Z         {
2026-08-14T16:23:27.2192500Z           "ref": "webshot",
2026-08-14T16:23:27.2192600Z           "type": "suggests",
2026-08-14T16:23:27.2192710Z           "package": "webshot",
2026-08-14T16:23:27.2192780Z           "op": "",
2026-08-14T16:23:27.2192870Z           "version": ""
2026-08-14T16:23:27.2192990Z         },
2026-08-14T16:23:27.2193050Z         {
2026-08-14T16:23:27.2193130Z           "ref": "xfun",
2026-08-14T16:23:27.2193230Z           "type": "imports",
2026-08-14T16:23:27.2193330Z           "package": "xfun",
2026-08-14T16:23:27.2193420Z           "op": ">=",
2026-08-14T16:23:27.2193510Z           "version": "0.52"
2026-08-14T16:23:27.2193570Z         },
2026-08-14T16:23:27.2193630Z         {
2026-08-14T16:23:27.2193710Z           "ref": "yaml",
2026-08-14T16:23:27.2193810Z           "type": "imports",
2026-08-14T16:23:27.2193910Z           "package": "yaml",
2026-08-14T16:23:27.2193990Z           "op": ">=",
2026-08-14T16:23:27.2194090Z           "version": "2.1.19"
2026-08-14T16:23:27.2194140Z         }
2026-08-14T16:23:27.2194200Z       ],
2026-08-14T16:23:27.2194290Z       "vignettes": false,
2026-08-14T16:23:27.2194410Z       "needscompilation": false,
2026-08-14T16:23:27.2194490Z       "metadata": {
2026-08-14T16:23:27.2194590Z         "RemoteType": "any",
2026-08-14T16:23:27.2194720Z         "RemotePkgRef": "any::knitr",
2026-08-14T16:23:27.2194840Z         "RemoteRef": "any::knitr",
2026-08-14T16:23:27.2195000Z         "RemoteRepos": "https://cran.rstudio.com",
2026-08-14T16:23:27.2195180Z         "RemotePkgPlatform": "aarch64-apple-darwin23",
2026-08-14T16:23:27.2195270Z         "RemoteSha": "1.51"
2026-08-14T16:23:27.2195330Z       },
2026-08-14T16:23:27.2195990Z       "sources": ["https://cran.rstudio.com/bin/macosx/sonoma-arm64/contrib/4.6/knitr_1.51.tgz", "https://mac.cran.dev/bin/macosx/sonoma-arm64/contrib/4.6/knitr_1.51.tgz"],
2026-08-14T16:23:27.2196220Z       "target": "bin/macosx/sonoma-arm64/contrib/4.6/knitr_1.51.tgz",
2026-08-14T16:23:27.2196370Z       "platform": "aarch64-apple-darwin23",
2026-08-14T16:23:27.2196460Z       "rversion": "4.6",
2026-08-14T16:23:27.2196690Z       "built": "R 4.6.0; ; 2026-04-26 02:18:51 UTC; unix",
2026-08-14T16:23:27.2196780Z       "directpkg": true,
2026-08-14T16:23:27.2196870Z       "license": "GPL",
2026-08-14T16:23:27.2197180Z       "sha256": "\n        5e4b124fcbe76ea71768a4b0f520f34eae985c3706d7e26e6a69f6a6d7c3c82a",
2026-08-14T16:23:27.2197350Z       "dep_types": ["Depends", "Imports", "LinkingTo"],
2026-08-14T16:23:27.2197440Z       "params": [],
2026-08-14T16:23:27.2197530Z       "install_args": [],
2026-08-14T16:23:27.2197620Z       "repotype": "cran"
2026-08-14T16:23:27.2197670Z     },
2026-08-14T16:23:27.2197720Z     {
2026-08-14T16:23:27.2197800Z       "ref": "xfun",
2026-08-14T16:23:27.2197890Z       "package": "xfun",
2026-08-14T16:23:27.2197980Z       "version": "0.60",
2026-08-14T16:23:27.2198070Z       "type": "standard",
2026-08-14T16:23:27.2198150Z       "direct": false,
2026-08-14T16:23:27.2198240Z       "binary": true,
2026-08-14T16:23:27.2198330Z       "dependencies": [],
2026-08-14T16:23:27.2198410Z       "deps": [
2026-08-14T16:23:27.2198470Z         {
2026-08-14T16:23:27.2198570Z           "ref": "codetools",
2026-08-14T16:23:27.2198670Z           "type": "suggests",
2026-08-14T16:23:27.2198780Z           "package": "codetools",
2026-08-14T16:23:27.2198860Z           "op": "",
2026-08-14T16:23:27.2198950Z           "version": ""
2026-08-14T16:23:27.2199010Z         },
2026-08-14T16:23:27.2199070Z         {
2026-08-14T16:23:27.2199170Z           "ref": "commonmark",
2026-08-14T16:23:27.2199270Z           "type": "suggests",
2026-08-14T16:23:27.2199380Z           "package": "commonmark",
2026-08-14T16:23:27.2199460Z           "op": "",
2026-08-14T16:23:27.2199550Z           "version": ""
2026-08-14T16:23:27.2199610Z         },
2026-08-14T16:23:27.2199670Z         {
2026-08-14T16:23:27.2199760Z           "ref": "curl",
2026-08-14T16:23:27.2199860Z           "type": "suggests",
2026-08-14T16:23:27.2199950Z           "package": "curl",
2026-08-14T16:23:27.2200030Z           "op": "",
2026-08-14T16:23:27.2200120Z           "version": ""
2026-08-14T16:23:27.2200180Z         },
2026-08-14T16:23:27.2200240Z         {
2026-08-14T16:23:27.2200340Z           "ref": "data.table",
2026-08-14T16:23:27.2200490Z           "type": "suggests",
2026-08-14T16:23:27.2200600Z           "package": "data.table",
2026-08-14T16:23:27.2200680Z           "op": "",
2026-08-14T16:23:27.2200770Z           "version": ""
2026-08-14T16:23:27.2200830Z         },
2026-08-14T16:23:27.2200890Z         {
2026-08-14T16:23:27.2200990Z           "ref": "grDevices",
2026-08-14T16:23:27.2201090Z           "type": "imports",
2026-08-14T16:23:27.2201200Z           "package": "grDevices",
2026-08-14T16:23:27.2201280Z           "op": "",
2026-08-14T16:23:27.2201370Z           "version": ""
2026-08-14T16:23:27.2201430Z         },
2026-08-14T16:23:27.2201480Z         {
2026-08-14T16:23:27.2201580Z           "ref": "jsonlite",
2026-08-14T16:23:27.2201680Z           "type": "suggests",
2026-08-14T16:23:27.2201780Z           "package": "jsonlite",
2026-08-14T16:23:27.2201860Z           "op": "",
2026-08-14T16:23:27.2201950Z           "version": ""
2026-08-14T16:23:27.2202020Z         },
2026-08-14T16:23:27.2202070Z         {
2026-08-14T16:23:27.2202170Z           "ref": "knitr",
2026-08-14T16:23:27.2202260Z           "type": "suggests",
2026-08-14T16:23:27.2202370Z           "package": "knitr",
2026-08-14T16:23:27.2202450Z           "op": ">=",
2026-08-14T16:23:27.2202540Z           "version": "1.50"
2026-08-14T16:23:27.2202610Z         },
2026-08-14T16:23:27.2202660Z         {
2026-08-14T16:23:27.2202760Z           "ref": "litedown",
2026-08-14T16:23:27.2202860Z           "type": "suggests",
2026-08-14T16:23:27.2202970Z           "package": "litedown",
2026-08-14T16:23:27.2203050Z           "op": ">=",
2026-08-14T16:23:27.2203140Z           "version": "0.6"
2026-08-14T16:23:27.2203210Z         },
2026-08-14T16:23:27.2203260Z         {
2026-08-14T16:23:27.2203360Z           "ref": "magick",
2026-08-14T16:23:27.2203450Z           "type": "suggests",
2026-08-14T16:23:27.2203560Z           "package": "magick",
2026-08-14T16:23:27.2203710Z           "op": "",
2026-08-14T16:23:27.2203800Z           "version": ""
2026-08-14T16:23:27.2203860Z         },
2026-08-14T16:23:27.2203920Z         {
2026-08-14T16:23:27.2204020Z           "ref": "methods",
2026-08-14T16:23:27.2204120Z           "type": "suggests",
2026-08-14T16:23:27.2204220Z           "package": "methods",
2026-08-14T16:23:27.2204300Z           "op": "",
2026-08-14T16:23:27.2204380Z           "version": ""
2026-08-14T16:23:27.2204450Z         },
2026-08-14T16:23:27.2204500Z         {
2026-08-14T16:23:27.2204590Z           "ref": "mime",
2026-08-14T16:23:27.2204760Z           "type": "suggests",
2026-08-14T16:23:27.2204860Z           "package": "mime",
2026-08-14T16:23:27.2204950Z           "op": "",
2026-08-14T16:23:27.2205030Z           "version": ""
2026-08-14T16:23:27.2205100Z         },
2026-08-14T16:23:27.2205150Z         {
2026-08-14T16:23:27.2208140Z           "ref": "pak",
2026-08-14T16:23:27.2208250Z           "type": "suggests",
2026-08-14T16:23:27.2208360Z           "package": "pak",
2026-08-14T16:23:27.2208430Z           "op": "",
2026-08-14T16:23:27.2208520Z           "version": ""
2026-08-14T16:23:27.2208590Z         },
2026-08-14T16:23:27.2208640Z         {
2026-08-14T16:23:27.2208740Z           "ref": "parallel",
2026-08-14T16:23:27.2208850Z           "type": "suggests",
2026-08-14T16:23:27.2208950Z           "package": "parallel",
2026-08-14T16:23:27.2209030Z           "op": "",
2026-08-14T16:23:27.2209120Z           "version": ""
2026-08-14T16:23:27.2209180Z         },
2026-08-14T16:23:27.2209240Z         {
2026-08-14T16:23:27.2209330Z           "ref": "qs2",
2026-08-14T16:23:27.2209420Z           "type": "suggests",
2026-08-14T16:23:27.2209520Z           "package": "qs2",
2026-08-14T16:23:27.2209600Z           "op": "",
2026-08-14T16:23:27.2209680Z           "version": ""
2026-08-14T16:23:27.2209750Z         },
2026-08-14T16:23:27.2209800Z         {
2026-08-14T16:23:27.2209890Z           "ref": "R",
2026-08-14T16:23:27.2209990Z           "type": "depends",
2026-08-14T16:23:27.2210080Z           "package": "R",
2026-08-14T16:23:27.2210160Z           "op": ">=",
2026-08-14T16:23:27.2210340Z           "version": "3.2.0"
2026-08-14T16:23:27.2210410Z         },
2026-08-14T16:23:27.2210470Z         {
2026-08-14T16:23:27.2210560Z           "ref": "remotes",
2026-08-14T16:23:27.2210660Z           "type": "suggests",
2026-08-14T16:23:27.2210760Z           "package": "remotes",
2026-08-14T16:23:27.2210840Z           "op": "",
2026-08-14T16:23:27.2210930Z           "version": ""
2026-08-14T16:23:27.2210990Z         },
2026-08-14T16:23:27.2211050Z         {
2026-08-14T16:23:27.2211150Z           "ref": "rstudioapi",
2026-08-14T16:23:27.2211250Z           "type": "suggests",
2026-08-14T16:23:27.2211360Z           "package": "rstudioapi",
2026-08-14T16:23:27.2211440Z           "op": "",
2026-08-14T16:23:27.2211520Z           "version": ""
2026-08-14T16:23:27.2211590Z         },
2026-08-14T16:23:27.2211640Z         {
2026-08-14T16:23:27.2211740Z           "ref": "stats",
2026-08-14T16:23:27.2211830Z           "type": "imports",
2026-08-14T16:23:27.2211930Z           "package": "stats",
2026-08-14T16:23:27.2212010Z           "op": "",
2026-08-14T16:23:27.2212090Z           "version": ""
2026-08-14T16:23:27.2212160Z         },
2026-08-14T16:23:27.2212210Z         {
2026-08-14T16:23:27.2212300Z           "ref": "testit",
2026-08-14T16:23:27.2212400Z           "type": "suggests",
2026-08-14T16:23:27.2212500Z           "package": "testit",
2026-08-14T16:23:27.2212580Z           "op": "",
2026-08-14T16:23:27.2212670Z           "version": ""
2026-08-14T16:23:27.2212730Z         },
2026-08-14T16:23:27.2212790Z         {
2026-08-14T16:23:27.2212920Z           "ref": "tinytex",
2026-08-14T16:23:27.2213010Z           "type": "suggests",
2026-08-14T16:23:27.2213120Z           "package": "tinytex",
2026-08-14T16:23:27.2213200Z           "op": ">=",
2026-08-14T16:23:27.2213300Z           "version": "0.30"
2026-08-14T16:23:27.2213370Z         },
2026-08-14T16:23:27.2213490Z         {
2026-08-14T16:23:27.2213580Z           "ref": "tools",
2026-08-14T16:23:27.2213680Z           "type": "imports",
2026-08-14T16:23:27.2213780Z           "package": "tools",
2026-08-14T16:23:27.2213860Z           "op": "",
2026-08-14T16:23:27.2213950Z           "version": ""
2026-08-14T16:23:27.2214010Z         },
2026-08-14T16:23:27.2214060Z         {
2026-08-14T16:23:27.2214150Z           "ref": "xml2",
2026-08-14T16:23:27.2214250Z           "type": "suggests",
2026-08-14T16:23:27.2214350Z           "package": "xml2",
2026-08-14T16:23:27.2214430Z           "op": "",
2026-08-14T16:23:27.2214510Z           "version": ""
2026-08-14T16:23:27.2214580Z         },
2026-08-14T16:23:27.2214630Z         {
2026-08-14T16:23:27.2214720Z           "ref": "yaml",
2026-08-14T16:23:27.2214820Z           "type": "suggests",
2026-08-14T16:23:27.2214920Z           "package": "yaml",
2026-08-14T16:23:27.2215000Z           "op": "",
2026-08-14T16:23:27.2215080Z           "version": ""
2026-08-14T16:23:27.2215140Z         }
2026-08-14T16:23:27.2215200Z       ],
2026-08-14T16:23:27.2215290Z       "vignettes": false,
2026-08-14T16:23:27.2215400Z       "needscompilation": true,
2026-08-14T16:23:27.2215480Z       "metadata": {
2026-08-14T16:23:27.2215590Z         "RemoteType": "standard",
2026-08-14T16:23:27.2215710Z         "RemotePkgRef": "xfun",
2026-08-14T16:23:27.2215810Z         "RemoteRef": "xfun",
2026-08-14T16:23:27.2215970Z         "RemoteRepos": "https://cran.rstudio.com",
2026-08-14T16:23:27.2216140Z         "RemotePkgPlatform": "aarch64-apple-darwin23",
2026-08-14T16:23:27.2216240Z         "RemoteSha": "0.60"
2026-08-14T16:23:27.2216290Z       },
2026-08-14T16:23:27.2216910Z       "sources": ["https://cran.rstudio.com/bin/macosx/sonoma-arm64/contrib/4.6/xfun_0.60.tgz", "https://mac.cran.dev/bin/macosx/sonoma-arm64/contrib/4.6/xfun_0.60.tgz"],
2026-08-14T16:23:27.2217130Z       "target": "bin/macosx/sonoma-arm64/contrib/4.6/xfun_0.60.tgz",
2026-08-14T16:23:27.2217270Z       "platform": "aarch64-apple-darwin23",
2026-08-14T16:23:27.2217360Z       "rversion": "4.6",
2026-08-14T16:23:27.2217610Z       "built": "R 4.6.1; aarch64-apple-darwin23; 2026-07-09 11:38:03 UTC; unix",
2026-08-14T16:23:27.2217780Z       "directpkg": false,
2026-08-14T16:23:27.2217910Z       "license": "MIT + file LICENSE",
2026-08-14T16:23:27.2218210Z       "sha256": "\n        7260e5622bcb96ce6b4a85ba0899e1195ee503c0d76d853d6805c9adbf5ed86a",
2026-08-14T16:23:27.2218380Z       "dep_types": ["Depends", "Imports", "LinkingTo"],
2026-08-14T16:23:27.2218470Z       "params": [],
2026-08-14T16:23:27.2218560Z       "install_args": [],
2026-08-14T16:23:27.2218650Z       "repotype": "cran"
2026-08-14T16:23:27.2218690Z     },
2026-08-14T16:23:27.2218740Z     {
2026-08-14T16:23:27.2218820Z       "ref": "yaml",
2026-08-14T16:23:27.2218910Z       "package": "yaml",
2026-08-14T16:23:27.2219010Z       "version": "2.3.12",
2026-08-14T16:23:27.2219100Z       "type": "standard",
2026-08-14T16:23:27.2219190Z       "direct": false,
2026-08-14T16:23:27.2219280Z       "binary": true,
2026-08-14T16:23:27.2219370Z       "dependencies": [],
2026-08-14T16:23:27.2219440Z       "deps": [
2026-08-14T16:23:27.2219500Z         {
2026-08-14T16:23:27.2219590Z           "ref": "knitr",
2026-08-14T16:23:27.2219690Z           "type": "suggests",
2026-08-14T16:23:27.2219790Z           "package": "knitr",
2026-08-14T16:23:27.2219870Z           "op": "",
2026-08-14T16:23:27.2219960Z           "version": ""
2026-08-14T16:23:27.2220020Z         },
2026-08-14T16:23:27.2220070Z         {
2026-08-14T16:23:27.2220170Z           "ref": "rmarkdown",
2026-08-14T16:23:27.2220270Z           "type": "suggests",
2026-08-14T16:23:27.2220380Z           "package": "rmarkdown",
2026-08-14T16:23:27.2220460Z           "op": "",
2026-08-14T16:23:27.2220540Z           "version": ""
2026-08-14T16:23:27.2220610Z         },
2026-08-14T16:23:27.2220660Z         {
2026-08-14T16:23:27.2220760Z           "ref": "testthat",
2026-08-14T16:23:27.2220860Z           "type": "suggests",
2026-08-14T16:23:27.2221020Z           "package": "testthat",
2026-08-14T16:23:27.2221100Z           "op": ">=",
2026-08-14T16:23:27.2221200Z           "version": "3.0.0"
2026-08-14T16:23:27.2221260Z         }
2026-08-14T16:23:27.2221310Z       ],
2026-08-14T16:23:27.2221410Z       "vignettes": false,
2026-08-14T16:23:27.2221510Z       "needscompilation": true,
2026-08-14T16:23:27.2221590Z       "metadata": {
2026-08-14T16:23:27.2221710Z         "RemoteType": "standard",
2026-08-14T16:23:27.2221810Z         "RemotePkgRef": "yaml",
2026-08-14T16:23:27.2221910Z         "RemoteRef": "yaml",
2026-08-14T16:23:27.2222070Z         "RemoteRepos": "https://cran.rstudio.com",
2026-08-14T16:23:27.2222240Z         "RemotePkgPlatform": "aarch64-apple-darwin23",
2026-08-14T16:23:27.2222340Z         "RemoteSha": "2.3.12"
2026-08-14T16:23:27.2222400Z       },
2026-08-14T16:23:27.2223010Z       "sources": ["https://cran.rstudio.com/bin/macosx/sonoma-arm64/contrib/4.6/yaml_2.3.12.tgz", "https://mac.cran.dev/bin/macosx/sonoma-arm64/contrib/4.6/yaml_2.3.12.tgz"],
2026-08-14T16:23:27.2223310Z       "target": "bin/macosx/sonoma-arm64/contrib/4.6/yaml_2.3.12.tgz",
2026-08-14T16:23:27.2223450Z       "platform": "aarch64-apple-darwin23",
2026-08-14T16:23:27.2223550Z       "rversion": "4.6",
2026-08-14T16:23:27.2223800Z       "built": "R 4.6.0; aarch64-apple-darwin23; 2026-04-25 15:39:54 UTC; unix",
2026-08-14T16:23:27.2223890Z       "directpkg": false,
2026-08-14T16:23:27.2224040Z       "license": "BSD_3_clause + file LICENSE",
2026-08-14T16:23:27.2224340Z       "sha256": "\n        2552e9031f08d75b57fc150ce1fc20989cd51504758642f6ffad8846f2bdaf8e",
2026-08-14T16:23:27.2224510Z       "dep_types": ["Depends", "Imports", "LinkingTo"],
2026-08-14T16:23:27.2224600Z       "params": [],
2026-08-14T16:23:27.2224690Z       "install_args": [],
2026-08-14T16:23:27.2224780Z       "repotype": "cran"
2026-08-14T16:23:27.2224830Z     },
2026-08-14T16:23:27.2224870Z     {
2026-08-14T16:23:27.2224960Z       "ref": "base64enc",
2026-08-14T16:23:27.2225060Z       "package": "base64enc",
2026-08-14T16:23:27.2225160Z       "version": "0.1-6",
2026-08-14T16:23:27.2225250Z       "type": "standard",
2026-08-14T16:23:27.2225340Z       "direct": false,
2026-08-14T16:23:27.2225480Z       "binary": true,
2026-08-14T16:23:27.2225580Z       "dependencies": [],
2026-08-14T16:23:27.2225650Z       "deps": [
2026-08-14T16:23:27.2225710Z         {
2026-08-14T16:23:27.2225800Z           "ref": "png",
2026-08-14T16:23:27.2225900Z           "type": "enhances",
2026-08-14T16:23:27.2225990Z           "package": "png",
2026-08-14T16:23:27.2226070Z           "op": "",
2026-08-14T16:23:27.2226160Z           "version": ""
2026-08-14T16:23:27.2226220Z         },
2026-08-14T16:23:27.2226280Z         {
2026-08-14T16:23:27.2226360Z           "ref": "R",
2026-08-14T16:23:27.2226460Z           "type": "depends",
2026-08-14T16:23:27.2226550Z           "package": "R",
2026-08-14T16:23:27.2226640Z           "op": ">=",
2026-08-14T16:23:27.2226730Z           "version": "2.9.0"
2026-08-14T16:23:27.2226790Z         }
2026-08-14T16:23:27.2226840Z       ],
2026-08-14T16:23:27.2226940Z       "vignettes": false,
2026-08-14T16:23:27.2227050Z       "needscompilation": true,
2026-08-14T16:23:27.2227130Z       "metadata": {
2026-08-14T16:23:27.2227240Z         "RemoteType": "standard",
2026-08-14T16:23:27.2227360Z         "RemotePkgRef": "base64enc",
2026-08-14T16:23:27.2227470Z         "RemoteRef": "base64enc",
2026-08-14T16:23:27.2227630Z         "RemoteRepos": "https://cran.rstudio.com",
2026-08-14T16:23:27.2227800Z         "RemotePkgPlatform": "aarch64-apple-darwin23",
2026-08-14T16:23:27.2227900Z         "RemoteSha": "0.1-6"
2026-08-14T16:23:27.2227950Z       },
2026-08-14T16:23:27.2228620Z       "sources": ["https://cran.rstudio.com/bin/macosx/sonoma-arm64/contrib/4.6/base64enc_0.1-6.tgz", "https://mac.cran.dev/bin/macosx/sonoma-arm64/contrib/4.6/base64enc_0.1-6.tgz"],
2026-08-14T16:23:27.2228860Z       "target": "bin/macosx/sonoma-arm64/contrib/4.6/base64enc_0.1-6.tgz",
2026-08-14T16:23:27.2228990Z       "platform": "aarch64-apple-darwin23",
2026-08-14T16:23:27.2229130Z       "rversion": "4.6",
2026-08-14T16:23:27.2229380Z       "built": "R 4.6.0; aarch64-apple-darwin23; 2026-04-25 15:38:42 UTC; unix",
2026-08-14T16:23:27.2229480Z       "directpkg": false,
2026-08-14T16:23:27.2229590Z       "license": "GPL-2 | GPL-3",
2026-08-14T16:23:27.2229900Z       "sha256": "\n        18f7ea15c5547e6882bb40a255acf88b1d59b75b4aafe918c07c322b4ea095ed",
2026-08-14T16:23:27.2230070Z       "dep_types": ["Depends", "Imports", "LinkingTo"],
2026-08-14T16:23:27.2230150Z       "params": [],
2026-08-14T16:23:27.2230250Z       "install_args": [],
2026-08-14T16:23:27.2230340Z       "repotype": "cran"
2026-08-14T16:23:27.2230390Z     },
2026-08-14T16:23:27.2230430Z     {
2026-08-14T16:23:27.2230510Z       "ref": "bslib",
2026-08-14T16:23:27.2230610Z       "package": "bslib",
2026-08-14T16:23:27.2230700Z       "version": "0.12.0",
2026-08-14T16:23:27.2230790Z       "type": "standard",
2026-08-14T16:23:27.2230880Z       "direct": false,
2026-08-14T16:23:27.2230970Z       "binary": true,
2026-08-14T16:23:27.2231470Z       "dependencies": ["base64enc", "cachem", "fastmap", "htmltools", "jquerylib", "jsonlite", "lifecycle", "memoise", "mime", "rlang", "sass"],
2026-08-14T16:23:27.2231540Z       "deps": [
2026-08-14T16:23:27.2231600Z         {
2026-08-14T16:23:27.2231700Z           "ref": "base64enc",
2026-08-14T16:23:27.2231800Z           "type": "imports",
2026-08-14T16:23:27.2231900Z           "package": "base64enc",
2026-08-14T16:23:27.2231980Z           "op": "",
2026-08-14T16:23:27.2232070Z           "version": ""
2026-08-14T16:23:27.2232150Z         },
2026-08-14T16:23:27.2232220Z         {
2026-08-14T16:23:27.2232410Z           "ref": "brand.yml",
2026-08-14T16:23:27.2232540Z           "type": "suggests",
2026-08-14T16:23:27.2232660Z           "package": "brand.yml",
2026-08-14T16:23:27.2232740Z           "op": "",
2026-08-14T16:23:27.2232840Z           "version": ""
2026-08-14T16:23:27.2232900Z         },
2026-08-14T16:23:27.2232960Z         {
2026-08-14T16:23:27.2233050Z           "ref": "bsicons",
2026-08-14T16:23:27.2233150Z           "type": "suggests",
2026-08-14T16:23:27.2233260Z           "package": "bsicons",
2026-08-14T16:23:27.2233390Z           "op": "",
2026-08-14T16:23:27.2233480Z           "version": ""
2026-08-14T16:23:27.2233550Z         },
2026-08-14T16:23:27.2233600Z         {
2026-08-14T16:23:27.2233690Z           "ref": "cachem",
2026-08-14T16:23:27.2233790Z           "type": "imports",
2026-08-14T16:23:27.2233960Z           "package": "cachem",
2026-08-14T16:23:27.2234040Z           "op": "",
2026-08-14T16:23:27.2234130Z           "version": ""
2026-08-14T16:23:27.2234190Z         },
2026-08-14T16:23:27.2234250Z         {
2026-08-14T16:23:27.2234340Z           "ref": "curl",
2026-08-14T16:23:27.2234440Z           "type": "suggests",
2026-08-14T16:23:27.2234540Z           "package": "curl",
2026-08-14T16:23:27.2234610Z           "op": "",
2026-08-14T16:23:27.2234710Z           "version": ""
2026-08-14T16:23:27.2234770Z         },
2026-08-14T16:23:27.2234830Z         {
2026-08-14T16:23:27.2234920Z           "ref": "fastmap",
2026-08-14T16:23:27.2235020Z           "type": "imports",
2026-08-14T16:23:27.2235120Z           "package": "fastmap",
2026-08-14T16:23:27.2235210Z           "op": ">=",
2026-08-14T16:23:27.2235300Z           "version": "1.1.1"
2026-08-14T16:23:27.2235370Z         },
2026-08-14T16:23:27.2235420Z         {
2026-08-14T16:23:27.2235530Z           "ref": "fontawesome",
2026-08-14T16:23:27.2235630Z           "type": "suggests",
2026-08-14T16:23:27.2235740Z           "package": "fontawesome",
2026-08-14T16:23:27.2235820Z           "op": "",
2026-08-14T16:23:27.2235910Z           "version": ""
2026-08-14T16:23:27.2235970Z         },
2026-08-14T16:23:27.2236020Z         {
2026-08-14T16:23:27.2236120Z           "ref": "future",
2026-08-14T16:23:27.2236220Z           "type": "suggests",
2026-08-14T16:23:27.2236350Z           "package": "future",
2026-08-14T16:23:27.2236430Z           "op": "",
2026-08-14T16:23:27.2236510Z           "version": ""
2026-08-14T16:23:27.2236650Z         },
2026-08-14T16:23:27.2236710Z         {
2026-08-14T16:23:27.2236800Z           "ref": "ggplot2",
2026-08-14T16:23:27.2236900Z           "type": "suggests",
2026-08-14T16:23:27.2237000Z           "package": "ggplot2",
2026-08-14T16:23:27.2237080Z           "op": "",
2026-08-14T16:23:27.2237170Z           "version": ""
2026-08-14T16:23:27.2237230Z         },
2026-08-14T16:23:27.2237290Z         {
2026-08-14T16:23:27.2237390Z           "ref": "grDevices",
2026-08-14T16:23:27.2237490Z           "type": "imports",
2026-08-14T16:23:27.2237600Z           "package": "grDevices",
2026-08-14T16:23:27.2237670Z           "op": "",
2026-08-14T16:23:27.2237760Z           "version": ""
2026-08-14T16:23:27.2237820Z         },
2026-08-14T16:23:27.2237880Z         {
2026-08-14T16:23:27.2237980Z           "ref": "htmltools",
2026-08-14T16:23:27.2238080Z           "type": "imports",
2026-08-14T16:23:27.2238180Z           "package": "htmltools",
2026-08-14T16:23:27.2238260Z           "op": ">=",
2026-08-14T16:23:27.2238360Z           "version": "0.5.8"
2026-08-14T16:23:27.2238430Z         },
2026-08-14T16:23:27.2238480Z         {
2026-08-14T16:23:27.2238580Z           "ref": "jquerylib",
2026-08-14T16:23:27.2238680Z           "type": "imports",
2026-08-14T16:23:27.2238790Z           "package": "jquerylib",
2026-08-14T16:23:27.2238870Z           "op": ">=",
2026-08-14T16:23:27.2238970Z           "version": "0.1.3"
2026-08-14T16:23:27.2239040Z         },
2026-08-14T16:23:27.2239090Z         {
2026-08-14T16:23:27.2239190Z           "ref": "jsonlite",
2026-08-14T16:23:27.2239280Z           "type": "imports",
2026-08-14T16:23:27.2239390Z           "package": "jsonlite",
2026-08-14T16:23:27.2239460Z           "op": "",
2026-08-14T16:23:27.2239550Z           "version": ""
2026-08-14T16:23:27.2239620Z         },
2026-08-14T16:23:27.2239670Z         {
2026-08-14T16:23:27.2239760Z           "ref": "knitr",
2026-08-14T16:23:27.2239860Z           "type": "suggests",
2026-08-14T16:23:27.2239960Z           "package": "knitr",
2026-08-14T16:23:27.2240040Z           "op": "",
2026-08-14T16:23:27.2240130Z           "version": ""
2026-08-14T16:23:27.2240190Z         },
2026-08-14T16:23:27.2240290Z         {
2026-08-14T16:23:27.2240390Z           "ref": "lattice",
2026-08-14T16:23:27.2240490Z           "type": "suggests",
2026-08-14T16:23:27.2240590Z           "package": "lattice",
2026-08-14T16:23:27.2240670Z           "op": "",
2026-08-14T16:23:27.2240760Z           "version": ""
2026-08-14T16:23:27.2240820Z         },
2026-08-14T16:23:27.2240880Z         {
2026-08-14T16:23:27.2240980Z           "ref": "lifecycle",
2026-08-14T16:23:27.2241070Z           "type": "imports",
2026-08-14T16:23:27.2241180Z           "package": "lifecycle",
2026-08-14T16:23:27.2241260Z           "op": "",
2026-08-14T16:23:27.2241350Z           "version": ""
2026-08-14T16:23:27.2241410Z         },
2026-08-14T16:23:27.2241470Z         {
2026-08-14T16:23:27.2241560Z           "ref": "magrittr",
2026-08-14T16:23:27.2241660Z           "type": "suggests",
2026-08-14T16:23:27.2241770Z           "package": "magrittr",
2026-08-14T16:23:27.2241850Z           "op": "",
2026-08-14T16:23:27.2241940Z           "version": ""
2026-08-14T16:23:27.2242000Z         },
2026-08-14T16:23:27.2242060Z         {
2026-08-14T16:23:27.2242150Z           "ref": "memoise",
2026-08-14T16:23:27.2242250Z           "type": "imports",
2026-08-14T16:23:27.2242350Z           "package": "memoise",
2026-08-14T16:23:27.2242440Z           "op": ">=",
2026-08-14T16:23:27.2242530Z           "version": "2.0.1"
2026-08-14T16:23:27.2242600Z         },
2026-08-14T16:23:27.2242650Z         {
2026-08-14T16:23:27.2242740Z           "ref": "mime",
2026-08-14T16:23:27.2242840Z           "type": "imports",
2026-08-14T16:23:27.2242940Z           "package": "mime",
2026-08-14T16:23:27.2243010Z           "op": "",
2026-08-14T16:23:27.2243100Z           "version": ""
2026-08-14T16:23:27.2243170Z         },
2026-08-14T16:23:27.2243220Z         {
2026-08-14T16:23:27.2243300Z           "ref": "R",
2026-08-14T16:23:27.2243450Z           "type": "depends",
2026-08-14T16:23:27.2243540Z           "package": "R",
2026-08-14T16:23:27.2243630Z           "op": ">=",
2026-08-14T16:23:27.2243730Z           "version": "2.10"
2026-08-14T16:23:27.2243790Z         },
2026-08-14T16:23:27.2243850Z         {
2026-08-14T16:23:27.2243940Z           "ref": "rappdirs",
2026-08-14T16:23:27.2244040Z           "type": "suggests",
2026-08-14T16:23:27.2244150Z           "package": "rappdirs",
2026-08-14T16:23:27.2244230Z           "op": "",
2026-08-14T16:23:27.2244320Z           "version": ""
2026-08-14T16:23:27.2244380Z         },
2026-08-14T16:23:27.2244430Z         {
2026-08-14T16:23:27.2244520Z           "ref": "rlang",
2026-08-14T16:23:27.2244620Z           "type": "imports",
2026-08-14T16:23:27.2244720Z           "package": "rlang",
2026-08-14T16:23:27.2244800Z           "op": "",
2026-08-14T16:23:27.2244890Z           "version": ""
2026-08-14T16:23:27.2244950Z         },
2026-08-14T16:23:27.2245010Z         {
2026-08-14T16:23:27.2245110Z           "ref": "rmarkdown",
2026-08-14T16:23:27.2245210Z           "type": "suggests",
2026-08-14T16:23:27.2245320Z           "package": "rmarkdown",
2026-08-14T16:23:27.2245400Z           "op": ">=",
2026-08-14T16:23:27.2245500Z           "version": "2.7"
2026-08-14T16:23:27.2245560Z         },
2026-08-14T16:23:27.2245620Z         {
2026-08-14T16:23:27.2245710Z           "ref": "sass",
2026-08-14T16:23:27.2245810Z           "type": "imports",
2026-08-14T16:23:27.2245900Z           "package": "sass",
2026-08-14T16:23:27.2245980Z           "op": ">=",
2026-08-14T16:23:27.2246080Z           "version": "0.4.9"
2026-08-14T16:23:27.2246140Z         },
2026-08-14T16:23:27.2246200Z         {
2026-08-14T16:23:27.2246290Z           "ref": "shiny",
2026-08-14T16:23:27.2246390Z           "type": "suggests",
2026-08-14T16:23:27.2246490Z           "package": "shiny",
2026-08-14T16:23:27.2246570Z           "op": ">=",
2026-08-14T16:23:27.2246680Z           "version": "1.11.1.9000"
2026-08-14T16:23:27.2246750Z         },
2026-08-14T16:23:27.2246800Z         {
2026-08-14T16:23:27.2246900Z           "ref": "testthat",
2026-08-14T16:23:27.2247000Z           "type": "suggests",
2026-08-14T16:23:27.2247170Z           "package": "testthat",
2026-08-14T16:23:27.2247250Z           "op": "",
2026-08-14T16:23:27.2247340Z           "version": ""
2026-08-14T16:23:27.2247400Z         },
2026-08-14T16:23:27.2247460Z         {
2026-08-14T16:23:27.2247560Z           "ref": "thematic",
2026-08-14T16:23:27.2247650Z           "type": "suggests",
2026-08-14T16:23:27.2247760Z           "package": "thematic",
2026-08-14T16:23:27.2247840Z           "op": "",
2026-08-14T16:23:27.2247930Z           "version": ""
2026-08-14T16:23:27.2247990Z         },
2026-08-14T16:23:27.2248050Z         {
2026-08-14T16:23:27.2248140Z           "ref": "tools",
2026-08-14T16:23:27.2248240Z           "type": "suggests",
2026-08-14T16:23:27.2248340Z           "package": "tools",
2026-08-14T16:23:27.2248410Z           "op": "",
2026-08-14T16:23:27.2248510Z           "version": ""
2026-08-14T16:23:27.2248570Z         },
2026-08-14T16:23:27.2248630Z         {
2026-08-14T16:23:27.2248710Z           "ref": "utils",
2026-08-14T16:23:27.2248820Z           "type": "suggests",
2026-08-14T16:23:27.2248910Z           "package": "utils",
2026-08-14T16:23:27.2249000Z           "op": "",
2026-08-14T16:23:27.2249080Z           "version": ""
2026-08-14T16:23:27.2249150Z         },
2026-08-14T16:23:27.2249200Z         {
2026-08-14T16:23:27.2249290Z           "ref": "withr",
2026-08-14T16:23:27.2249390Z           "type": "suggests",
2026-08-14T16:23:27.2249490Z           "package": "withr",
2026-08-14T16:23:27.2249570Z           "op": "",
2026-08-14T16:23:27.2249650Z           "version": ""
2026-08-14T16:23:27.2249720Z         },
2026-08-14T16:23:27.2249770Z         {
2026-08-14T16:23:27.2249860Z           "ref": "yaml",
2026-08-14T16:23:27.2249960Z           "type": "suggests",
2026-08-14T16:23:27.2250060Z           "package": "yaml",
2026-08-14T16:23:27.2250190Z           "op": "",
2026-08-14T16:23:27.2250280Z           "version": ""
2026-08-14T16:23:27.2250330Z         }
2026-08-14T16:23:27.2250390Z       ],
2026-08-14T16:23:27.2250480Z       "vignettes": false,
2026-08-14T16:23:27.2250590Z       "needscompilation": false,
2026-08-14T16:23:27.2250780Z       "metadata": {
2026-08-14T16:23:27.2250920Z         "RemoteType": "standard",
2026-08-14T16:23:27.2251050Z         "RemotePkgRef": "bslib",
2026-08-14T16:23:27.2251170Z         "RemoteRef": "bslib",
2026-08-14T16:23:27.2251330Z         "RemoteRepos": "https://cran.rstudio.com",
2026-08-14T16:23:27.2251500Z         "RemotePkgPlatform": "aarch64-apple-darwin23",
2026-08-14T16:23:27.2251600Z         "RemoteSha": "0.12.0"
2026-08-14T16:23:27.2251650Z       },
2026-08-14T16:23:27.2252290Z       "sources": ["https://cran.rstudio.com/bin/macosx/sonoma-arm64/contrib/4.6/bslib_0.12.0.tgz", "https://mac.cran.dev/bin/macosx/sonoma-arm64/contrib/4.6/bslib_0.12.0.tgz"],
2026-08-14T16:23:27.2252520Z       "target": "bin/macosx/sonoma-arm64/contrib/4.6/bslib_0.12.0.tgz",
2026-08-14T16:23:27.2252660Z       "platform": "aarch64-apple-darwin23",
2026-08-14T16:23:27.2252750Z       "rversion": "4.6",
2026-08-14T16:23:27.2252920Z       "built": "R 4.6.1; ; 2026-08-04 04:11:06 UTC; unix",
2026-08-14T16:23:27.2253010Z       "directpkg": false,
2026-08-14T16:23:27.2253140Z       "license": "MIT + file LICENSE",
2026-08-14T16:23:27.2253440Z       "sha256": "\n        de3e0bc69699bb67d76d503b6aac6a64acc119c836720d08997036070089a407",
2026-08-14T16:23:27.2253610Z       "dep_types": ["Depends", "Imports", "LinkingTo"],
2026-08-14T16:23:27.2253690Z       "params": [],
2026-08-14T16:23:27.2253780Z       "install_args": [],
2026-08-14T16:23:27.2253870Z       "repotype": "cran"
2026-08-14T16:23:27.2253920Z     },
2026-08-14T16:23:27.2253960Z     {
2026-08-14T16:23:27.2254050Z       "ref": "cachem",
2026-08-14T16:23:27.2254140Z       "package": "cachem",
2026-08-14T16:23:27.2254230Z       "version": "1.1.0",
2026-08-14T16:23:27.2254330Z       "type": "standard",
2026-08-14T16:23:27.2254410Z       "direct": false,
2026-08-14T16:23:27.2254500Z       "binary": true,
2026-08-14T16:23:27.2254630Z       "dependencies": ["fastmap", "rlang"],
2026-08-14T16:23:27.2254760Z       "deps": [
2026-08-14T16:23:27.2254820Z         {
2026-08-14T16:23:27.2254920Z           "ref": "fastmap",
2026-08-14T16:23:27.2255020Z           "type": "imports",
2026-08-14T16:23:27.2255120Z           "package": "fastmap",
2026-08-14T16:23:27.2255200Z           "op": ">=",
2026-08-14T16:23:27.2255300Z           "version": "1.2.0"
2026-08-14T16:23:27.2255360Z         },
2026-08-14T16:23:27.2255420Z         {
2026-08-14T16:23:27.2255510Z           "ref": "rlang",
2026-08-14T16:23:27.2255610Z           "type": "imports",
2026-08-14T16:23:27.2255700Z           "package": "rlang",
2026-08-14T16:23:27.2255780Z           "op": "",
2026-08-14T16:23:27.2255870Z           "version": ""
2026-08-14T16:23:27.2255940Z         },
2026-08-14T16:23:27.2255990Z         {
2026-08-14T16:23:27.2256090Z           "ref": "testthat",
2026-08-14T16:23:27.2256190Z           "type": "suggests",
2026-08-14T16:23:27.2256300Z           "package": "testthat",
2026-08-14T16:23:27.2256370Z           "op": "",
2026-08-14T16:23:27.2256470Z           "version": ""
2026-08-14T16:23:27.2256520Z         }
2026-08-14T16:23:27.2256580Z       ],
2026-08-14T16:23:27.2256670Z       "vignettes": false,
2026-08-14T16:23:27.2256780Z       "needscompilation": true,
2026-08-14T16:23:27.2256860Z       "metadata": {
2026-08-14T16:23:27.2256970Z         "RemoteType": "standard",
2026-08-14T16:23:27.2257080Z         "RemotePkgRef": "cachem",
2026-08-14T16:23:27.2257180Z         "RemoteRef": "cachem",
2026-08-14T16:23:27.2257340Z         "RemoteRepos": "https://cran.rstudio.com",
2026-08-14T16:23:27.2257510Z         "RemotePkgPlatform": "aarch64-apple-darwin23",
2026-08-14T16:23:27.2257610Z         "RemoteSha": "1.1.0"
2026-08-14T16:23:27.2257660Z       },
2026-08-14T16:23:27.2258300Z       "sources": ["https://cran.rstudio.com/bin/macosx/sonoma-arm64/contrib/4.6/cachem_1.1.0.tgz", "https://mac.cran.dev/bin/macosx/sonoma-arm64/contrib/4.6/cachem_1.1.0.tgz"],
2026-08-14T16:23:27.2258570Z       "target": "bin/macosx/sonoma-arm64/contrib/4.6/cachem_1.1.0.tgz",
2026-08-14T16:23:27.2258710Z       "platform": "aarch64-apple-darwin23",
2026-08-14T16:23:27.2261130Z       "rversion": "4.6",
2026-08-14T16:23:27.2261400Z       "built": "R 4.6.0; aarch64-apple-darwin23; 2026-04-25 23:13:45 UTC; unix",
2026-08-14T16:23:27.2261490Z       "directpkg": false,
2026-08-14T16:23:27.2261620Z       "license": "MIT + file LICENSE",
2026-08-14T16:23:27.2261930Z       "sha256": "\n        43c17ebe5dee270a0c0b733dcbe388909afd7660dc4f96bada98e266fa9c2096",
2026-08-14T16:23:27.2262100Z       "dep_types": ["Depends", "Imports", "LinkingTo"],
2026-08-14T16:23:27.2262180Z       "params": [],
2026-08-14T16:23:27.2262280Z       "install_args": [],
2026-08-14T16:23:27.2262370Z       "repotype": "cran"
2026-08-14T16:23:27.2262410Z     },
2026-08-14T16:23:27.2262460Z     {
2026-08-14T16:23:27.2262560Z       "ref": "fastmap",
2026-08-14T16:23:27.2262650Z       "package": "fastmap",
2026-08-14T16:23:27.2262740Z       "version": "1.2.0",
2026-08-14T16:23:27.2262840Z       "type": "standard",
2026-08-14T16:23:27.2262920Z       "direct": false,
2026-08-14T16:23:27.2263010Z       "binary": true,
2026-08-14T16:23:27.2263100Z       "dependencies": [],
2026-08-14T16:23:27.2263180Z       "deps": [
2026-08-14T16:23:27.2263230Z         {
2026-08-14T16:23:27.2263330Z           "ref": "testthat",
2026-08-14T16:23:27.2263430Z           "type": "suggests",
2026-08-14T16:23:27.2263540Z           "package": "testthat",
2026-08-14T16:23:27.2263620Z           "op": ">=",
2026-08-14T16:23:27.2263710Z           "version": "2.1.1"
2026-08-14T16:23:27.2263770Z         }
2026-08-14T16:23:27.2263820Z       ],
2026-08-14T16:23:27.2263920Z       "vignettes": false,
2026-08-14T16:23:27.2264030Z       "needscompilation": true,
2026-08-14T16:23:27.2264110Z       "metadata": {
2026-08-14T16:23:27.2264220Z         "RemoteType": "standard",
2026-08-14T16:23:27.2264330Z         "RemotePkgRef": "fastmap",
2026-08-14T16:23:27.2264440Z         "RemoteRef": "fastmap",
2026-08-14T16:23:27.2264690Z         "RemoteRepos": "https://cran.rstudio.com",
2026-08-14T16:23:27.2264860Z         "RemotePkgPlatform": "aarch64-apple-darwin23",
2026-08-14T16:23:27.2264970Z         "RemoteSha": "1.2.0"
2026-08-14T16:23:27.2265020Z       },
2026-08-14T16:23:27.2265670Z       "sources": ["https://cran.rstudio.com/bin/macosx/sonoma-arm64/contrib/4.6/fastmap_1.2.0.tgz", "https://mac.cran.dev/bin/macosx/sonoma-arm64/contrib/4.6/fastmap_1.2.0.tgz"],
2026-08-14T16:23:27.2265890Z       "target": "bin/macosx/sonoma-arm64/contrib/4.6/fastmap_1.2.0.tgz",
2026-08-14T16:23:27.2266030Z       "platform": "aarch64-apple-darwin23",
2026-08-14T16:23:27.2266120Z       "rversion": "4.6",
2026-08-14T16:23:27.2266400Z       "built": "R 4.6.0; aarch64-apple-darwin23; 2026-04-25 15:38:44 UTC; unix",
2026-08-14T16:23:27.2266500Z       "directpkg": false,
2026-08-14T16:23:27.2266620Z       "license": "MIT + file LICENSE",
2026-08-14T16:23:27.2266930Z       "sha256": "\n        a515b290567c32f530c2d39deb019ced7855fbd36132d9e583c9925b917b5ae8",
2026-08-14T16:23:27.2267100Z       "dep_types": ["Depends", "Imports", "LinkingTo"],
2026-08-14T16:23:27.2267180Z       "params": [],
2026-08-14T16:23:27.2267280Z       "install_args": [],
2026-08-14T16:23:27.2267370Z       "repotype": "cran"
2026-08-14T16:23:27.2267410Z     },
2026-08-14T16:23:27.2267460Z     {
2026-08-14T16:23:27.2267550Z       "ref": "fontawesome",
2026-08-14T16:23:27.2267660Z       "package": "fontawesome",
2026-08-14T16:23:27.2267760Z       "version": "0.5.3",
2026-08-14T16:23:27.2267850Z       "type": "standard",
2026-08-14T16:23:27.2267930Z       "direct": false,
2026-08-14T16:23:27.2268020Z       "binary": true,
2026-08-14T16:23:27.2268160Z       "dependencies": ["htmltools", "rlang"],
2026-08-14T16:23:27.2268230Z       "deps": [
2026-08-14T16:23:27.2268280Z         {
2026-08-14T16:23:27.2268370Z           "ref": "covr",
2026-08-14T16:23:27.2268640Z           "type": "suggests",
2026-08-14T16:23:27.2268740Z           "package": "covr",
2026-08-14T16:23:27.2268820Z           "op": "",
2026-08-14T16:23:27.2268910Z           "version": ""
2026-08-14T16:23:27.2268980Z         },
2026-08-14T16:23:27.2269030Z         {
2026-08-14T16:23:27.2269120Z           "ref": "dplyr",
2026-08-14T16:23:27.2269220Z           "type": "suggests",
2026-08-14T16:23:27.2269320Z           "package": "dplyr",
2026-08-14T16:23:27.2269400Z           "op": ">=",
2026-08-14T16:23:27.2269500Z           "version": "1.0.8"
2026-08-14T16:23:27.2269560Z         },
2026-08-14T16:23:27.2269620Z         {
2026-08-14T16:23:27.2269710Z           "ref": "gt",
2026-08-14T16:23:27.2269800Z           "type": "suggests",
2026-08-14T16:23:27.2269900Z           "package": "gt",
2026-08-14T16:23:27.2269980Z           "op": ">=",
2026-08-14T16:23:27.2270080Z           "version": "0.9.0"
2026-08-14T16:23:27.2270140Z         },
2026-08-14T16:23:27.2270200Z         {
2026-08-14T16:23:27.2270300Z           "ref": "htmltools",
2026-08-14T16:23:27.2270400Z           "type": "imports",
2026-08-14T16:23:27.2270510Z           "package": "htmltools",
2026-08-14T16:23:27.2270590Z           "op": ">=",
2026-08-14T16:23:27.2270690Z           "version": "0.5.1.1"
2026-08-14T16:23:27.2270760Z         },
2026-08-14T16:23:27.2270810Z         {
2026-08-14T16:23:27.2270910Z           "ref": "knitr",
2026-08-14T16:23:27.2271000Z           "type": "suggests",
2026-08-14T16:23:27.2271100Z           "package": "knitr",
2026-08-14T16:23:27.2271190Z           "op": ">=",
2026-08-14T16:23:27.2271280Z           "version": "1.31"
2026-08-14T16:23:27.2271340Z         },
2026-08-14T16:23:27.2271400Z         {
2026-08-14T16:23:27.2271480Z           "ref": "R",
2026-08-14T16:23:27.2271580Z           "type": "depends",
2026-08-14T16:23:27.2271670Z           "package": "R",
2026-08-14T16:23:27.2271760Z           "op": ">=",
2026-08-14T16:23:27.2271860Z           "version": "3.3.0"
2026-08-14T16:23:27.2271920Z         },
2026-08-14T16:23:27.2271980Z         {
2026-08-14T16:23:27.2272070Z           "ref": "rlang",
2026-08-14T16:23:27.2272160Z           "type": "imports",
2026-08-14T16:23:27.2272300Z           "package": "rlang",
2026-08-14T16:23:27.2272490Z           "op": ">=",
2026-08-14T16:23:27.2272620Z           "version": "1.0.6"
2026-08-14T16:23:27.2272700Z         },
2026-08-14T16:23:27.2272770Z         {
2026-08-14T16:23:27.2272870Z           "ref": "rsvg",
2026-08-14T16:23:27.2272980Z           "type": "suggests",
2026-08-14T16:23:27.2273090Z           "package": "rsvg",
2026-08-14T16:23:27.2273170Z           "op": "",
2026-08-14T16:23:27.2273260Z           "version": ""
2026-08-14T16:23:27.2273320Z         },
2026-08-14T16:23:27.2273380Z         {
2026-08-14T16:23:27.2273470Z           "ref": "testthat",
2026-08-14T16:23:27.2273570Z           "type": "suggests",
2026-08-14T16:23:27.2273680Z           "package": "testthat",
2026-08-14T16:23:27.2273760Z           "op": ">=",
2026-08-14T16:23:27.2273860Z           "version": "3.0.0"
2026-08-14T16:23:27.2273910Z         }
2026-08-14T16:23:27.2273970Z       ],
2026-08-14T16:23:27.2274060Z       "vignettes": false,
2026-08-14T16:23:27.2274180Z       "needscompilation": false,
2026-08-14T16:23:27.2274260Z       "metadata": {
2026-08-14T16:23:27.2274370Z         "RemoteType": "standard",
2026-08-14T16:23:27.2274490Z         "RemotePkgRef": "fontawesome",
2026-08-14T16:23:27.2274610Z         "RemoteRef": "fontawesome",
2026-08-14T16:23:27.2274770Z         "RemoteRepos": "https://cran.rstudio.com",
2026-08-14T16:23:27.2274990Z         "RemotePkgPlatform": "aarch64-apple-darwin23",
2026-08-14T16:23:27.2275120Z         "RemoteSha": "0.5.3"
2026-08-14T16:23:27.2275180Z       },
2026-08-14T16:23:27.2275910Z       "sources": ["https://cran.rstudio.com/bin/macosx/sonoma-arm64/contrib/4.6/fontawesome_0.5.3.tgz", "https://mac.cran.dev/bin/macosx/sonoma-arm64/contrib/4.6/fontawesome_0.5.3.tgz"],
2026-08-14T16:23:27.2276170Z       "target": "bin/macosx/sonoma-arm64/contrib/4.6/fontawesome_0.5.3.tgz",
2026-08-14T16:23:27.2276360Z       "platform": "aarch64-apple-darwin23",
2026-08-14T16:23:27.2276450Z       "rversion": "4.6",
2026-08-14T16:23:27.2276620Z       "built": "R 4.6.0; ; 2026-04-26 02:18:26 UTC; unix",
2026-08-14T16:23:27.2276720Z       "directpkg": false,
2026-08-14T16:23:27.2276840Z       "license": "MIT + file LICENSE",
2026-08-14T16:23:27.2277140Z       "sha256": "\n        4b618cb85fa99f1a62db761758b37b1a490201b9f4302e81201583da5dbdc27e",
2026-08-14T16:23:27.2277310Z       "dep_types": ["Depends", "Imports", "LinkingTo"],
2026-08-14T16:23:27.2277390Z       "params": [],
2026-08-14T16:23:27.2277480Z       "install_args": [],
2026-08-14T16:23:27.2277570Z       "repotype": "cran"
2026-08-14T16:23:27.2277620Z     },
2026-08-14T16:23:27.2277660Z     {
2026-08-14T16:23:27.2277750Z       "ref": "htmltools",
2026-08-14T16:23:27.2277860Z       "package": "htmltools",
2026-08-14T16:23:27.2277950Z       "version": "0.5.9",
2026-08-14T16:23:27.2278040Z       "type": "standard",
2026-08-14T16:23:27.2278130Z       "direct": false,
2026-08-14T16:23:27.2278210Z       "binary": true,
2026-08-14T16:23:27.2278430Z       "dependencies": ["base64enc", "digest", "fastmap", "rlang"],
2026-08-14T16:23:27.2278510Z       "deps": [
2026-08-14T16:23:27.2278560Z         {
2026-08-14T16:23:27.2278660Z           "ref": "base64enc",
2026-08-14T16:23:27.2278760Z           "type": "imports",
2026-08-14T16:23:27.2278870Z           "package": "base64enc",
2026-08-14T16:23:27.2278950Z           "op": "",
2026-08-14T16:23:27.2279040Z           "version": ""
2026-08-14T16:23:27.2279100Z         },
2026-08-14T16:23:27.2279150Z         {
2026-08-14T16:23:27.2279250Z           "ref": "Cairo",
2026-08-14T16:23:27.2279350Z           "type": "suggests",
2026-08-14T16:23:27.2279450Z           "package": "Cairo",
2026-08-14T16:23:27.2279520Z           "op": "",
2026-08-14T16:23:27.2279610Z           "version": ""
2026-08-14T16:23:27.2279680Z         },
2026-08-14T16:23:27.2279730Z         {
2026-08-14T16:23:27.2279830Z           "ref": "digest",
2026-08-14T16:23:27.2279930Z           "type": "imports",
2026-08-14T16:23:27.2280030Z           "package": "digest",
2026-08-14T16:23:27.2280180Z           "op": "",
2026-08-14T16:23:27.2280270Z           "version": ""
2026-08-14T16:23:27.2280340Z         },
2026-08-14T16:23:27.2280390Z         {
2026-08-14T16:23:27.2280480Z           "ref": "fastmap",
2026-08-14T16:23:27.2280580Z           "type": "imports",
2026-08-14T16:23:27.2280680Z           "package": "fastmap",
2026-08-14T16:23:27.2280770Z           "op": ">=",
2026-08-14T16:23:27.2280860Z           "version": "1.1.0"
2026-08-14T16:23:27.2280930Z         },
2026-08-14T16:23:27.2280980Z         {
2026-08-14T16:23:27.2281080Z           "ref": "grDevices",
2026-08-14T16:23:27.2281170Z           "type": "imports",
2026-08-14T16:23:27.2281280Z           "package": "grDevices",
2026-08-14T16:23:27.2281360Z           "op": "",
2026-08-14T16:23:27.2281450Z           "version": ""
2026-08-14T16:23:27.2281520Z         },
2026-08-14T16:23:27.2281570Z         {
2026-08-14T16:23:27.2281660Z           "ref": "knitr",
2026-08-14T16:23:27.2281760Z           "type": "enhances",
2026-08-14T16:23:27.2281860Z           "package": "knitr",
2026-08-14T16:23:27.2281940Z           "op": "",
2026-08-14T16:23:27.2282030Z           "version": ""
2026-08-14T16:23:27.2282090Z         },
2026-08-14T16:23:27.2282150Z         {
2026-08-14T16:23:27.2282240Z           "ref": "markdown",
2026-08-14T16:23:27.2282340Z           "type": "suggests",
2026-08-14T16:23:27.2282450Z           "package": "markdown",
2026-08-14T16:23:27.2282530Z           "op": "",
2026-08-14T16:23:27.2282620Z           "version": ""
2026-08-14T16:23:27.2282680Z         },
2026-08-14T16:23:27.2282740Z         {
2026-08-14T16:23:27.2282820Z           "ref": "R",
2026-08-14T16:23:27.2282920Z           "type": "depends",
2026-08-14T16:23:27.2283010Z           "package": "R",
2026-08-14T16:23:27.2283090Z           "op": ">=",
2026-08-14T16:23:27.2283190Z           "version": "2.14.1"
2026-08-14T16:23:27.2283300Z         },
2026-08-14T16:23:27.2283360Z         {
2026-08-14T16:23:27.2283450Z           "ref": "ragg",
2026-08-14T16:23:27.2283550Z           "type": "suggests",
2026-08-14T16:23:27.2283640Z           "package": "ragg",
2026-08-14T16:23:27.2283730Z           "op": "",
2026-08-14T16:23:27.2283820Z           "version": ""
2026-08-14T16:23:27.2283880Z         },
2026-08-14T16:23:27.2283930Z         {
2026-08-14T16:23:27.2284020Z           "ref": "rlang",
2026-08-14T16:23:27.2284120Z           "type": "imports",
2026-08-14T16:23:27.2284220Z           "package": "rlang",
2026-08-14T16:23:27.2284300Z           "op": ">=",
2026-08-14T16:23:27.2284400Z           "version": "1.0.0"
2026-08-14T16:23:27.2284460Z         },
2026-08-14T16:23:27.2284520Z         {
2026-08-14T16:23:27.2284610Z           "ref": "shiny",
2026-08-14T16:23:27.2284710Z           "type": "suggests",
2026-08-14T16:23:27.2284810Z           "package": "shiny",
2026-08-14T16:23:27.2284880Z           "op": "",
2026-08-14T16:23:27.2284970Z           "version": ""
2026-08-14T16:23:27.2285040Z         },
2026-08-14T16:23:27.2285090Z         {
2026-08-14T16:23:27.2285180Z           "ref": "testthat",
2026-08-14T16:23:27.2285290Z           "type": "suggests",
2026-08-14T16:23:27.2285390Z           "package": "testthat",
2026-08-14T16:23:27.2285480Z           "op": "",
2026-08-14T16:23:27.2285560Z           "version": ""
2026-08-14T16:23:27.2285630Z         },
2026-08-14T16:23:27.2285680Z         {
2026-08-14T16:23:27.2285770Z           "ref": "utils",
2026-08-14T16:23:27.2285870Z           "type": "imports",
2026-08-14T16:23:27.2285970Z           "package": "utils",
2026-08-14T16:23:27.2286050Z           "op": "",
2026-08-14T16:23:27.2286140Z           "version": ""
2026-08-14T16:23:27.2286200Z         },
2026-08-14T16:23:27.2286250Z         {
2026-08-14T16:23:27.2286340Z           "ref": "withr",
2026-08-14T16:23:27.2286440Z           "type": "suggests",
2026-08-14T16:23:27.2286540Z           "package": "withr",
2026-08-14T16:23:27.2286620Z           "op": "",
2026-08-14T16:23:27.2286710Z           "version": ""
2026-08-14T16:23:27.2286760Z         }
2026-08-14T16:23:27.2286820Z       ],
2026-08-14T16:23:27.2286960Z       "vignettes": false,
2026-08-14T16:23:27.2287070Z       "needscompilation": true,
2026-08-14T16:23:27.2287150Z       "metadata": {
2026-08-14T16:23:27.2287260Z         "RemoteType": "standard",
2026-08-14T16:23:27.2287380Z         "RemotePkgRef": "htmltools",
2026-08-14T16:23:27.2287490Z         "RemoteRef": "htmltools",
2026-08-14T16:23:27.2287650Z         "RemoteRepos": "https://cran.rstudio.com",
2026-08-14T16:23:27.2287820Z         "RemotePkgPlatform": "aarch64-apple-darwin23",
2026-08-14T16:23:27.2287920Z         "RemoteSha": "0.5.9"
2026-08-14T16:23:27.2287970Z       },
2026-08-14T16:23:27.2288630Z       "sources": ["https://cran.rstudio.com/bin/macosx/sonoma-arm64/contrib/4.6/htmltools_0.5.9.tgz", "https://mac.cran.dev/bin/macosx/sonoma-arm64/contrib/4.6/htmltools_0.5.9.tgz"],
2026-08-14T16:23:27.2288860Z       "target": "bin/macosx/sonoma-arm64/contrib/4.6/htmltools_0.5.9.tgz",
2026-08-14T16:23:27.2289000Z       "platform": "aarch64-apple-darwin23",
2026-08-14T16:23:27.2289090Z       "rversion": "4.6",
2026-08-14T16:23:27.2289350Z       "built": "R 4.6.0; aarch64-apple-darwin23; 2026-04-25 23:13:58 UTC; unix",
2026-08-14T16:23:27.2289430Z       "directpkg": false,
2026-08-14T16:23:27.2289540Z       "license": "GPL (>= 2)",
2026-08-14T16:23:27.2289840Z       "sha256": "\n        17e835aca63da8e0ad791bf391162d5c53a83d75419f80dddf9e4ef63a6bd5ef",
2026-08-14T16:23:27.2290010Z       "dep_types": ["Depends", "Imports", "LinkingTo"],
2026-08-14T16:23:27.2290090Z       "params": [],
2026-08-14T16:23:27.2290190Z       "install_args": [],
2026-08-14T16:23:27.2290280Z       "repotype": "cran"
2026-08-14T16:23:27.2290320Z     },
2026-08-14T16:23:27.2290370Z     {
2026-08-14T16:23:27.2290460Z       "ref": "jquerylib",
2026-08-14T16:23:27.2290560Z       "package": "jquerylib",
2026-08-14T16:23:27.2290660Z       "version": "0.1.4",
2026-08-14T16:23:27.2290790Z       "type": "standard",
2026-08-14T16:23:27.2290880Z       "direct": false,
2026-08-14T16:23:27.2290960Z       "binary": true,
2026-08-14T16:23:27.2291080Z       "dependencies": ["htmltools"],
2026-08-14T16:23:27.2291160Z       "deps": [
2026-08-14T16:23:27.2291210Z         {
2026-08-14T16:23:27.2291310Z           "ref": "htmltools",
2026-08-14T16:23:27.2291410Z           "type": "imports",
2026-08-14T16:23:27.2291520Z           "package": "htmltools",
2026-08-14T16:23:27.2291600Z           "op": "",
2026-08-14T16:23:27.2291690Z           "version": ""
2026-08-14T16:23:27.2291750Z         },
2026-08-14T16:23:27.2291800Z         {
2026-08-14T16:23:27.2291900Z           "ref": "testthat",
2026-08-14T16:23:27.2292000Z           "type": "suggests",
2026-08-14T16:23:27.2292110Z           "package": "testthat",
2026-08-14T16:23:27.2292190Z           "op": "",
2026-08-14T16:23:27.2292270Z           "version": ""
2026-08-14T16:23:27.2292330Z         }
2026-08-14T16:23:27.2292380Z       ],
2026-08-14T16:23:27.2292480Z       "vignettes": false,
2026-08-14T16:23:27.2292590Z       "needscompilation": false,
2026-08-14T16:23:27.2292670Z       "metadata": {
2026-08-14T16:23:27.2292780Z         "RemoteType": "standard",
2026-08-14T16:23:27.2292900Z         "RemotePkgRef": "jquerylib",
2026-08-14T16:23:27.2293010Z         "RemoteRef": "jquerylib",
2026-08-14T16:23:27.2293170Z         "RemoteRepos": "https://cran.rstudio.com",
2026-08-14T16:23:27.2293340Z         "RemotePkgPlatform": "aarch64-apple-darwin23",
2026-08-14T16:23:27.2293440Z         "RemoteSha": "0.1.4"
2026-08-14T16:23:27.2293490Z       },
2026-08-14T16:23:27.2294150Z       "sources": ["https://cran.rstudio.com/bin/macosx/sonoma-arm64/contrib/4.6/jquerylib_0.1.4.tgz", "https://mac.cran.dev/bin/macosx/sonoma-arm64/contrib/4.6/jquerylib_0.1.4.tgz"],
2026-08-14T16:23:27.2294380Z       "target": "bin/macosx/sonoma-arm64/contrib/4.6/jquerylib_0.1.4.tgz",
2026-08-14T16:23:27.2294520Z       "platform": "aarch64-apple-darwin23",
2026-08-14T16:23:27.2294610Z       "rversion": "4.6",
2026-08-14T16:23:27.2294780Z       "built": "R 4.6.0; ; 2026-04-26 02:18:12 UTC; unix",
2026-08-14T16:23:27.2294880Z       "directpkg": false,
2026-08-14T16:23:27.2295040Z       "license": "MIT + file LICENSE",
2026-08-14T16:23:27.2295350Z       "sha256": "\n        5ff62e4379696cb15b7d111be2b74d4c6f1a5f0fb64b2b2434b3e0e1cca5ba83",
2026-08-14T16:23:27.2295520Z       "dep_types": ["Depends", "Imports", "LinkingTo"],
2026-08-14T16:23:27.2295600Z       "params": [],
2026-08-14T16:23:27.2295700Z       "install_args": [],
2026-08-14T16:23:27.2295790Z       "repotype": "cran"
2026-08-14T16:23:27.2295830Z     },
2026-08-14T16:23:27.2295880Z     {
2026-08-14T16:23:27.2295960Z       "ref": "memoise",
2026-08-14T16:23:27.2296060Z       "package": "memoise",
2026-08-14T16:23:27.2296150Z       "version": "2.0.1",
2026-08-14T16:23:27.2296280Z       "type": "standard",
2026-08-14T16:23:27.2296370Z       "direct": false,
2026-08-14T16:23:27.2296460Z       "binary": true,
2026-08-14T16:23:27.2296590Z       "dependencies": ["cachem", "rlang"],
2026-08-14T16:23:27.2296660Z       "deps": [
2026-08-14T16:23:27.2296730Z         {
2026-08-14T16:23:27.2296820Z           "ref": "aws.s3",
2026-08-14T16:23:27.2296920Z           "type": "suggests",
2026-08-14T16:23:27.2297020Z           "package": "aws.s3",
2026-08-14T16:23:27.2297110Z           "op": "",
2026-08-14T16:23:27.2297190Z           "version": ""
2026-08-14T16:23:27.2297260Z         },
2026-08-14T16:23:27.2297310Z         {
2026-08-14T16:23:27.2297400Z           "ref": "cachem",
2026-08-14T16:23:27.2297500Z           "type": "imports",
2026-08-14T16:23:27.2297600Z           "package": "cachem",
2026-08-14T16:23:27.2297680Z           "op": "",
2026-08-14T16:23:27.2297770Z           "version": ""
2026-08-14T16:23:27.2297830Z         },
2026-08-14T16:23:27.2297890Z         {
2026-08-14T16:23:27.2297970Z           "ref": "covr",
2026-08-14T16:23:27.2298070Z           "type": "suggests",
2026-08-14T16:23:27.2298170Z           "package": "covr",
2026-08-14T16:23:27.2298330Z           "op": "",
2026-08-14T16:23:27.2298410Z           "version": ""
2026-08-14T16:23:27.2298480Z         },
2026-08-14T16:23:27.2298540Z         {
2026-08-14T16:23:27.2298630Z           "ref": "digest",
2026-08-14T16:23:27.2298730Z           "type": "suggests",
2026-08-14T16:23:27.2298830Z           "package": "digest",
2026-08-14T16:23:27.2298910Z           "op": "",
2026-08-14T16:23:27.2299000Z           "version": ""
2026-08-14T16:23:27.2299060Z         },
2026-08-14T16:23:27.2299120Z         {
2026-08-14T16:23:27.2299220Z           "ref": "googleAuthR",
2026-08-14T16:23:27.2299310Z           "type": "suggests",
2026-08-14T16:23:27.2299430Z           "package": "googleAuthR",
2026-08-14T16:23:27.2299510Z           "op": "",
2026-08-14T16:23:27.2299600Z           "version": ""
2026-08-14T16:23:27.2299660Z         },
2026-08-14T16:23:27.2299720Z         {
2026-08-14T16:23:27.2299850Z           "ref": "googleCloudStorageR",
2026-08-14T16:23:27.2299950Z           "type": "suggests",
2026-08-14T16:23:27.2300080Z           "package": "googleCloudStorageR",
2026-08-14T16:23:27.2300160Z           "op": "",
2026-08-14T16:23:27.2300250Z           "version": ""
2026-08-14T16:23:27.2300320Z         },
2026-08-14T16:23:27.2300370Z         {
2026-08-14T16:23:27.2300460Z           "ref": "httr",
2026-08-14T16:23:27.2300560Z           "type": "suggests",
2026-08-14T16:23:27.2300660Z           "package": "httr",
2026-08-14T16:23:27.2300740Z           "op": "",
2026-08-14T16:23:27.2300820Z           "version": ""
2026-08-14T16:23:27.2300890Z         },
2026-08-14T16:23:27.2300940Z         {
2026-08-14T16:23:27.2301030Z           "ref": "rlang",
2026-08-14T16:23:27.2301130Z           "type": "imports",
2026-08-14T16:23:27.2301230Z           "package": "rlang",
2026-08-14T16:23:27.2301310Z           "op": ">=",
2026-08-14T16:23:27.2301410Z           "version": "0.4.10"
2026-08-14T16:23:27.2301470Z         },
2026-08-14T16:23:27.2301520Z         {
2026-08-14T16:23:27.2301620Z           "ref": "testthat",
2026-08-14T16:23:27.2301720Z           "type": "suggests",
2026-08-14T16:23:27.2301830Z           "package": "testthat",
2026-08-14T16:23:27.2301910Z           "op": "",
2026-08-14T16:23:27.2302040Z           "version": ""
2026-08-14T16:23:27.2302100Z         }
2026-08-14T16:23:27.2302150Z       ],
2026-08-14T16:23:27.2302250Z       "vignettes": false,
2026-08-14T16:23:27.2302360Z       "needscompilation": false,
2026-08-14T16:23:27.2302440Z       "metadata": {
2026-08-14T16:23:27.2302540Z         "RemoteType": "standard",
2026-08-14T16:23:27.2302650Z         "RemotePkgRef": "memoise",
2026-08-14T16:23:27.2302750Z         "RemoteRef": "memoise",
2026-08-14T16:23:27.2302980Z         "RemoteRepos": "https://cran.rstudio.com",
2026-08-14T16:23:27.2303160Z         "RemotePkgPlatform": "aarch64-apple-darwin23",
2026-08-14T16:23:27.2303260Z         "RemoteSha": "2.0.1"
2026-08-14T16:23:27.2303310Z       },
2026-08-14T16:23:27.2303960Z       "sources": ["https://cran.rstudio.com/bin/macosx/sonoma-arm64/contrib/4.6/memoise_2.0.1.tgz", "https://mac.cran.dev/bin/macosx/sonoma-arm64/contrib/4.6/memoise_2.0.1.tgz"],
2026-08-14T16:23:27.2304190Z       "target": "bin/macosx/sonoma-arm64/contrib/4.6/memoise_2.0.1.tgz",
2026-08-14T16:23:27.2304330Z       "platform": "aarch64-apple-darwin23",
2026-08-14T16:23:27.2304420Z       "rversion": "4.6",
2026-08-14T16:23:27.2304590Z       "built": "R 4.6.0; ; 2026-04-26 02:18:19 UTC; unix",
2026-08-14T16:23:27.2304680Z       "directpkg": false,
2026-08-14T16:23:27.2304810Z       "license": "MIT + file LICENSE",
2026-08-14T16:23:27.2305110Z       "sha256": "\n        b1417d95410d4639c11bcdaa3f10337dd24c745f9586baf68ba22aece68bfc9d",
2026-08-14T16:23:27.2305280Z       "dep_types": ["Depends", "Imports", "LinkingTo"],
2026-08-14T16:23:27.2305360Z       "params": [],
2026-08-14T16:23:27.2305450Z       "install_args": [],
2026-08-14T16:23:27.2305540Z       "repotype": "cran"
2026-08-14T16:23:27.2305590Z     },
2026-08-14T16:23:27.2305630Z     {
2026-08-14T16:23:27.2305710Z       "ref": "mime",
2026-08-14T16:23:27.2305860Z       "package": "mime",
2026-08-14T16:23:27.2305960Z       "version": "0.13",
2026-08-14T16:23:27.2306080Z       "type": "standard",
2026-08-14T16:23:27.2306180Z       "direct": false,
2026-08-14T16:23:27.2306270Z       "binary": true,
2026-08-14T16:23:27.2306370Z       "dependencies": [],
2026-08-14T16:23:27.2306450Z       "deps": [
2026-08-14T16:23:27.2306510Z         {
2026-08-14T16:23:27.2306600Z           "ref": "tools",
2026-08-14T16:23:27.2306700Z           "type": "imports",
2026-08-14T16:23:27.2306810Z           "package": "tools",
2026-08-14T16:23:27.2306880Z           "op": "",
2026-08-14T16:23:27.2306970Z           "version": ""
2026-08-14T16:23:27.2307020Z         }
2026-08-14T16:23:27.2307080Z       ],
2026-08-14T16:23:27.2307170Z       "vignettes": false,
2026-08-14T16:23:27.2307280Z       "needscompilation": true,
2026-08-14T16:23:27.2307360Z       "metadata": {
2026-08-14T16:23:27.2307470Z         "RemoteType": "standard",
2026-08-14T16:23:27.2307580Z         "RemotePkgRef": "mime",
2026-08-14T16:23:27.2307680Z         "RemoteRef": "mime",
2026-08-14T16:23:27.2307900Z         "RemoteRepos": "https://cran.rstudio.com",
2026-08-14T16:23:27.2308110Z         "RemotePkgPlatform": "aarch64-apple-darwin23",
2026-08-14T16:23:27.2308230Z         "RemoteSha": "0.13"
2026-08-14T16:23:27.2308300Z       },
2026-08-14T16:23:27.2308930Z       "sources": ["https://cran.rstudio.com/bin/macosx/sonoma-arm64/contrib/4.6/mime_0.13.tgz", "https://mac.cran.dev/bin/macosx/sonoma-arm64/contrib/4.6/mime_0.13.tgz"],
2026-08-14T16:23:27.2309150Z       "target": "bin/macosx/sonoma-arm64/contrib/4.6/mime_0.13.tgz",
2026-08-14T16:23:27.2309280Z       "platform": "aarch64-apple-darwin23",
2026-08-14T16:23:27.2309370Z       "rversion": "4.6",
2026-08-14T16:23:27.2309620Z       "built": "R 4.6.0; aarch64-apple-darwin23; 2026-04-25 15:38:55 UTC; unix",
2026-08-14T16:23:27.2309710Z       "directpkg": false,
2026-08-14T16:23:27.2309800Z       "license": "GPL",
2026-08-14T16:23:27.2310110Z       "sha256": "\n        301e430be37ade2be3928795b6b0682e386ff8eeb677e970d6318e11908f3484",
2026-08-14T16:23:27.2310280Z       "dep_types": ["Depends", "Imports", "LinkingTo"],
2026-08-14T16:23:27.2310500Z       "params": [],
2026-08-14T16:23:27.2310610Z       "install_args": [],
2026-08-14T16:23:27.2310700Z       "repotype": "cran"
2026-08-14T16:23:27.2310740Z     },
2026-08-14T16:23:27.2310790Z     {
2026-08-14T16:23:27.2310880Z       "ref": "rappdirs",
2026-08-14T16:23:27.2310980Z       "package": "rappdirs",
2026-08-14T16:23:27.2311070Z       "version": "0.3.4",
2026-08-14T16:23:27.2311160Z       "type": "standard",
2026-08-14T16:23:27.2311250Z       "direct": false,
2026-08-14T16:23:27.2311330Z       "binary": true,
2026-08-14T16:23:27.2311420Z       "dependencies": [],
2026-08-14T16:23:27.2311500Z       "deps": [
2026-08-14T16:23:27.2311560Z         {
2026-08-14T16:23:27.2311640Z           "ref": "covr",
2026-08-14T16:23:27.2311740Z           "type": "suggests",
2026-08-14T16:23:27.2311840Z           "package": "covr",
2026-08-14T16:23:27.2311920Z           "op": "",
2026-08-14T16:23:27.2312010Z           "version": ""
2026-08-14T16:23:27.2312070Z         },
2026-08-14T16:23:27.2312130Z         {
2026-08-14T16:23:27.2312210Z           "ref": "R",
2026-08-14T16:23:27.2312310Z           "type": "depends",
2026-08-14T16:23:27.2312400Z           "package": "R",
2026-08-14T16:23:27.2312570Z           "op": ">=",
2026-08-14T16:23:27.2312670Z           "version": "4.1"
2026-08-14T16:23:27.2312750Z         },
2026-08-14T16:23:27.2312810Z         {
2026-08-14T16:23:27.2312910Z           "ref": "roxygen2",
2026-08-14T16:23:27.2313010Z           "type": "suggests",
2026-08-14T16:23:27.2313120Z           "package": "roxygen2",
2026-08-14T16:23:27.2313200Z           "op": "",
2026-08-14T16:23:27.2313280Z           "version": ""
2026-08-14T16:23:27.2313350Z         },
2026-08-14T16:23:27.2313400Z         {
2026-08-14T16:23:27.2313500Z           "ref": "testthat",
2026-08-14T16:23:27.2313600Z           "type": "suggests",
2026-08-14T16:23:27.2313760Z           "package": "testthat",
2026-08-14T16:23:27.2313840Z           "op": ">=",
2026-08-14T16:23:27.2313940Z           "version": "3.2.0"
2026-08-14T16:23:27.2314010Z         },
2026-08-14T16:23:27.2314060Z         {
2026-08-14T16:23:27.2314150Z           "ref": "withr",
2026-08-14T16:23:27.2314250Z           "type": "suggests",
2026-08-14T16:23:27.2314350Z           "package": "withr",
2026-08-14T16:23:27.2314430Z           "op": "",
2026-08-14T16:23:27.2316800Z           "version": ""
2026-08-14T16:23:27.2316870Z         }
2026-08-14T16:23:27.2316920Z       ],
2026-08-14T16:23:27.2317020Z       "vignettes": false,
2026-08-14T16:23:27.2317130Z       "needscompilation": true,
2026-08-14T16:23:27.2317210Z       "metadata": {
2026-08-14T16:23:27.2317320Z         "RemoteType": "standard",
2026-08-14T16:23:27.2317440Z         "RemotePkgRef": "rappdirs",
2026-08-14T16:23:27.2317550Z         "RemoteRef": "rappdirs",
2026-08-14T16:23:27.2317710Z         "RemoteRepos": "https://cran.rstudio.com",
2026-08-14T16:23:27.2317880Z         "RemotePkgPlatform": "aarch64-apple-darwin23",
2026-08-14T16:23:27.2317980Z         "RemoteSha": "0.3.4"
2026-08-14T16:23:27.2318040Z       },
2026-08-14T16:23:27.2318730Z       "sources": ["https://cran.rstudio.com/bin/macosx/sonoma-arm64/contrib/4.6/rappdirs_0.3.4.tgz", "https://mac.cran.dev/bin/macosx/sonoma-arm64/contrib/4.6/rappdirs_0.3.4.tgz"],
2026-08-14T16:23:27.2318970Z       "target": "bin/macosx/sonoma-arm64/contrib/4.6/rappdirs_0.3.4.tgz",
2026-08-14T16:23:27.2319110Z       "platform": "aarch64-apple-darwin23",
2026-08-14T16:23:27.2319200Z       "rversion": "4.6",
2026-08-14T16:23:27.2319450Z       "built": "R 4.6.0; aarch64-apple-darwin23; 2026-04-25 09:27:56 UTC; unix",
2026-08-14T16:23:27.2319550Z       "directpkg": false,
2026-08-14T16:23:27.2319670Z       "license": "MIT + file LICENSE",
2026-08-14T16:23:27.2319970Z       "sha256": "\n        2ac7a4b996c431955e0db7a45833059cf8d07791352ca33190de4f57d13f46dc",
2026-08-14T16:23:27.2320140Z       "dep_types": ["Depends", "Imports", "LinkingTo"],
2026-08-14T16:23:27.2320220Z       "params": [],
2026-08-14T16:23:27.2320310Z       "install_args": [],
2026-08-14T16:23:27.2320500Z       "repotype": "cran"
2026-08-14T16:23:27.2320550Z     },
2026-08-14T16:23:27.2320590Z     {
2026-08-14T16:23:27.2320710Z       "ref": "any::rmarkdown",
2026-08-14T16:23:27.2320820Z       "package": "rmarkdown",
2026-08-14T16:23:27.2320910Z       "version": "2.31",
2026-08-14T16:23:27.2320990Z       "type": "any",
2026-08-14T16:23:27.2321080Z       "direct": true,
2026-08-14T16:23:27.2321160Z       "binary": true,
2026-08-14T16:23:27.2321620Z       "dependencies": ["bslib", "evaluate", "fontawesome", "htmltools", "jquerylib", "jsonlite", "knitr", "tinytex", "xfun", "yaml"],
2026-08-14T16:23:27.2321690Z       "deps": [
2026-08-14T16:23:27.2321750Z         {
2026-08-14T16:23:27.2321840Z           "ref": "bslib",
2026-08-14T16:23:27.2321940Z           "type": "imports",
2026-08-14T16:23:27.2322040Z           "package": "bslib",
2026-08-14T16:23:27.2322120Z           "op": ">=",
2026-08-14T16:23:27.2322230Z           "version": "0.2.5.1"
2026-08-14T16:23:27.2322290Z         },
2026-08-14T16:23:27.2322350Z         {
2026-08-14T16:23:27.2322450Z           "ref": "cleanrmd",
2026-08-14T16:23:27.2322540Z           "type": "suggests",
2026-08-14T16:23:27.2322650Z           "package": "cleanrmd",
2026-08-14T16:23:27.2322730Z           "op": "",
2026-08-14T16:23:27.2322820Z           "version": ""
2026-08-14T16:23:27.2322880Z         },
2026-08-14T16:23:27.2322930Z         {
2026-08-14T16:23:27.2323030Z           "ref": "digest",
2026-08-14T16:23:27.2323120Z           "type": "suggests",
2026-08-14T16:23:27.2323230Z           "package": "digest",
2026-08-14T16:23:27.2323310Z           "op": "",
2026-08-14T16:23:27.2323400Z           "version": ""
2026-08-14T16:23:27.2323460Z         },
2026-08-14T16:23:27.2323510Z         {
2026-08-14T16:23:27.2323610Z           "ref": "downlit",
2026-08-14T16:23:27.2323710Z           "type": "suggests",
2026-08-14T16:23:27.2323860Z           "package": "downlit",
2026-08-14T16:23:27.2323940Z           "op": ">=",
2026-08-14T16:23:27.2324040Z           "version": "0.4.0"
2026-08-14T16:23:27.2324110Z         },
2026-08-14T16:23:27.2324160Z         {
2026-08-14T16:23:27.2324260Z           "ref": "dygraphs",
2026-08-14T16:23:27.2324360Z           "type": "suggests",
2026-08-14T16:23:27.2324470Z           "package": "dygraphs",
2026-08-14T16:23:27.2324550Z           "op": "",
2026-08-14T16:23:27.2324630Z           "version": ""
2026-08-14T16:23:27.2324700Z         },
2026-08-14T16:23:27.2324750Z         {
2026-08-14T16:23:27.2324850Z           "ref": "evaluate",
2026-08-14T16:23:27.2324950Z           "type": "imports",
2026-08-14T16:23:27.2325050Z           "package": "evaluate",
2026-08-14T16:23:27.2325140Z           "op": ">=",
2026-08-14T16:23:27.2325230Z           "version": "0.13"
2026-08-14T16:23:27.2325300Z         },
2026-08-14T16:23:27.2325350Z         {
2026-08-14T16:23:27.2325450Z           "ref": "fontawesome",
2026-08-14T16:23:27.2325550Z           "type": "imports",
2026-08-14T16:23:27.2325670Z           "package": "fontawesome",
2026-08-14T16:23:27.2325750Z           "op": ">=",
2026-08-14T16:23:27.2325850Z           "version": "0.5.0"
2026-08-14T16:23:27.2325920Z         },
2026-08-14T16:23:27.2325990Z         {
2026-08-14T16:23:27.2326100Z           "ref": "fs",
2026-08-14T16:23:27.2326220Z           "type": "suggests",
2026-08-14T16:23:27.2326340Z           "package": "fs",
2026-08-14T16:23:27.2326430Z           "op": "",
2026-08-14T16:23:27.2326550Z           "version": ""
2026-08-14T16:23:27.2326610Z         },
2026-08-14T16:23:27.2326670Z         {
2026-08-14T16:23:27.2326770Z           "ref": "htmltools",
2026-08-14T16:23:27.2326870Z           "type": "imports",
2026-08-14T16:23:27.2326980Z           "package": "htmltools",
2026-08-14T16:23:27.2327060Z           "op": ">=",
2026-08-14T16:23:27.2327160Z           "version": "0.5.1"
2026-08-14T16:23:27.2327220Z         },
2026-08-14T16:23:27.2327280Z         {
2026-08-14T16:23:27.2327380Z           "ref": "jquerylib",
2026-08-14T16:23:27.2327480Z           "type": "imports",
2026-08-14T16:23:27.2327630Z           "package": "jquerylib",
2026-08-14T16:23:27.2327720Z           "op": "",
2026-08-14T16:23:27.2327810Z           "version": ""
2026-08-14T16:23:27.2327870Z         },
2026-08-14T16:23:27.2327930Z         {
2026-08-14T16:23:27.2328030Z           "ref": "jsonlite",
2026-08-14T16:23:27.2328120Z           "type": "imports",
2026-08-14T16:23:27.2328230Z           "package": "jsonlite",
2026-08-14T16:23:27.2328310Z           "op": "",
2026-08-14T16:23:27.2328390Z           "version": ""
2026-08-14T16:23:27.2328460Z         },
2026-08-14T16:23:27.2328510Z         {
2026-08-14T16:23:27.2328610Z           "ref": "katex",
2026-08-14T16:23:27.2328710Z           "type": "suggests",
2026-08-14T16:23:27.2328800Z           "package": "katex",
2026-08-14T16:23:27.2328890Z           "op": ">=",
2026-08-14T16:23:27.2328980Z           "version": "1.4.0"
2026-08-14T16:23:27.2329050Z         },
2026-08-14T16:23:27.2329110Z         {
2026-08-14T16:23:27.2329200Z           "ref": "knitr",
2026-08-14T16:23:27.2329290Z           "type": "imports",
2026-08-14T16:23:27.2329400Z           "package": "knitr",
2026-08-14T16:23:27.2329480Z           "op": ">=",
2026-08-14T16:23:27.2329580Z           "version": "1.43"
2026-08-14T16:23:27.2329640Z         },
2026-08-14T16:23:27.2329700Z         {
2026-08-14T16:23:27.2329790Z           "ref": "methods",
2026-08-14T16:23:27.2329890Z           "type": "imports",
2026-08-14T16:23:27.2329990Z           "package": "methods",
2026-08-14T16:23:27.2330070Z           "op": "",
2026-08-14T16:23:27.2330160Z           "version": ""
2026-08-14T16:23:27.2330220Z         },
2026-08-14T16:23:27.2330280Z         {
2026-08-14T16:23:27.2330360Z           "ref": "R",
2026-08-14T16:23:27.2330460Z           "type": "depends",
2026-08-14T16:23:27.2330550Z           "package": "R",
2026-08-14T16:23:27.2330630Z           "op": ">=",
2026-08-14T16:23:27.2330800Z           "version": "3.0"
2026-08-14T16:23:27.2330860Z         },
2026-08-14T16:23:27.2330920Z         {
2026-08-14T16:23:27.2331020Z           "ref": "rsconnect",
2026-08-14T16:23:27.2331120Z           "type": "suggests",
2026-08-14T16:23:27.2331230Z           "package": "rsconnect",
2026-08-14T16:23:27.2331310Z           "op": "",
2026-08-14T16:23:27.2331390Z           "version": ""
2026-08-14T16:23:27.2331460Z         },
2026-08-14T16:23:27.2331510Z         {
2026-08-14T16:23:27.2331600Z           "ref": "sass",
2026-08-14T16:23:27.2331710Z           "type": "suggests",
2026-08-14T16:23:27.2331800Z           "package": "sass",
2026-08-14T16:23:27.2331880Z           "op": ">=",
2026-08-14T16:23:27.2331980Z           "version": "0.4.0"
2026-08-14T16:23:27.2332050Z         },
2026-08-14T16:23:27.2332100Z         {
2026-08-14T16:23:27.2332190Z           "ref": "shiny",
2026-08-14T16:23:27.2332290Z           "type": "suggests",
2026-08-14T16:23:27.2332390Z           "package": "shiny",
2026-08-14T16:23:27.2332480Z           "op": ">=",
2026-08-14T16:23:27.2332570Z           "version": "1.6.0"
2026-08-14T16:23:27.2332640Z         },
2026-08-14T16:23:27.2332690Z         {
2026-08-14T16:23:27.2332790Z           "ref": "testthat",
2026-08-14T16:23:27.2332890Z           "type": "suggests",
2026-08-14T16:23:27.2333000Z           "package": "testthat",
2026-08-14T16:23:27.2333080Z           "op": ">=",
2026-08-14T16:23:27.2333170Z           "version": "3.0.3"
2026-08-14T16:23:27.2333240Z         },
2026-08-14T16:23:27.2333290Z         {
2026-08-14T16:23:27.2333380Z           "ref": "tibble",
2026-08-14T16:23:27.2333480Z           "type": "suggests",
2026-08-14T16:23:27.2333590Z           "package": "tibble",
2026-08-14T16:23:27.2333670Z           "op": "",
2026-08-14T16:23:27.2333760Z           "version": ""
2026-08-14T16:23:27.2333820Z         },
2026-08-14T16:23:27.2333870Z         {
2026-08-14T16:23:27.2333970Z           "ref": "tinytex",
2026-08-14T16:23:27.2334070Z           "type": "imports",
2026-08-14T16:23:27.2334170Z           "package": "tinytex",
2026-08-14T16:23:27.2334260Z           "op": ">=",
2026-08-14T16:23:27.2334350Z           "version": "0.31"
2026-08-14T16:23:27.2334450Z         },
2026-08-14T16:23:27.2334510Z         {
2026-08-14T16:23:27.2334610Z           "ref": "tools",
2026-08-14T16:23:27.2334700Z           "type": "imports",
2026-08-14T16:23:27.2334800Z           "package": "tools",
2026-08-14T16:23:27.2334880Z           "op": "",
2026-08-14T16:23:27.2334970Z           "version": ""
2026-08-14T16:23:27.2335030Z         },
2026-08-14T16:23:27.2335090Z         {
2026-08-14T16:23:27.2335180Z           "ref": "utils",
2026-08-14T16:23:27.2335270Z           "type": "imports",
2026-08-14T16:23:27.2335370Z           "package": "utils",
2026-08-14T16:23:27.2335450Z           "op": "",
2026-08-14T16:23:27.2335540Z           "version": ""
2026-08-14T16:23:27.2335600Z         },
2026-08-14T16:23:27.2335660Z         {
2026-08-14T16:23:27.2335740Z           "ref": "vctrs",
2026-08-14T16:23:27.2335840Z           "type": "suggests",
2026-08-14T16:23:27.2335940Z           "package": "vctrs",
2026-08-14T16:23:27.2336020Z           "op": "",
2026-08-14T16:23:27.2336110Z           "version": ""
2026-08-14T16:23:27.2336180Z         },
2026-08-14T16:23:27.2336230Z         {
2026-08-14T16:23:27.2336320Z           "ref": "withr",
2026-08-14T16:23:27.2336420Z           "type": "suggests",
2026-08-14T16:23:27.2336520Z           "package": "withr",
2026-08-14T16:23:27.2336600Z           "op": ">=",
2026-08-14T16:23:27.2336700Z           "version": "2.4.2"
2026-08-14T16:23:27.2336760Z         },
2026-08-14T16:23:27.2336820Z         {
2026-08-14T16:23:27.2336900Z           "ref": "xfun",
2026-08-14T16:23:27.2337000Z           "type": "imports",
2026-08-14T16:23:27.2337100Z           "package": "xfun",
2026-08-14T16:23:27.2337180Z           "op": ">=",
2026-08-14T16:23:27.2337270Z           "version": "0.36"
2026-08-14T16:23:27.2337340Z         },
2026-08-14T16:23:27.2337390Z         {
2026-08-14T16:23:27.2337480Z           "ref": "xml2",
2026-08-14T16:23:27.2337630Z           "type": "suggests",
2026-08-14T16:23:27.2337730Z           "package": "xml2",
2026-08-14T16:23:27.2337810Z           "op": "",
2026-08-14T16:23:27.2337890Z           "version": ""
2026-08-14T16:23:27.2337960Z         },
2026-08-14T16:23:27.2338020Z         {
2026-08-14T16:23:27.2338110Z           "ref": "yaml",
2026-08-14T16:23:27.2338200Z           "type": "imports",
2026-08-14T16:23:27.2338300Z           "package": "yaml",
2026-08-14T16:23:27.2338380Z           "op": ">=",
2026-08-14T16:23:27.2338480Z           "version": "2.1.19"
2026-08-14T16:23:27.2338530Z         }
2026-08-14T16:23:27.2338590Z       ],
2026-08-14T16:23:27.2338680Z       "vignettes": false,
2026-08-14T16:23:27.2338790Z       "needscompilation": false,
2026-08-14T16:23:27.2338870Z       "metadata": {
2026-08-14T16:23:27.2338960Z         "RemoteType": "any",
2026-08-14T16:23:27.2339090Z         "RemotePkgRef": "any::rmarkdown",
2026-08-14T16:23:27.2339210Z         "RemoteRef": "any::rmarkdown",
2026-08-14T16:23:27.2339370Z         "RemoteRepos": "https://cran.rstudio.com",
2026-08-14T16:23:27.2339530Z         "RemotePkgPlatform": "aarch64-apple-darwin23",
2026-08-14T16:23:27.2339620Z         "RemoteSha": "2.31"
2026-08-14T16:23:27.2339680Z       },
2026-08-14T16:23:27.2340310Z       "sources": ["https://cran.rstudio.com/bin/macosx/sonoma-arm64/contrib/4.6/rmarkdown_2.31.tgz", "https://mac.cran.dev/bin/macosx/sonoma-arm64/contrib/4.6/rmarkdown_2.31.tgz"],
2026-08-14T16:23:27.2340530Z       "target": "bin/macosx/sonoma-arm64/contrib/4.6/rmarkdown_2.31.tgz",
2026-08-14T16:23:27.2340660Z       "platform": "aarch64-apple-darwin23",
2026-08-14T16:23:27.2340750Z       "rversion": "4.6",
2026-08-14T16:23:27.2340910Z       "built": "R 4.6.0; ; 2026-04-26 11:07:48 UTC; unix",
2026-08-14T16:23:27.2341000Z       "directpkg": true,
2026-08-14T16:23:27.2341090Z       "license": "GPL-3",
2026-08-14T16:23:27.2341380Z       "sha256": "\n        3297285ef1634cc1a1c78aa71b468332c154c47034ede2c69a963fcb179b8a41",
2026-08-14T16:23:27.2341540Z       "dep_types": ["Depends", "Imports", "LinkingTo"],
2026-08-14T16:23:27.2341620Z       "params": [],
2026-08-14T16:23:27.2341780Z       "install_args": [],
2026-08-14T16:23:27.2341870Z       "repotype": "cran"
2026-08-14T16:23:27.2341920Z     },
2026-08-14T16:23:27.2341960Z     {
2026-08-14T16:23:27.2342040Z       "ref": "sass",
2026-08-14T16:23:27.2342120Z       "package": "sass",
2026-08-14T16:23:27.2342210Z       "version": "0.4.10",
2026-08-14T16:23:27.2342300Z       "type": "standard",
2026-08-14T16:23:27.2342380Z       "direct": false,
2026-08-14T16:23:27.2342460Z       "binary": true,
2026-08-14T16:23:27.2342670Z       "dependencies": ["fs", "htmltools", "R6", "rappdirs", "rlang"],
2026-08-14T16:23:27.2342750Z       "deps": [
2026-08-14T16:23:27.2342800Z         {
2026-08-14T16:23:27.2342880Z           "ref": "curl",
2026-08-14T16:23:27.2342980Z           "type": "suggests",
2026-08-14T16:23:27.2343070Z           "package": "curl",
2026-08-14T16:23:27.2343150Z           "op": "",
2026-08-14T16:23:27.2343240Z           "version": ""
2026-08-14T16:23:27.2343300Z         },
2026-08-14T16:23:27.2343350Z         {
2026-08-14T16:23:27.2343440Z           "ref": "fs",
2026-08-14T16:23:27.2343530Z           "type": "imports",
2026-08-14T16:23:27.2343620Z           "package": "fs",
2026-08-14T16:23:27.2343700Z           "op": ">=",
2026-08-14T16:23:27.2343790Z           "version": "1.2.4"
2026-08-14T16:23:27.2343860Z         },
2026-08-14T16:23:27.2343910Z         {
2026-08-14T16:23:27.2344000Z           "ref": "htmltools",
2026-08-14T16:23:27.2344100Z           "type": "imports",
2026-08-14T16:23:27.2344210Z           "package": "htmltools",
2026-08-14T16:23:27.2344290Z           "op": ">=",
2026-08-14T16:23:27.2344390Z           "version": "0.5.1"
2026-08-14T16:23:27.2344450Z         },
2026-08-14T16:23:27.2344510Z         {
2026-08-14T16:23:27.2344600Z           "ref": "knitr",
2026-08-14T16:23:27.2344700Z           "type": "suggests",
2026-08-14T16:23:27.2344800Z           "package": "knitr",
2026-08-14T16:23:27.2344930Z           "op": "",
2026-08-14T16:23:27.2345020Z           "version": ""
2026-08-14T16:23:27.2345090Z         },
2026-08-14T16:23:27.2345140Z         {
2026-08-14T16:23:27.2345230Z           "ref": "R6",
2026-08-14T16:23:27.2345330Z           "type": "imports",
2026-08-14T16:23:27.2345420Z           "package": "R6",
2026-08-14T16:23:27.2345510Z           "op": "",
2026-08-14T16:23:27.2345590Z           "version": ""
2026-08-14T16:23:27.2345650Z         },
2026-08-14T16:23:27.2345710Z         {
2026-08-14T16:23:27.2345800Z           "ref": "rappdirs",
2026-08-14T16:23:27.2345900Z           "type": "imports",
2026-08-14T16:23:27.2346010Z           "package": "rappdirs",
2026-08-14T16:23:27.2346080Z           "op": "",
2026-08-14T16:23:27.2346170Z           "version": ""
2026-08-14T16:23:27.2346230Z         },
2026-08-14T16:23:27.2346290Z         {
2026-08-14T16:23:27.2346380Z           "ref": "rlang",
2026-08-14T16:23:27.2346470Z           "type": "imports",
2026-08-14T16:23:27.2346580Z           "package": "rlang",
2026-08-14T16:23:27.2346660Z           "op": ">=",
2026-08-14T16:23:27.2346760Z           "version": "0.4.10"
2026-08-14T16:23:27.2346830Z         },
2026-08-14T16:23:27.2346880Z         {
2026-08-14T16:23:27.2346980Z           "ref": "rmarkdown",
2026-08-14T16:23:27.2347080Z           "type": "suggests",
2026-08-14T16:23:27.2347190Z           "package": "rmarkdown",
2026-08-14T16:23:27.2347270Z           "op": "",
2026-08-14T16:23:27.2347360Z           "version": ""
2026-08-14T16:23:27.2347420Z         },
2026-08-14T16:23:27.2347470Z         {
2026-08-14T16:23:27.2347570Z           "ref": "shiny",
2026-08-14T16:23:27.2347660Z           "type": "suggests",
2026-08-14T16:23:27.2347760Z           "package": "shiny",
2026-08-14T16:23:27.2347840Z           "op": "",
2026-08-14T16:23:27.2347930Z           "version": ""
2026-08-14T16:23:27.2347990Z         },
2026-08-14T16:23:27.2348050Z         {
2026-08-14T16:23:27.2348150Z           "ref": "testthat",
2026-08-14T16:23:27.2348250Z           "type": "suggests",
2026-08-14T16:23:27.2348360Z           "package": "testthat",
2026-08-14T16:23:27.2348440Z           "op": "",
2026-08-14T16:23:27.2348570Z           "version": ""
2026-08-14T16:23:27.2348640Z         },
2026-08-14T16:23:27.2348700Z         {
2026-08-14T16:23:27.2348780Z           "ref": "withr",
2026-08-14T16:23:27.2348880Z           "type": "suggests",
2026-08-14T16:23:27.2348980Z           "package": "withr",
2026-08-14T16:23:27.2349060Z           "op": "",
2026-08-14T16:23:27.2349150Z           "version": ""
2026-08-14T16:23:27.2349210Z         }
2026-08-14T16:23:27.2349260Z       ],
2026-08-14T16:23:27.2349350Z       "vignettes": false,
2026-08-14T16:23:27.2349460Z       "needscompilation": true,
2026-08-14T16:23:27.2349540Z       "metadata": {
2026-08-14T16:23:27.2349650Z         "RemoteType": "standard",
2026-08-14T16:23:27.2349750Z         "RemotePkgRef": "sass",
2026-08-14T16:23:27.2349850Z         "RemoteRef": "sass",
2026-08-14T16:23:27.2350010Z         "RemoteRepos": "https://cran.rstudio.com",
2026-08-14T16:23:27.2350180Z         "RemotePkgPlatform": "aarch64-apple-darwin23",
2026-08-14T16:23:27.2350290Z         "RemoteSha": "0.4.10"
2026-08-14T16:23:27.2350340Z       },
2026-08-14T16:23:27.2350970Z       "sources": ["https://cran.rstudio.com/bin/macosx/sonoma-arm64/contrib/4.6/sass_0.4.10.tgz", "https://mac.cran.dev/bin/macosx/sonoma-arm64/contrib/4.6/sass_0.4.10.tgz"],
2026-08-14T16:23:27.2351190Z       "target": "bin/macosx/sonoma-arm64/contrib/4.6/sass_0.4.10.tgz",
2026-08-14T16:23:27.2351320Z       "platform": "aarch64-apple-darwin23",
2026-08-14T16:23:27.2351410Z       "rversion": "4.6",
2026-08-14T16:23:27.2351740Z       "built": "R 4.6.0; aarch64-apple-darwin23; 2026-04-26 02:19:08 UTC; unix",
2026-08-14T16:23:27.2351860Z       "directpkg": false,
2026-08-14T16:23:27.2352020Z       "license": "MIT + file LICENSE",
2026-08-14T16:23:27.2352340Z       "sha256": "\n        b74bc07b3627dfc758c7ad244c939b0ab8443f58d2856bd2e71a8323ed63134a",
2026-08-14T16:23:27.2352780Z       "dep_types": ["Depends", "Imports", "LinkingTo"],
2026-08-14T16:23:27.2352880Z       "params": [],
2026-08-14T16:23:27.2352980Z       "install_args": [],
2026-08-14T16:23:27.2353100Z       "repotype": "cran"
2026-08-14T16:23:27.2353150Z     },
2026-08-14T16:23:27.2353210Z     {
2026-08-14T16:23:27.2353320Z       "ref": "tinytex",
2026-08-14T16:23:27.2353440Z       "package": "tinytex",
2026-08-14T16:23:27.2353540Z       "version": "0.60",
2026-08-14T16:23:27.2353650Z       "type": "standard",
2026-08-14T16:23:27.2353760Z       "direct": false,
2026-08-14T16:23:27.2353860Z       "binary": true,
2026-08-14T16:23:27.2354000Z       "dependencies": ["xfun"],
2026-08-14T16:23:27.2354080Z       "deps": [
2026-08-14T16:23:27.2354140Z         {
2026-08-14T16:23:27.2354270Z           "ref": "rstudioapi",
2026-08-14T16:23:27.2354400Z           "type": "suggests",
2026-08-14T16:23:27.2354540Z           "package": "rstudioapi",
2026-08-14T16:23:27.2354630Z           "op": "",
2026-08-14T16:23:27.2354720Z           "version": ""
2026-08-14T16:23:27.2354780Z         },
2026-08-14T16:23:27.2354840Z         {
2026-08-14T16:23:27.2354940Z           "ref": "testit",
2026-08-14T16:23:27.2355040Z           "type": "suggests",
2026-08-14T16:23:27.2355140Z           "package": "testit",
2026-08-14T16:23:27.2355220Z           "op": "",
2026-08-14T16:23:27.2355300Z           "version": ""
2026-08-14T16:23:27.2355370Z         },
2026-08-14T16:23:27.2355420Z         {
2026-08-14T16:23:27.2355510Z           "ref": "xfun",
2026-08-14T16:23:27.2355610Z           "type": "imports",
2026-08-14T16:23:27.2355710Z           "package": "xfun",
2026-08-14T16:23:27.2355790Z           "op": ">=",
2026-08-14T16:23:27.2355890Z           "version": "0.48"
2026-08-14T16:23:27.2355950Z         }
2026-08-14T16:23:27.2356000Z       ],
2026-08-14T16:23:27.2356100Z       "vignettes": false,
2026-08-14T16:23:27.2356210Z       "needscompilation": false,
2026-08-14T16:23:27.2356290Z       "metadata": {
2026-08-14T16:23:27.2356400Z         "RemoteType": "standard",
2026-08-14T16:23:27.2356510Z         "RemotePkgRef": "tinytex",
2026-08-14T16:23:27.2356620Z         "RemoteRef": "tinytex",
2026-08-14T16:23:27.2356860Z         "RemoteRepos": "https://cran.rstudio.com",
2026-08-14T16:23:27.2357040Z         "RemotePkgPlatform": "aarch64-apple-darwin23",
2026-08-14T16:23:27.2357140Z         "RemoteSha": "0.60"
2026-08-14T16:23:27.2357200Z       },
2026-08-14T16:23:27.2357840Z       "sources": ["https://cran.rstudio.com/bin/macosx/sonoma-arm64/contrib/4.6/tinytex_0.60.tgz", "https://mac.cran.dev/bin/macosx/sonoma-arm64/contrib/4.6/tinytex_0.60.tgz"],
2026-08-14T16:23:27.2358070Z       "target": "bin/macosx/sonoma-arm64/contrib/4.6/tinytex_0.60.tgz",
2026-08-14T16:23:27.2358200Z       "platform": "aarch64-apple-darwin23",
2026-08-14T16:23:27.2358290Z       "rversion": "4.6",
2026-08-14T16:23:27.2358460Z       "built": "R 4.6.0; ; 2026-06-16 08:09:22 UTC; unix",
2026-08-14T16:23:27.2358560Z       "directpkg": false,
2026-08-14T16:23:27.2358680Z       "license": "MIT + file LICENSE",
2026-08-14T16:23:27.2358980Z       "sha256": "\n        8ea817778ce842ee60452d78979163e48b908e59ccf94d80963370cf686a2d00",
2026-08-14T16:23:27.2359150Z       "dep_types": ["Depends", "Imports", "LinkingTo"],
2026-08-14T16:23:27.2359230Z       "params": [],
2026-08-14T16:23:27.2359330Z       "install_args": [],
2026-08-14T16:23:27.2359420Z       "repotype": "cran"
2026-08-14T16:23:27.2359470Z     },
2026-08-14T16:23:27.2359510Z     {
2026-08-14T16:23:27.2359600Z       "ref": "mathjaxr",
2026-08-14T16:23:27.2359700Z       "package": "mathjaxr",
2026-08-14T16:23:27.2359790Z       "version": "2.0-0",
2026-08-14T16:23:27.2359880Z       "type": "standard",
2026-08-14T16:23:27.2359970Z       "direct": false,
2026-08-14T16:23:27.2360050Z       "binary": true,
2026-08-14T16:23:27.2360150Z       "dependencies": [],
2026-08-14T16:23:27.2360230Z       "deps": [],
2026-08-14T16:23:27.2360320Z       "vignettes": false,
2026-08-14T16:23:27.2360440Z       "needscompilation": false,
2026-08-14T16:23:27.2360600Z       "metadata": {
2026-08-14T16:23:27.2360720Z         "RemoteType": "standard",
2026-08-14T16:23:27.2360830Z         "RemotePkgRef": "mathjaxr",
2026-08-14T16:23:27.2360950Z         "RemoteRef": "mathjaxr",
2026-08-14T16:23:27.2361100Z         "RemoteRepos": "https://cran.rstudio.com",
2026-08-14T16:23:27.2361280Z         "RemotePkgPlatform": "aarch64-apple-darwin23",
2026-08-14T16:23:27.2361380Z         "RemoteSha": "2.0-0"
2026-08-14T16:23:27.2361460Z       },
2026-08-14T16:23:27.2362180Z       "sources": ["https://cran.rstudio.com/bin/macosx/sonoma-arm64/contrib/4.6/mathjaxr_2.0-0.tgz", "https://mac.cran.dev/bin/macosx/sonoma-arm64/contrib/4.6/mathjaxr_2.0-0.tgz"],
2026-08-14T16:23:27.2362410Z       "target": "bin/macosx/sonoma-arm64/contrib/4.6/mathjaxr_2.0-0.tgz",
2026-08-14T16:23:27.2362550Z       "platform": "aarch64-apple-darwin23",
2026-08-14T16:23:27.2362640Z       "rversion": "4.6",
2026-08-14T16:23:27.2362830Z       "built": "R 4.6.0; ; 2026-04-25 16:11:49 UTC; unix",
2026-08-14T16:23:27.2362950Z       "directpkg": false,
2026-08-14T16:23:27.2363070Z       "license": "GPL-3",
2026-08-14T16:23:27.2363410Z       "sha256": "\n        5cb0422008ba15a270100b7c32f09e9109658fd278f9cdb564c1355774cb9437",
2026-08-14T16:23:27.2363590Z       "dep_types": ["Depends", "Imports", "LinkingTo"],
2026-08-14T16:23:27.2363670Z       "params": [],
2026-08-14T16:23:27.2363770Z       "install_args": [],
2026-08-14T16:23:27.2363860Z       "repotype": "cran"
2026-08-14T16:23:27.2363910Z     },
2026-08-14T16:23:27.2363960Z     {
2026-08-14T16:23:27.2364060Z       "ref": "metadat",
2026-08-14T16:23:27.2364160Z       "package": "metadat",
2026-08-14T16:23:27.2364250Z       "version": "1.6-0",
2026-08-14T16:23:27.2364350Z       "type": "standard",
2026-08-14T16:23:27.2364430Z       "direct": false,
2026-08-14T16:23:27.2364520Z       "binary": true,
2026-08-14T16:23:27.2364640Z       "dependencies": ["mathjaxr"],
2026-08-14T16:23:27.2364710Z       "deps": [
2026-08-14T16:23:27.2364780Z         {
2026-08-14T16:23:27.2364880Z           "ref": "ape",
2026-08-14T16:23:27.2364980Z           "type": "suggests",
2026-08-14T16:23:27.2365080Z           "package": "ape",
2026-08-14T16:23:27.2367000Z           "op": "",
2026-08-14T16:23:27.2367310Z           "version": ""
2026-08-14T16:23:27.2367410Z         },
2026-08-14T16:23:27.2367490Z         {
2026-08-14T16:23:27.2367620Z           "ref": "bayesmeta",
2026-08-14T16:23:27.2367760Z           "type": "suggests",
2026-08-14T16:23:27.2367870Z           "package": "bayesmeta",
2026-08-14T16:23:27.2367960Z           "op": "",
2026-08-14T16:23:27.2368050Z           "version": ""
2026-08-14T16:23:27.2368120Z         },
2026-08-14T16:23:27.2368170Z         {
2026-08-14T16:23:27.2368280Z           "ref": "BiasedUrn",
2026-08-14T16:23:27.2368380Z           "type": "suggests",
2026-08-14T16:23:27.2368490Z           "package": "BiasedUrn",
2026-08-14T16:23:27.2368570Z           "op": "",
2026-08-14T16:23:27.2368660Z           "version": ""
2026-08-14T16:23:27.2368730Z         },
2026-08-14T16:23:27.2368790Z         {
2026-08-14T16:23:27.2368900Z           "ref": "clubSandwich",
2026-08-14T16:23:27.2369000Z           "type": "suggests",
2026-08-14T16:23:27.2369120Z           "package": "clubSandwich",
2026-08-14T16:23:27.2369210Z           "op": "",
2026-08-14T16:23:27.2369290Z           "version": ""
2026-08-14T16:23:27.2369370Z         },
2026-08-14T16:23:27.2369420Z         {
2026-08-14T16:23:27.2369520Z           "ref": "dfoptim",
2026-08-14T16:23:27.2369630Z           "type": "suggests",
2026-08-14T16:23:27.2369730Z           "package": "dfoptim",
2026-08-14T16:23:27.2369810Z           "op": "",
2026-08-14T16:23:27.2369900Z           "version": ""
2026-08-14T16:23:27.2369970Z         },
2026-08-14T16:23:27.2370020Z         {
2026-08-14T16:23:27.2370120Z           "ref": "digest",
2026-08-14T16:23:27.2370220Z           "type": "suggests",
2026-08-14T16:23:27.2370330Z           "package": "digest",
2026-08-14T16:23:27.2370410Z           "op": "",
2026-08-14T16:23:27.2370610Z           "version": ""
2026-08-14T16:23:27.2370670Z         },
2026-08-14T16:23:27.2374700Z         {
2026-08-14T16:23:27.2374850Z           "ref": "ellipse",
2026-08-14T16:23:27.2374990Z           "type": "suggests",
2026-08-14T16:23:27.2375100Z           "package": "ellipse",
2026-08-14T16:23:27.2375190Z           "op": "",
2026-08-14T16:23:27.2375280Z           "version": ""
2026-08-14T16:23:27.2375350Z         },
2026-08-14T16:23:27.2375400Z         {
2026-08-14T16:23:27.2375510Z           "ref": "gridExtra",
2026-08-14T16:23:27.2375610Z           "type": "suggests",
2026-08-14T16:23:27.2375720Z           "package": "gridExtra",
2026-08-14T16:23:27.2375800Z           "op": "",
2026-08-14T16:23:27.2375890Z           "version": ""
2026-08-14T16:23:27.2375960Z         },
2026-08-14T16:23:27.2376020Z         {
2026-08-14T16:23:27.2376120Z           "ref": "igraph",
2026-08-14T16:23:27.2376210Z           "type": "suggests",
2026-08-14T16:23:27.2376320Z           "package": "igraph",
2026-08-14T16:23:27.2376400Z           "op": "",
2026-08-14T16:23:27.2376490Z           "version": ""
2026-08-14T16:23:27.2376560Z         },
2026-08-14T16:23:27.2376610Z         {
2026-08-14T16:23:27.2376700Z           "ref": "lme4",
2026-08-14T16:23:27.2376810Z           "type": "suggests",
2026-08-14T16:23:27.2376910Z           "package": "lme4",
2026-08-14T16:23:27.2376990Z           "op": "",
2026-08-14T16:23:27.2377080Z           "version": ""
2026-08-14T16:23:27.2377150Z         },
2026-08-14T16:23:27.2377220Z         {
2026-08-14T16:23:27.2377330Z           "ref": "mada",
2026-08-14T16:23:27.2377450Z           "type": "suggests",
2026-08-14T16:23:27.2377580Z           "package": "mada",
2026-08-14T16:23:27.2377670Z           "op": "",
2026-08-14T16:23:27.2377760Z           "version": ""
2026-08-14T16:23:27.2377820Z         },
2026-08-14T16:23:27.2377880Z         {
2026-08-14T16:23:27.2377980Z           "ref": "mathjaxr",
2026-08-14T16:23:27.2378080Z           "type": "imports",
2026-08-14T16:23:27.2378190Z           "package": "mathjaxr",
2026-08-14T16:23:27.2378280Z           "op": "",
2026-08-14T16:23:27.2378370Z           "version": ""
2026-08-14T16:23:27.2378430Z         },
2026-08-14T16:23:27.2378490Z         {
2026-08-14T16:23:27.2378770Z           "ref": "meta",
2026-08-14T16:23:27.2378900Z           "type": "suggests",
2026-08-14T16:23:27.2379040Z           "package": "meta",
2026-08-14T16:23:27.2379120Z           "op": "",
2026-08-14T16:23:27.2379210Z           "version": ""
2026-08-14T16:23:27.2379280Z         },
2026-08-14T16:23:27.2379340Z         {
2026-08-14T16:23:27.2379440Z           "ref": "metafor",
2026-08-14T16:23:27.2379540Z           "type": "suggests",
2026-08-14T16:23:27.2379670Z           "package": "metafor",
2026-08-14T16:23:27.2379750Z           "op": "",
2026-08-14T16:23:27.2379840Z           "version": ""
2026-08-14T16:23:27.2379910Z         },
2026-08-14T16:23:27.2379970Z         {
2026-08-14T16:23:27.2380070Z           "ref": "metasens",
2026-08-14T16:23:27.2380170Z           "type": "suggests",
2026-08-14T16:23:27.2380290Z           "package": "metasens",
2026-08-14T16:23:27.2380370Z           "op": "",
2026-08-14T16:23:27.2380480Z           "version": ""
2026-08-14T16:23:27.2380560Z         },
2026-08-14T16:23:27.2380640Z         {
2026-08-14T16:23:27.2380750Z           "ref": "mvtnorm",
2026-08-14T16:23:27.2380880Z           "type": "suggests",
2026-08-14T16:23:27.2380990Z           "package": "mvtnorm",
2026-08-14T16:23:27.2381080Z           "op": "",
2026-08-14T16:23:27.2381170Z           "version": ""
2026-08-14T16:23:27.2381240Z         },
2026-08-14T16:23:27.2381290Z         {
2026-08-14T16:23:27.2381400Z           "ref": "netmeta",
2026-08-14T16:23:27.2381500Z           "type": "suggests",
2026-08-14T16:23:27.2381610Z           "package": "netmeta",
2026-08-14T16:23:27.2381690Z           "op": "",
2026-08-14T16:23:27.2381780Z           "version": ""
2026-08-14T16:23:27.2381840Z         },
2026-08-14T16:23:27.2381900Z         {
2026-08-14T16:23:27.2382000Z           "ref": "numDeriv",
2026-08-14T16:23:27.2382200Z           "type": "suggests",
2026-08-14T16:23:27.2382340Z           "package": "numDeriv",
2026-08-14T16:23:27.2382450Z           "op": "",
2026-08-14T16:23:27.2382540Z           "version": ""
2026-08-14T16:23:27.2382610Z         },
2026-08-14T16:23:27.2382670Z         {
2026-08-14T16:23:27.2382760Z           "ref": "R",
2026-08-14T16:23:27.2382910Z           "type": "depends",
2026-08-14T16:23:27.2383030Z           "package": "R",
2026-08-14T16:23:27.2383130Z           "op": ">=",
2026-08-14T16:23:27.2383250Z           "version": "4.0.0"
2026-08-14T16:23:27.2383340Z         },
2026-08-14T16:23:27.2383390Z         {
2026-08-14T16:23:27.2383480Z           "ref": "rms",
2026-08-14T16:23:27.2383580Z           "type": "suggests",
2026-08-14T16:23:27.2383680Z           "package": "rms",
2026-08-14T16:23:27.2383760Z           "op": "",
2026-08-14T16:23:27.2383840Z           "version": ""
2026-08-14T16:23:27.2383910Z         },
2026-08-14T16:23:27.2383960Z         {
2026-08-14T16:23:27.2384060Z           "ref": "testthat",
2026-08-14T16:23:27.2384160Z           "type": "suggests",
2026-08-14T16:23:27.2384260Z           "package": "testthat",
2026-08-14T16:23:27.2384350Z           "op": "",
2026-08-14T16:23:27.2384430Z           "version": ""
2026-08-14T16:23:27.2384510Z         },
2026-08-14T16:23:27.2384590Z         {
2026-08-14T16:23:27.2384680Z           "ref": "tools",
2026-08-14T16:23:27.2384780Z           "type": "imports",
2026-08-14T16:23:27.2384890Z           "package": "tools",
2026-08-14T16:23:27.2384960Z           "op": "",
2026-08-14T16:23:27.2385060Z           "version": ""
2026-08-14T16:23:27.2385120Z         },
2026-08-14T16:23:27.2385180Z         {
2026-08-14T16:23:27.2385280Z           "ref": "utils",
2026-08-14T16:23:27.2385380Z           "type": "imports",
2026-08-14T16:23:27.2385480Z           "package": "utils",
2026-08-14T16:23:27.2385550Z           "op": "",
2026-08-14T16:23:27.2385640Z           "version": ""
2026-08-14T16:23:27.2385700Z         }
2026-08-14T16:23:27.2385760Z       ],
2026-08-14T16:23:27.2385860Z       "vignettes": false,
2026-08-14T16:23:27.2385970Z       "needscompilation": false,
2026-08-14T16:23:27.2386060Z       "metadata": {
2026-08-14T16:23:27.2386240Z         "RemoteType": "standard",
2026-08-14T16:23:27.2386360Z         "RemotePkgRef": "metadat",
2026-08-14T16:23:27.2386470Z         "RemoteRef": "metadat",
2026-08-14T16:23:27.2386650Z         "RemoteRepos": "https://cran.rstudio.com",
2026-08-14T16:23:27.2386840Z         "RemotePkgPlatform": "aarch64-apple-darwin23",
2026-08-14T16:23:27.2386940Z         "RemoteSha": "1.6-0"
2026-08-14T16:23:27.2387000Z       },
2026-08-14T16:23:27.2387780Z       "sources": ["https://cran.rstudio.com/bin/macosx/sonoma-arm64/contrib/4.6/metadat_1.6-0.tgz", "https://mac.cran.dev/bin/macosx/sonoma-arm64/contrib/4.6/metadat_1.6-0.tgz"],
2026-08-14T16:23:27.2388020Z       "target": "bin/macosx/sonoma-arm64/contrib/4.6/metadat_1.6-0.tgz",
2026-08-14T16:23:27.2388170Z       "platform": "aarch64-apple-darwin23",
2026-08-14T16:23:27.2388370Z       "rversion": "4.6",
2026-08-14T16:23:27.2388680Z       "built": "R 4.6.0; ; 2026-04-29 15:57:20 UTC; unix",
2026-08-14T16:23:27.2388810Z       "directpkg": false,
2026-08-14T16:23:27.2388930Z       "license": "GPL (>= 2)",
2026-08-14T16:23:27.2389260Z       "sha256": "\n        082bdb3b48078876a68a8bdb3b5f84cfbb2e9a1fbdb9362c5e2c6d5d9054ff13",
2026-08-14T16:23:27.2389450Z       "dep_types": ["Depends", "Imports", "LinkingTo"],
2026-08-14T16:23:27.2389530Z       "params": [],
2026-08-14T16:23:27.2389630Z       "install_args": [],
2026-08-14T16:23:27.2389720Z       "repotype": "cran"
2026-08-14T16:23:27.2389770Z     },
2026-08-14T16:23:27.2389810Z     {
2026-08-14T16:23:27.2389960Z       "ref": "any::metafor",
2026-08-14T16:23:27.2390060Z       "package": "metafor",
2026-08-14T16:23:27.2390150Z       "version": "5.0-1",
2026-08-14T16:23:27.2390230Z       "type": "any",
2026-08-14T16:23:27.2390320Z       "direct": true,
2026-08-14T16:23:27.2390410Z       "binary": true,
2026-08-14T16:23:27.2390970Z       "dependencies": ["digest", "mathjaxr", "Matrix", "metadat", "nlme", "numDeriv", "pbapply"],
2026-08-14T16:23:27.2391060Z       "deps": [
2026-08-14T16:23:27.2391120Z         {
2026-08-14T16:23:27.2391240Z           "ref": "alabama",
2026-08-14T16:23:27.2391370Z           "type": "suggests",
2026-08-14T16:23:27.2391510Z           "package": "alabama",
2026-08-14T16:23:27.2391610Z           "op": "",
2026-08-14T16:23:27.2391700Z           "version": ""
2026-08-14T16:23:27.2391770Z         },
2026-08-14T16:23:27.2391840Z         {
2026-08-14T16:23:27.2391940Z           "ref": "Amelia",
2026-08-14T16:23:27.2392070Z           "type": "suggests",
2026-08-14T16:23:27.2392180Z           "package": "Amelia",
2026-08-14T16:23:27.2392280Z           "op": "",
2026-08-14T16:23:27.2392390Z           "version": ""
2026-08-14T16:23:27.2392470Z         },
2026-08-14T16:23:27.2392540Z         {
2026-08-14T16:23:27.2392650Z           "ref": "ape",
2026-08-14T16:23:27.2392740Z           "type": "suggests",
2026-08-14T16:23:27.2392850Z           "package": "ape",
2026-08-14T16:23:27.2392920Z           "op": "",
2026-08-14T16:23:27.2393010Z           "version": ""
2026-08-14T16:23:27.2393080Z         },
2026-08-14T16:23:27.2393170Z         {
2026-08-14T16:23:27.2393280Z           "ref": "BB",
2026-08-14T16:23:27.2393400Z           "type": "suggests",
2026-08-14T16:23:27.2393520Z           "package": "BB",
2026-08-14T16:23:27.2393620Z           "op": "",
2026-08-14T16:23:27.2393720Z           "version": ""
2026-08-14T16:23:27.2393780Z         },
2026-08-14T16:23:27.2393840Z         {
2026-08-14T16:23:27.2393940Z           "ref": "BiasedUrn",
2026-08-14T16:23:27.2394050Z           "type": "suggests",
2026-08-14T16:23:27.2394190Z           "package": "BiasedUrn",
2026-08-14T16:23:27.2394290Z           "op": "",
2026-08-14T16:23:27.2394390Z           "version": ""
2026-08-14T16:23:27.2394470Z         },
2026-08-14T16:23:27.2394540Z         {
2026-08-14T16:23:27.2394650Z           "ref": "boot",
2026-08-14T16:23:27.2394770Z           "type": "suggests",
2026-08-14T16:23:27.2394890Z           "package": "boot",
2026-08-14T16:23:27.2394990Z           "op": "",
2026-08-14T16:23:27.2395100Z           "version": ""
2026-08-14T16:23:27.2395280Z         },
2026-08-14T16:23:27.2395360Z         {
2026-08-14T16:23:27.2395480Z           "ref": "calculus",
2026-08-14T16:23:27.2395590Z           "type": "suggests",
2026-08-14T16:23:27.2395700Z           "package": "calculus",
2026-08-14T16:23:27.2395780Z           "op": "",
2026-08-14T16:23:27.2395870Z           "version": ""
2026-08-14T16:23:27.2395930Z         },
2026-08-14T16:23:27.2395990Z         {
2026-08-14T16:23:27.2396070Z           "ref": "car",
2026-08-14T16:23:27.2396170Z           "type": "suggests",
2026-08-14T16:23:27.2396270Z           "package": "car",
2026-08-14T16:23:27.2396340Z           "op": "",
2026-08-14T16:23:27.2396430Z           "version": ""
2026-08-14T16:23:27.2396490Z         },
2026-08-14T16:23:27.2396550Z         {
2026-08-14T16:23:27.2396680Z           "ref": "clubSandwich",
2026-08-14T16:23:27.2396810Z           "type": "suggests",
2026-08-14T16:23:27.2396950Z           "package": "clubSandwich",
2026-08-14T16:23:27.2397050Z           "op": "",
2026-08-14T16:23:27.2397150Z           "version": ""
2026-08-14T16:23:27.2397220Z         },
2026-08-14T16:23:27.2397280Z         {
2026-08-14T16:23:27.2397380Z           "ref": "CompQuadForm",
2026-08-14T16:23:27.2397480Z           "type": "suggests",
2026-08-14T16:23:27.2397600Z           "package": "CompQuadForm",
2026-08-14T16:23:27.2397680Z           "op": "",
2026-08-14T16:23:27.2397780Z           "version": ""
2026-08-14T16:23:27.2397860Z         },
2026-08-14T16:23:27.2397930Z         {
2026-08-14T16:23:27.2398040Z           "ref": "crayon",
2026-08-14T16:23:27.2398170Z           "type": "suggests",
2026-08-14T16:23:27.2398290Z           "package": "crayon",
2026-08-14T16:23:27.2398380Z           "op": "",
2026-08-14T16:23:27.2398490Z           "version": ""
2026-08-14T16:23:27.2398570Z         },
2026-08-14T16:23:27.2398870Z         {
2026-08-14T16:23:27.2398980Z           "ref": "dfoptim",
2026-08-14T16:23:27.2399080Z           "type": "suggests",
2026-08-14T16:23:27.2399190Z           "package": "dfoptim",
2026-08-14T16:23:27.2399270Z           "op": "",
2026-08-14T16:23:27.2399360Z           "version": ""
2026-08-14T16:23:27.2399420Z         },
2026-08-14T16:23:27.2399480Z         {
2026-08-14T16:23:27.2399580Z           "ref": "digest",
2026-08-14T16:23:27.2399680Z           "type": "imports",
2026-08-14T16:23:27.2399780Z           "package": "digest",
2026-08-14T16:23:27.2399860Z           "op": "",
2026-08-14T16:23:27.2399940Z           "version": ""
2026-08-14T16:23:27.2400010Z         },
2026-08-14T16:23:27.2400060Z         {
2026-08-14T16:23:27.2400150Z           "ref": "emmeans",
2026-08-14T16:23:27.2400250Z           "type": "suggests",
2026-08-14T16:23:27.2400360Z           "package": "emmeans",
2026-08-14T16:23:27.2400440Z           "op": "",
2026-08-14T16:23:27.2400520Z           "version": ""
2026-08-14T16:23:27.2400590Z         },
2026-08-14T16:23:27.2400650Z         {
2026-08-14T16:23:27.2400740Z           "ref": "Epi",
2026-08-14T16:23:27.2400830Z           "type": "suggests",
2026-08-14T16:23:27.2400940Z           "package": "Epi",
2026-08-14T16:23:27.2401010Z           "op": "",
2026-08-14T16:23:27.2401100Z           "version": ""
2026-08-14T16:23:27.2401170Z         },
2026-08-14T16:23:27.2401220Z         {
2026-08-14T16:23:27.2401320Z           "ref": "estmeansd",
2026-08-14T16:23:27.2401420Z           "type": "suggests",
2026-08-14T16:23:27.2401530Z           "package": "estmeansd",
2026-08-14T16:23:27.2401610Z           "op": "",
2026-08-14T16:23:27.2401700Z           "version": ""
2026-08-14T16:23:27.2401760Z         },
2026-08-14T16:23:27.2401820Z         {
2026-08-14T16:23:27.2401920Z           "ref": "GLMMadaptive",
2026-08-14T16:23:27.2402020Z           "type": "suggests",
2026-08-14T16:23:27.2402140Z           "package": "GLMMadaptive",
2026-08-14T16:23:27.2402220Z           "op": "",
2026-08-14T16:23:27.2402310Z           "version": ""
2026-08-14T16:23:27.2402370Z         },
2026-08-14T16:23:27.2402430Z         {
2026-08-14T16:23:27.2402520Z           "ref": "glmmTMB",
2026-08-14T16:23:27.2402670Z           "type": "suggests",
2026-08-14T16:23:27.2402780Z           "package": "glmmTMB",
2026-08-14T16:23:27.2402860Z           "op": "",
2026-08-14T16:23:27.2402950Z           "version": ""
2026-08-14T16:23:27.2403010Z         },
2026-08-14T16:23:27.2403070Z         {
2026-08-14T16:23:27.2403160Z           "ref": "glmulti",
2026-08-14T16:23:27.2403270Z           "type": "suggests",
2026-08-14T16:23:27.2403370Z           "package": "glmulti",
2026-08-14T16:23:27.2403450Z           "op": "",
2026-08-14T16:23:27.2403540Z           "version": ""
2026-08-14T16:23:27.2403600Z         },
2026-08-14T16:23:27.2403650Z         {
2026-08-14T16:23:27.2403750Z           "ref": "graphics",
2026-08-14T16:23:27.2403850Z           "type": "imports",
2026-08-14T16:23:27.2403960Z           "package": "graphics",
2026-08-14T16:23:27.2404040Z           "op": "",
2026-08-14T16:23:27.2404140Z           "version": ""
2026-08-14T16:23:27.2404200Z         },
2026-08-14T16:23:27.2404260Z         {
2026-08-14T16:23:27.2404360Z           "ref": "grDevices",
2026-08-14T16:23:27.2404460Z           "type": "imports",
2026-08-14T16:23:27.2404580Z           "package": "grDevices",
2026-08-14T16:23:27.2404650Z           "op": "",
2026-08-14T16:23:27.2404740Z           "version": ""
2026-08-14T16:23:27.2404810Z         },
2026-08-14T16:23:27.2404860Z         {
2026-08-14T16:23:27.2404950Z           "ref": "gsl",
2026-08-14T16:23:27.2405050Z           "type": "suggests",
2026-08-14T16:23:27.2405150Z           "package": "gsl",
2026-08-14T16:23:27.2405230Z           "op": "",
2026-08-14T16:23:27.2405310Z           "version": ""
2026-08-14T16:23:27.2405380Z         },
2026-08-14T16:23:27.2405430Z         {
2026-08-14T16:23:27.2405530Z           "ref": "lbfgsb3c",
2026-08-14T16:23:27.2405630Z           "type": "suggests",
2026-08-14T16:23:27.2405790Z           "package": "lbfgsb3c",
2026-08-14T16:23:27.2405870Z           "op": "",
2026-08-14T16:23:27.2405960Z           "version": ""
2026-08-14T16:23:27.2406020Z         },
2026-08-14T16:23:27.2406080Z         {
2026-08-14T16:23:27.2406170Z           "ref": "lme4",
2026-08-14T16:23:27.2406270Z           "type": "suggests",
2026-08-14T16:23:27.2406370Z           "package": "lme4",
2026-08-14T16:23:27.2406450Z           "op": "",
2026-08-14T16:23:27.2406540Z           "version": ""
2026-08-14T16:23:27.2406610Z         },
2026-08-14T16:23:27.2406730Z         {
2026-08-14T16:23:27.2406850Z           "ref": "mathjaxr",
2026-08-14T16:23:27.2406980Z           "type": "imports",
2026-08-14T16:23:27.2407110Z           "package": "mathjaxr",
2026-08-14T16:23:27.2407210Z           "op": "",
2026-08-14T16:23:27.2407310Z           "version": ""
2026-08-14T16:23:27.2407370Z         },
2026-08-14T16:23:27.2407420Z         {
2026-08-14T16:23:27.2407520Z           "ref": "Matrix",
2026-08-14T16:23:27.2407620Z           "type": "depends",
2026-08-14T16:23:27.2407730Z           "package": "Matrix",
2026-08-14T16:23:27.2407810Z           "op": "",
2026-08-14T16:23:27.2407890Z           "version": ""
2026-08-14T16:23:27.2407960Z         },
2026-08-14T16:23:27.2408020Z         {
2026-08-14T16:23:27.2408110Z           "ref": "metaBLUE",
2026-08-14T16:23:27.2408210Z           "type": "suggests",
2026-08-14T16:23:27.2408310Z           "package": "metaBLUE",
2026-08-14T16:23:27.2408390Z           "op": "",
2026-08-14T16:23:27.2408480Z           "version": ""
2026-08-14T16:23:27.2408540Z         },
2026-08-14T16:23:27.2408600Z         {
2026-08-14T16:23:27.2408690Z           "ref": "metadat",
2026-08-14T16:23:27.2408790Z           "type": "depends",
2026-08-14T16:23:27.2408890Z           "package": "metadat",
2026-08-14T16:23:27.2408970Z           "op": "",
2026-08-14T16:23:27.2409060Z           "version": ""
2026-08-14T16:23:27.2409130Z         },
2026-08-14T16:23:27.2409180Z         {
2026-08-14T16:23:27.2409280Z           "ref": "methods",
2026-08-14T16:23:27.2409380Z           "type": "depends",
2026-08-14T16:23:27.2409480Z           "package": "methods",
2026-08-14T16:23:27.2409560Z           "op": "",
2026-08-14T16:23:27.2409720Z           "version": ""
2026-08-14T16:23:27.2409790Z         },
2026-08-14T16:23:27.2409850Z         {
2026-08-14T16:23:27.2409940Z           "ref": "mice",
2026-08-14T16:23:27.2410040Z           "type": "suggests",
2026-08-14T16:23:27.2410140Z           "package": "mice",
2026-08-14T16:23:27.2410220Z           "op": "",
2026-08-14T16:23:27.2410310Z           "version": ""
2026-08-14T16:23:27.2410370Z         },
2026-08-14T16:23:27.2410430Z         {
2026-08-14T16:23:27.2410520Z           "ref": "minqa",
2026-08-14T16:23:27.2410610Z           "type": "suggests",
2026-08-14T16:23:27.2410710Z           "package": "minqa",
2026-08-14T16:23:27.2410790Z           "op": "",
2026-08-14T16:23:27.2410880Z           "version": ""
2026-08-14T16:23:27.2410940Z         },
2026-08-14T16:23:27.2411000Z         {
2026-08-14T16:23:27.2411100Z           "ref": "multcomp",
2026-08-14T16:23:27.2411190Z           "type": "suggests",
2026-08-14T16:23:27.2411300Z           "package": "multcomp",
2026-08-14T16:23:27.2411380Z           "op": "",
2026-08-14T16:23:27.2411470Z           "version": ""
2026-08-14T16:23:27.2411540Z         },
2026-08-14T16:23:27.2411590Z         {
2026-08-14T16:23:27.2411680Z           "ref": "MuMIn",
2026-08-14T16:23:27.2411790Z           "type": "suggests",
2026-08-14T16:23:27.2411880Z           "package": "MuMIn",
2026-08-14T16:23:27.2411960Z           "op": "",
2026-08-14T16:23:27.2412050Z           "version": ""
2026-08-14T16:23:27.2412110Z         },
2026-08-14T16:23:27.2412170Z         {
2026-08-14T16:23:27.2412260Z           "ref": "mvtnorm",
2026-08-14T16:23:27.2412360Z           "type": "suggests",
2026-08-14T16:23:27.2412460Z           "package": "mvtnorm",
2026-08-14T16:23:27.2412540Z           "op": "",
2026-08-14T16:23:27.2412630Z           "version": ""
2026-08-14T16:23:27.2412690Z         },
2026-08-14T16:23:27.2412810Z         {
2026-08-14T16:23:27.2412900Z           "ref": "nlme",
2026-08-14T16:23:27.2413000Z           "type": "imports",
2026-08-14T16:23:27.2413090Z           "package": "nlme",
2026-08-14T16:23:27.2413170Z           "op": "",
2026-08-14T16:23:27.2413270Z           "version": ""
2026-08-14T16:23:27.2413330Z         },
2026-08-14T16:23:27.2413380Z         {
2026-08-14T16:23:27.2413480Z           "ref": "nloptr",
2026-08-14T16:23:27.2413580Z           "type": "suggests",
2026-08-14T16:23:27.2413680Z           "package": "nloptr",
2026-08-14T16:23:27.2413760Z           "op": "",
2026-08-14T16:23:27.2413850Z           "version": ""
2026-08-14T16:23:27.2413910Z         },
2026-08-14T16:23:27.2413960Z         {
2026-08-14T16:23:27.2414060Z           "ref": "numDeriv",
2026-08-14T16:23:27.2414160Z           "type": "depends",
2026-08-14T16:23:27.2414270Z           "package": "numDeriv",
2026-08-14T16:23:27.2414350Z           "op": "",
2026-08-14T16:23:27.2414440Z           "version": ""
2026-08-14T16:23:27.2414510Z         },
2026-08-14T16:23:27.2414570Z         {
2026-08-14T16:23:27.2414680Z           "ref": "optimParallel",
2026-08-14T16:23:27.2414790Z           "type": "suggests",
2026-08-14T16:23:27.2414910Z           "package": "optimParallel",
2026-08-14T16:23:27.2414990Z           "op": "",
2026-08-14T16:23:27.2415070Z           "version": ""
2026-08-14T16:23:27.2415140Z         },
2026-08-14T16:23:27.2415200Z         {
2026-08-14T16:23:27.2415290Z           "ref": "optimx",
2026-08-14T16:23:27.2415390Z           "type": "suggests",
2026-08-14T16:23:27.2415490Z           "package": "optimx",
2026-08-14T16:23:27.2415570Z           "op": "",
2026-08-14T16:23:27.2415650Z           "version": ""
2026-08-14T16:23:27.2415720Z         },
2026-08-14T16:23:27.2415770Z         {
2026-08-14T16:23:27.2415870Z           "ref": "pbapply",
2026-08-14T16:23:27.2415960Z           "type": "imports",
2026-08-14T16:23:27.2416070Z           "package": "pbapply",
2026-08-14T16:23:27.2416150Z           "op": "",
2026-08-14T16:23:27.2416240Z           "version": ""
2026-08-14T16:23:27.2416310Z         },
2026-08-14T16:23:27.2416360Z         {
2026-08-14T16:23:27.2416500Z           "ref": "pracma",
2026-08-14T16:23:27.2416600Z           "type": "suggests",
2026-08-14T16:23:27.2416710Z           "package": "pracma",
2026-08-14T16:23:27.2416790Z           "op": "",
2026-08-14T16:23:27.2416880Z           "version": ""
2026-08-14T16:23:27.2416950Z         },
2026-08-14T16:23:27.2417000Z         {
2026-08-14T16:23:27.2417080Z           "ref": "R",
2026-08-14T16:23:27.2417180Z           "type": "depends",
2026-08-14T16:23:27.2417270Z           "package": "R",
2026-08-14T16:23:27.2417360Z           "op": ">=",
2026-08-14T16:23:27.2417450Z           "version": "4.0.0"
2026-08-14T16:23:27.2417520Z         },
2026-08-14T16:23:27.2417570Z         {
2026-08-14T16:23:27.2417660Z           "ref": "R.rsp",
2026-08-14T16:23:27.2417760Z           "type": "suggests",
2026-08-14T16:23:27.2417860Z           "package": "R.rsp",
2026-08-14T16:23:27.2417940Z           "op": "",
2026-08-14T16:23:27.2418040Z           "version": ""
2026-08-14T16:23:27.2418100Z         },
2026-08-14T16:23:27.2418160Z         {
2026-08-14T16:23:27.2418260Z           "ref": "rmarkdown",
2026-08-14T16:23:27.2418360Z           "type": "suggests",
2026-08-14T16:23:27.2418470Z           "package": "rmarkdown",
2026-08-14T16:23:27.2418550Z           "op": "",
2026-08-14T16:23:27.2418640Z           "version": ""
2026-08-14T16:23:27.2418700Z         },
2026-08-14T16:23:27.2418760Z         {
2026-08-14T16:23:27.2418850Z           "ref": "Rsolnp",
2026-08-14T16:23:27.2418940Z           "type": "suggests",
2026-08-14T16:23:27.2419050Z           "package": "Rsolnp",
2026-08-14T16:23:27.2419130Z           "op": "",
2026-08-14T16:23:27.2419370Z           "version": ""
2026-08-14T16:23:27.2419450Z         },
2026-08-14T16:23:27.2419510Z         {
2026-08-14T16:23:27.2419640Z           "ref": "rstudioapi",
2026-08-14T16:23:27.2419760Z           "type": "suggests",
2026-08-14T16:23:27.2419950Z           "package": "rstudioapi",
2026-08-14T16:23:27.2420030Z           "op": "",
2026-08-14T16:23:27.2420120Z           "version": ""
2026-08-14T16:23:27.2420190Z         },
2026-08-14T16:23:27.2420250Z         {
2026-08-14T16:23:27.2420330Z           "ref": "sp",
2026-08-14T16:23:27.2420430Z           "type": "suggests",
2026-08-14T16:23:27.2420520Z           "package": "sp",
2026-08-14T16:23:27.2420610Z           "op": "",
2026-08-14T16:23:27.2420690Z           "version": ""
2026-08-14T16:23:27.2420760Z         },
2026-08-14T16:23:27.2420810Z         {
2026-08-14T16:23:27.2420900Z           "ref": "stats",
2026-08-14T16:23:27.2421000Z           "type": "imports",
2026-08-14T16:23:27.2421100Z           "package": "stats",
2026-08-14T16:23:27.2421180Z           "op": "",
2026-08-14T16:23:27.2421270Z           "version": ""
2026-08-14T16:23:27.2421330Z         },
2026-08-14T16:23:27.2421380Z         {
2026-08-14T16:23:27.2421480Z           "ref": "subplex",
2026-08-14T16:23:27.2421590Z           "type": "suggests",
2026-08-14T16:23:27.2421690Z           "package": "subplex",
2026-08-14T16:23:27.2421770Z           "op": "",
2026-08-14T16:23:27.2421860Z           "version": ""
2026-08-14T16:23:27.2421920Z         },
2026-08-14T16:23:27.2421980Z         {
2026-08-14T16:23:27.2422080Z           "ref": "survival",
2026-08-14T16:23:27.2422180Z           "type": "suggests",
2026-08-14T16:23:27.2422280Z           "package": "survival",
2026-08-14T16:23:27.2422360Z           "op": "",
2026-08-14T16:23:27.2422440Z           "version": ""
2026-08-14T16:23:27.2422510Z         },
2026-08-14T16:23:27.2422570Z         {
2026-08-14T16:23:27.2425730Z           "ref": "testthat",
2026-08-14T16:23:27.2425860Z           "type": "suggests",
2026-08-14T16:23:27.2425970Z           "package": "testthat",
2026-08-14T16:23:27.2426040Z           "op": "",
2026-08-14T16:23:27.2426130Z           "version": ""
2026-08-14T16:23:27.2426200Z         },
2026-08-14T16:23:27.2426250Z         {
2026-08-14T16:23:27.2426350Z           "ref": "ucminf",
2026-08-14T16:23:27.2426450Z           "type": "suggests",
2026-08-14T16:23:27.2426550Z           "package": "ucminf",
2026-08-14T16:23:27.2426630Z           "op": "",
2026-08-14T16:23:27.2426810Z           "version": ""
2026-08-14T16:23:27.2426880Z         },
2026-08-14T16:23:27.2426930Z         {
2026-08-14T16:23:27.2427030Z           "ref": "utils",
2026-08-14T16:23:27.2427130Z           "type": "imports",
2026-08-14T16:23:27.2427230Z           "package": "utils",
2026-08-14T16:23:27.2427300Z           "op": "",
2026-08-14T16:23:27.2427390Z           "version": ""
2026-08-14T16:23:27.2427460Z         },
2026-08-14T16:23:27.2427510Z         {
2026-08-14T16:23:27.2427610Z           "ref": "wildmeta",
2026-08-14T16:23:27.2427710Z           "type": "suggests",
2026-08-14T16:23:27.2427810Z           "package": "wildmeta",
2026-08-14T16:23:27.2427890Z           "op": "",
2026-08-14T16:23:27.2427980Z           "version": ""
2026-08-14T16:23:27.2428030Z         }
2026-08-14T16:23:27.2428090Z       ],
2026-08-14T16:23:27.2428190Z       "vignettes": false,
2026-08-14T16:23:27.2428300Z       "needscompilation": false,
2026-08-14T16:23:27.2428380Z       "metadata": {
2026-08-14T16:23:27.2428480Z         "RemoteType": "any",
2026-08-14T16:23:27.2428620Z         "RemotePkgRef": "any::metafor",
2026-08-14T16:23:27.2428740Z         "RemoteRef": "any::metafor",
2026-08-14T16:23:27.2428910Z         "RemoteRepos": "https://cran.rstudio.com",
2026-08-14T16:23:27.2429080Z         "RemotePkgPlatform": "aarch64-apple-darwin23",
2026-08-14T16:23:27.2429180Z         "RemoteSha": "5.0-1"
2026-08-14T16:23:27.2429240Z       },
2026-08-14T16:23:27.2429900Z       "sources": ["https://cran.rstudio.com/bin/macosx/sonoma-arm64/contrib/4.6/metafor_5.0-1.tgz", "https://mac.cran.dev/bin/macosx/sonoma-arm64/contrib/4.6/metafor_5.0-1.tgz"],
2026-08-14T16:23:27.2430120Z       "target": "bin/macosx/sonoma-arm64/contrib/4.6/metafor_5.0-1.tgz",
2026-08-14T16:23:27.2430260Z       "platform": "aarch64-apple-darwin23",
2026-08-14T16:23:27.2430430Z       "rversion": "4.6",
2026-08-14T16:23:27.2430610Z       "built": "R 4.6.0; ; 2026-04-27 00:14:03 UTC; unix",
2026-08-14T16:23:27.2430700Z       "directpkg": true,
2026-08-14T16:23:27.2430810Z       "license": "GPL (>= 2)",
2026-08-14T16:23:27.2431120Z       "sha256": "\n        ae092b86efc5a87b5e11568743f12a8bdf05f2170f453a2be7cd1691bd99ce1d",
2026-08-14T16:23:27.2431290Z       "dep_types": ["Depends", "Imports", "LinkingTo"],
2026-08-14T16:23:27.2431370Z       "params": [],
2026-08-14T16:23:27.2431470Z       "install_args": [],
2026-08-14T16:23:27.2431560Z       "repotype": "cran"
2026-08-14T16:23:27.2431640Z     },
2026-08-14T16:23:27.2431690Z     {
2026-08-14T16:23:27.2431780Z       "ref": "numDeriv",
2026-08-14T16:23:27.2431880Z       "package": "numDeriv",
2026-08-14T16:23:27.2431980Z       "version": "2016.8-1.1",
2026-08-14T16:23:27.2432070Z       "type": "standard",
2026-08-14T16:23:27.2432170Z       "direct": false,
2026-08-14T16:23:27.2432260Z       "binary": true,
2026-08-14T16:23:27.2432350Z       "dependencies": [],
2026-08-14T16:23:27.2432430Z       "deps": [
2026-08-14T16:23:27.2432480Z         {
2026-08-14T16:23:27.2432570Z           "ref": "R",
2026-08-14T16:23:27.2432670Z           "type": "depends",
2026-08-14T16:23:27.2432760Z           "package": "R",
2026-08-14T16:23:27.2432840Z           "op": ">=",
2026-08-14T16:23:27.2432950Z           "version": "2.11.1"
2026-08-14T16:23:27.2433000Z         }
2026-08-14T16:23:27.2433050Z       ],
2026-08-14T16:23:27.2433150Z       "vignettes": false,
2026-08-14T16:23:27.2433260Z       "needscompilation": false,
2026-08-14T16:23:27.2433340Z       "metadata": {
2026-08-14T16:23:27.2433450Z         "RemoteType": "standard",
2026-08-14T16:23:27.2433570Z         "RemotePkgRef": "numDeriv",
2026-08-14T16:23:27.2433670Z         "RemoteRef": "numDeriv",
2026-08-14T16:23:27.2433840Z         "RemoteRepos": "https://cran.rstudio.com",
2026-08-14T16:23:27.2434000Z         "RemotePkgPlatform": "aarch64-apple-darwin23",
2026-08-14T16:23:27.2434180Z         "RemoteSha": "2016.8-1.1"
2026-08-14T16:23:27.2434240Z       },
2026-08-14T16:23:27.2434990Z       "sources": ["https://cran.rstudio.com/bin/macosx/sonoma-arm64/contrib/4.6/numDeriv_2016.8-1.1.tgz", "https://mac.cran.dev/bin/macosx/sonoma-arm64/contrib/4.6/numDeriv_2016.8-1.1.tgz"],
2026-08-14T16:23:27.2435250Z       "target": "bin/macosx/sonoma-arm64/contrib/4.6/numDeriv_2016.8-1.1.tgz",
2026-08-14T16:23:27.2435390Z       "platform": "aarch64-apple-darwin23",
2026-08-14T16:23:27.2435480Z       "rversion": "4.6",
2026-08-14T16:23:27.2435650Z       "built": "R 4.6.0; ; 2026-04-25 15:42:27 UTC; unix",
2026-08-14T16:23:27.2435750Z       "directpkg": false,
2026-08-14T16:23:27.2435840Z       "license": "GPL-2",
2026-08-14T16:23:27.2436150Z       "sha256": "\n        cbbb50a0f0474265c6cbb55672a625be8b1382ad5507b0137c0db74e4491523e",
2026-08-14T16:23:27.2436320Z       "dep_types": ["Depends", "Imports", "LinkingTo"],
2026-08-14T16:23:27.2436400Z       "params": [],
2026-08-14T16:23:27.2436490Z       "install_args": [],
2026-08-14T16:23:27.2436590Z       "repotype": "cran"
2026-08-14T16:23:27.2436630Z     },
2026-08-14T16:23:27.2436680Z     {
2026-08-14T16:23:27.2436770Z       "ref": "pbapply",
2026-08-14T16:23:27.2436870Z       "package": "pbapply",
2026-08-14T16:23:27.2436970Z       "version": "1.7-4",
2026-08-14T16:23:27.2437060Z       "type": "standard",
2026-08-14T16:23:27.2437150Z       "direct": false,
2026-08-14T16:23:27.2437230Z       "binary": true,
2026-08-14T16:23:27.2437320Z       "dependencies": [],
2026-08-14T16:23:27.2437400Z       "deps": [
2026-08-14T16:23:27.2437460Z         {
2026-08-14T16:23:27.2437550Z           "ref": "future",
2026-08-14T16:23:27.2437650Z           "type": "suggests",
2026-08-14T16:23:27.2437750Z           "package": "future",
2026-08-14T16:23:27.2437830Z           "op": "",
2026-08-14T16:23:27.2437920Z           "version": ""
2026-08-14T16:23:27.2437980Z         },
2026-08-14T16:23:27.2438040Z         {
2026-08-14T16:23:27.2438150Z           "ref": "future.apply",
2026-08-14T16:23:27.2438300Z           "type": "suggests",
2026-08-14T16:23:27.2438420Z           "package": "future.apply",
2026-08-14T16:23:27.2438500Z           "op": "",
2026-08-14T16:23:27.2438590Z           "version": ""
2026-08-14T16:23:27.2438650Z         },
2026-08-14T16:23:27.2438710Z         {
2026-08-14T16:23:27.2438810Z           "ref": "parallel",
2026-08-14T16:23:27.2438900Z           "type": "imports",
2026-08-14T16:23:27.2439010Z           "package": "parallel",
2026-08-14T16:23:27.2439090Z           "op": "",
2026-08-14T16:23:27.2439180Z           "version": ""
2026-08-14T16:23:27.2439250Z         },
2026-08-14T16:23:27.2439300Z         {
2026-08-14T16:23:27.2439380Z           "ref": "R",
2026-08-14T16:23:27.2439480Z           "type": "depends",
2026-08-14T16:23:27.2439570Z           "package": "R",
2026-08-14T16:23:27.2439660Z           "op": ">=",
2026-08-14T16:23:27.2439750Z           "version": "3.2.0"
2026-08-14T16:23:27.2439810Z         },
2026-08-14T16:23:27.2439870Z         {
2026-08-14T16:23:27.2439960Z           "ref": "shiny",
2026-08-14T16:23:27.2440070Z           "type": "suggests",
2026-08-14T16:23:27.2440160Z           "package": "shiny",
2026-08-14T16:23:27.2440250Z           "op": "",
2026-08-14T16:23:27.2440330Z           "version": ""
2026-08-14T16:23:27.2440390Z         }
2026-08-14T16:23:27.2440440Z       ],
2026-08-14T16:23:27.2440530Z       "vignettes": false,
2026-08-14T16:23:27.2440650Z       "needscompilation": false,
2026-08-14T16:23:27.2440730Z       "metadata": {
2026-08-14T16:23:27.2440840Z         "RemoteType": "standard",
2026-08-14T16:23:27.2440950Z         "RemotePkgRef": "pbapply",
2026-08-14T16:23:27.2441060Z         "RemoteRef": "pbapply",
2026-08-14T16:23:27.2441210Z         "RemoteRepos": "https://cran.rstudio.com",
2026-08-14T16:23:27.2441390Z         "RemotePkgPlatform": "aarch64-apple-darwin23",
2026-08-14T16:23:27.2441490Z         "RemoteSha": "1.7-4"
2026-08-14T16:23:27.2441540Z       },
2026-08-14T16:23:27.2442200Z       "sources": ["https://cran.rstudio.com/bin/macosx/sonoma-arm64/contrib/4.6/pbapply_1.7-4.tgz", "https://mac.cran.dev/bin/macosx/sonoma-arm64/contrib/4.6/pbapply_1.7-4.tgz"],
2026-08-14T16:23:27.2442600Z       "target": "bin/macosx/sonoma-arm64/contrib/4.6/pbapply_1.7-4.tgz",
2026-08-14T16:23:27.2442740Z       "platform": "aarch64-apple-darwin23",
2026-08-14T16:23:27.2442840Z       "rversion": "4.6",
2026-08-14T16:23:27.2443010Z       "built": "R 4.6.0; ; 2026-04-25 15:58:51 UTC; unix",
2026-08-14T16:23:27.2443230Z       "directpkg": false,
2026-08-14T16:23:27.2443350Z       "license": "GPL (>= 2)",
2026-08-14T16:23:27.2443730Z       "sha256": "\n        5d84e0b43cac1e5e52dfdbc99d398e95bc42b2164d484746dcdb8ec90405b791",
2026-08-14T16:23:27.2443940Z       "dep_types": ["Depends", "Imports", "LinkingTo"],
2026-08-14T16:23:27.2444040Z       "params": [],
2026-08-14T16:23:27.2444150Z       "install_args": [],
2026-08-14T16:23:27.2444270Z       "repotype": "cran"
2026-08-14T16:23:27.2444320Z     },
2026-08-14T16:23:27.2444380Z     {
2026-08-14T16:23:27.2444480Z       "ref": "abind",
2026-08-14T16:23:27.2444570Z       "package": "abind",
2026-08-14T16:23:27.2444670Z       "version": "1.4-8",
2026-08-14T16:23:27.2444760Z       "type": "standard",
2026-08-14T16:23:27.2444850Z       "direct": false,
2026-08-14T16:23:27.2444930Z       "binary": true,
2026-08-14T16:23:27.2445140Z       "dependencies": [],
2026-08-14T16:23:27.2445230Z       "deps": [
2026-08-14T16:23:27.2445300Z         {
2026-08-14T16:23:27.2445420Z           "ref": "methods",
2026-08-14T16:23:27.2445550Z           "type": "imports",
2026-08-14T16:23:27.2445660Z           "package": "methods",
2026-08-14T16:23:27.2445740Z           "op": "",
2026-08-14T16:23:27.2445820Z           "version": ""
2026-08-14T16:23:27.2445890Z         },
2026-08-14T16:23:27.2445950Z         {
2026-08-14T16:23:27.2446030Z           "ref": "R",
2026-08-14T16:23:27.2446130Z           "type": "depends",
2026-08-14T16:23:27.2446220Z           "package": "R",
2026-08-14T16:23:27.2446300Z           "op": ">=",
2026-08-14T16:23:27.2446460Z           "version": "1.5.0"
2026-08-14T16:23:27.2446530Z         },
2026-08-14T16:23:27.2446580Z         {
2026-08-14T16:23:27.2446680Z           "ref": "utils",
2026-08-14T16:23:27.2446840Z           "type": "imports",
2026-08-14T16:23:27.2446950Z           "package": "utils",
2026-08-14T16:23:27.2447030Z           "op": "",
2026-08-14T16:23:27.2447120Z           "version": ""
2026-08-14T16:23:27.2447170Z         }
2026-08-14T16:23:27.2447230Z       ],
2026-08-14T16:23:27.2447320Z       "vignettes": false,
2026-08-14T16:23:27.2447440Z       "needscompilation": false,
2026-08-14T16:23:27.2447520Z       "metadata": {
2026-08-14T16:23:27.2447630Z         "RemoteType": "standard",
2026-08-14T16:23:27.2447730Z         "RemotePkgRef": "abind",
2026-08-14T16:23:27.2447840Z         "RemoteRef": "abind",
2026-08-14T16:23:27.2448000Z         "RemoteRepos": "https://cran.rstudio.com",
2026-08-14T16:23:27.2448170Z         "RemotePkgPlatform": "aarch64-apple-darwin23",
2026-08-14T16:23:27.2448260Z         "RemoteSha": "1.4-8"
2026-08-14T16:23:27.2448320Z       },
2026-08-14T16:23:27.2448950Z       "sources": ["https://cran.rstudio.com/bin/macosx/sonoma-arm64/contrib/4.6/abind_1.4-8.tgz", "https://mac.cran.dev/bin/macosx/sonoma-arm64/contrib/4.6/abind_1.4-8.tgz"],
2026-08-14T16:23:27.2449170Z       "target": "bin/macosx/sonoma-arm64/contrib/4.6/abind_1.4-8.tgz",
2026-08-14T16:23:27.2449310Z       "platform": "aarch64-apple-darwin23",
2026-08-14T16:23:27.2449400Z       "rversion": "4.6",
2026-08-14T16:23:27.2449570Z       "built": "R 4.6.0; ; 2026-04-25 15:40:28 UTC; unix",
2026-08-14T16:23:27.2449660Z       "directpkg": false,
2026-08-14T16:23:27.2449790Z       "license": "MIT + file LICENSE",
2026-08-14T16:23:27.2450090Z       "sha256": "\n        ad4e41d7ef9bef7c5d114104a74f3334bad942e19e24c740bc21539756f0ec70",
2026-08-14T16:23:27.2450260Z       "dep_types": ["Depends", "Imports", "LinkingTo"],
2026-08-14T16:23:27.2450340Z       "params": [],
2026-08-14T16:23:27.2450440Z       "install_args": [],
2026-08-14T16:23:27.2450530Z       "repotype": "cran"
2026-08-14T16:23:27.2450580Z     },
2026-08-14T16:23:27.2450620Z     {
2026-08-14T16:23:27.2450720Z       "ref": "backports",
2026-08-14T16:23:27.2450870Z       "package": "backports",
2026-08-14T16:23:27.2450960Z       "version": "1.5.1",
2026-08-14T16:23:27.2451060Z       "type": "standard",
2026-08-14T16:23:27.2451140Z       "direct": false,
2026-08-14T16:23:27.2451230Z       "binary": true,
2026-08-14T16:23:27.2451320Z       "dependencies": [],
2026-08-14T16:23:27.2451400Z       "deps": [
2026-08-14T16:23:27.2451450Z         {
2026-08-14T16:23:27.2451530Z           "ref": "R",
2026-08-14T16:23:27.2451630Z           "type": "depends",
2026-08-14T16:23:27.2451720Z           "package": "R",
2026-08-14T16:23:27.2451810Z           "op": ">=",
2026-08-14T16:23:27.2451900Z           "version": "3.0.0"
2026-08-14T16:23:27.2451960Z         }
2026-08-14T16:23:27.2452030Z       ],
2026-08-14T16:23:27.2452150Z       "vignettes": false,
2026-08-14T16:23:27.2452270Z       "needscompilation": true,
2026-08-14T16:23:27.2452350Z       "metadata": {
2026-08-14T16:23:27.2452480Z         "RemoteType": "standard",
2026-08-14T16:23:27.2452610Z         "RemotePkgRef": "backports",
2026-08-14T16:23:27.2452730Z         "RemoteRef": "backports",
2026-08-14T16:23:27.2452880Z         "RemoteRepos": "https://cran.rstudio.com",
2026-08-14T16:23:27.2453050Z         "RemotePkgPlatform": "aarch64-apple-darwin23",
2026-08-14T16:23:27.2453160Z         "RemoteSha": "1.5.1"
2026-08-14T16:23:27.2453210Z       },
2026-08-14T16:23:27.2453870Z       "sources": ["https://cran.rstudio.com/bin/macosx/sonoma-arm64/contrib/4.6/backports_1.5.1.tgz", "https://mac.cran.dev/bin/macosx/sonoma-arm64/contrib/4.6/backports_1.5.1.tgz"],
2026-08-14T16:23:27.2454110Z       "target": "bin/macosx/sonoma-arm64/contrib/4.6/backports_1.5.1.tgz",
2026-08-14T16:23:27.2454270Z       "platform": "aarch64-apple-darwin23",
2026-08-14T16:23:27.2454360Z       "rversion": "4.6",
2026-08-14T16:23:27.2454620Z       "built": "R 4.6.0; aarch64-apple-darwin23; 2026-04-25 15:41:25 UTC; unix",
2026-08-14T16:23:27.2454760Z       "directpkg": false,
2026-08-14T16:23:27.2454870Z       "license": "GPL-2 | GPL-3",
2026-08-14T16:23:27.2455170Z       "sha256": "\n        4214d410734d2392823cc47953e5d1e9322582096eff7f772eb7053ca8befe99",
2026-08-14T16:23:27.2455340Z       "dep_types": ["Depends", "Imports", "LinkingTo"],
2026-08-14T16:23:27.2455420Z       "params": [],
2026-08-14T16:23:27.2455520Z       "install_args": [],
2026-08-14T16:23:27.2455610Z       "repotype": "cran"
2026-08-14T16:23:27.2455650Z     },
2026-08-14T16:23:27.2455700Z     {
2026-08-14T16:23:27.2455800Z       "ref": "any::baggr",
2026-08-14T16:23:27.2455890Z       "package": "baggr",
2026-08-14T16:23:27.2455980Z       "version": "0.8.2",
2026-08-14T16:23:27.2456070Z       "type": "any",
2026-08-14T16:23:27.2456150Z       "direct": true,
2026-08-14T16:23:27.2456230Z       "binary": true,
2026-08-14T16:23:27.2456720Z       "dependencies": ["bayesplot", "crayon", "forestplot", "ggplot2", "ggplotify", "ggrepel", "gridExtra", "Rcpp", "rstan", "rstantools"],
2026-08-14T16:23:27.2456800Z       "deps": [
2026-08-14T16:23:27.2456850Z         {
2026-08-14T16:23:27.2456960Z           "ref": "bayesplot",
2026-08-14T16:23:27.2457060Z           "type": "imports",
2026-08-14T16:23:27.2457170Z           "package": "bayesplot",
2026-08-14T16:23:27.2457250Z           "op": "",
2026-08-14T16:23:27.2457340Z           "version": ""
2026-08-14T16:23:27.2457400Z         },
2026-08-14T16:23:27.2457460Z         {
2026-08-14T16:23:27.2457540Z           "ref": "BH",
2026-08-14T16:23:27.2457640Z           "type": "linkingto",
2026-08-14T16:23:27.2457740Z           "package": "BH",
2026-08-14T16:23:27.2457820Z           "op": ">=",
2026-08-14T16:23:27.2457930Z           "version": "1.66.0-1"
2026-08-14T16:23:27.2457990Z         },
2026-08-14T16:23:27.2458040Z         {
2026-08-14T16:23:27.2458130Z           "ref": "covr",
2026-08-14T16:23:27.2458230Z           "type": "suggests",
2026-08-14T16:23:27.2458330Z           "package": "covr",
2026-08-14T16:23:27.2458410Z           "op": "",
2026-08-14T16:23:27.2458500Z           "version": ""
2026-08-14T16:23:27.2458560Z         },
2026-08-14T16:23:27.2458660Z         {
2026-08-14T16:23:27.2458760Z           "ref": "crayon",
2026-08-14T16:23:27.2458860Z           "type": "imports",
2026-08-14T16:23:27.2458970Z           "package": "crayon",
2026-08-14T16:23:27.2459040Z           "op": "",
2026-08-14T16:23:27.2459130Z           "version": ""
2026-08-14T16:23:27.2459190Z         },
2026-08-14T16:23:27.2459250Z         {
2026-08-14T16:23:27.2459350Z           "ref": "forestplot",
2026-08-14T16:23:27.2459450Z           "type": "imports",
2026-08-14T16:23:27.2459560Z           "package": "forestplot",
2026-08-14T16:23:27.2459630Z           "op": "",
2026-08-14T16:23:27.2459720Z           "version": ""
2026-08-14T16:23:27.2459790Z         },
2026-08-14T16:23:27.2459840Z         {
2026-08-14T16:23:27.2459930Z           "ref": "ggplot2",
2026-08-14T16:23:27.2460030Z           "type": "imports",
2026-08-14T16:23:27.2460140Z           "package": "ggplot2",
2026-08-14T16:23:27.2460220Z           "op": "",
2026-08-14T16:23:27.2460310Z           "version": ""
2026-08-14T16:23:27.2460370Z         },
2026-08-14T16:23:27.2460430Z         {
2026-08-14T16:23:27.2460530Z           "ref": "ggplotify",
2026-08-14T16:23:27.2460620Z           "type": "imports",
2026-08-14T16:23:27.2460740Z           "package": "ggplotify",
2026-08-14T16:23:27.2460810Z           "op": "",
2026-08-14T16:23:27.2460900Z           "version": ""
2026-08-14T16:23:27.2460960Z         },
2026-08-14T16:23:27.2461020Z         {
2026-08-14T16:23:27.2461110Z           "ref": "ggrepel",
2026-08-14T16:23:27.2461210Z           "type": "imports",
2026-08-14T16:23:27.2461320Z           "package": "ggrepel",
2026-08-14T16:23:27.2461390Z           "op": "",
2026-08-14T16:23:27.2461480Z           "version": ""
2026-08-14T16:23:27.2461540Z         },
2026-08-14T16:23:27.2461600Z         {
2026-08-14T16:23:27.2461690Z           "ref": "gridExtra",
2026-08-14T16:23:27.2461860Z           "type": "imports",
2026-08-14T16:23:27.2461980Z           "package": "gridExtra",
2026-08-14T16:23:27.2462060Z           "op": "",
2026-08-14T16:23:27.2462150Z           "version": ""
2026-08-14T16:23:27.2462210Z         },
2026-08-14T16:23:27.2462260Z         {
2026-08-14T16:23:27.2462350Z           "ref": "knitr",
2026-08-14T16:23:27.2462450Z           "type": "suggests",
2026-08-14T16:23:27.2462550Z           "package": "knitr",
2026-08-14T16:23:27.2462630Z           "op": "",
2026-08-14T16:23:27.2462720Z           "version": ""
2026-08-14T16:23:27.2462780Z         },
2026-08-14T16:23:27.2462840Z         {
2026-08-14T16:23:27.2462930Z           "ref": "methods",
2026-08-14T16:23:27.2463030Z           "type": "imports",
2026-08-14T16:23:27.2463130Z           "package": "methods",
2026-08-14T16:23:27.2463210Z           "op": "",
2026-08-14T16:23:27.2463300Z           "version": ""
2026-08-14T16:23:27.2463360Z         },
2026-08-14T16:23:27.2463420Z         {
2026-08-14T16:23:27.2463510Z           "ref": "mvtnorm",
2026-08-14T16:23:27.2463610Z           "type": "suggests",
2026-08-14T16:23:27.2463710Z           "package": "mvtnorm",
2026-08-14T16:23:27.2463800Z           "op": "",
2026-08-14T16:23:27.2463890Z           "version": ""
2026-08-14T16:23:27.2463950Z         },
2026-08-14T16:23:27.2464000Z         {
2026-08-14T16:23:27.2464090Z           "ref": "R",
2026-08-14T16:23:27.2464180Z           "type": "depends",
2026-08-14T16:23:27.2464280Z           "package": "R",
2026-08-14T16:23:27.2464360Z           "op": ">=",
2026-08-14T16:23:27.2464460Z           "version": "3.5.0"
2026-08-14T16:23:27.2464520Z         },
2026-08-14T16:23:27.2464570Z         {
2026-08-14T16:23:27.2464660Z           "ref": "Rcpp",
2026-08-14T16:23:27.2464760Z           "type": "depends",
2026-08-14T16:23:27.2464850Z           "package": "Rcpp",
2026-08-14T16:23:27.2464940Z           "op": ">=",
2026-08-14T16:23:27.2465040Z           "version": "0.12.17"
2026-08-14T16:23:27.2465100Z         },
2026-08-14T16:23:27.2465160Z         {
2026-08-14T16:23:27.2465250Z           "ref": "Rcpp",
2026-08-14T16:23:27.2465350Z           "type": "linkingto",
2026-08-14T16:23:27.2465480Z           "package": "Rcpp",
2026-08-14T16:23:27.2465640Z           "op": ">=",
2026-08-14T16:23:27.2465750Z           "version": "0.12.17"
2026-08-14T16:23:27.2465810Z         },
2026-08-14T16:23:27.2465870Z         {
2026-08-14T16:23:27.2465970Z           "ref": "RcppEigen",
2026-08-14T16:23:27.2466070Z           "type": "linkingto",
2026-08-14T16:23:27.2466180Z           "package": "RcppEigen",
2026-08-14T16:23:27.2466260Z           "op": ">=",
2026-08-14T16:23:27.2466370Z           "version": "0.3.3.4.0"
2026-08-14T16:23:27.2466430Z         },
2026-08-14T16:23:27.2466490Z         {
2026-08-14T16:23:27.2466590Z           "ref": "RcppParallel",
2026-08-14T16:23:27.2466700Z           "type": "linkingto",
2026-08-14T16:23:27.2466810Z           "package": "RcppParallel",
2026-08-14T16:23:27.2466900Z           "op": ">=",
2026-08-14T16:23:27.2466990Z           "version": "5.0.1"
2026-08-14T16:23:27.2467060Z         },
2026-08-14T16:23:27.2467110Z         {
2026-08-14T16:23:27.2467210Z           "ref": "rmarkdown",
2026-08-14T16:23:27.2467310Z           "type": "suggests",
2026-08-14T16:23:27.2467430Z           "package": "rmarkdown",
2026-08-14T16:23:27.2467500Z           "op": "",
2026-08-14T16:23:27.2467600Z           "version": ""
2026-08-14T16:23:27.2467660Z         },
2026-08-14T16:23:27.2467710Z         {
2026-08-14T16:23:27.2467800Z           "ref": "rstan",
2026-08-14T16:23:27.2467900Z           "type": "imports",
2026-08-14T16:23:27.2468000Z           "package": "rstan",
2026-08-14T16:23:27.2468080Z           "op": ">=",
2026-08-14T16:23:27.2468180Z           "version": "2.26.0"
2026-08-14T16:23:27.2468250Z         },
2026-08-14T16:23:27.2468300Z         {
2026-08-14T16:23:27.2468390Z           "ref": "rstan",
2026-08-14T16:23:27.2468490Z           "type": "linkingto",
2026-08-14T16:23:27.2468590Z           "package": "rstan",
2026-08-14T16:23:27.2468730Z           "op": ">=",
2026-08-14T16:23:27.2468830Z           "version": "2.26.0"
2026-08-14T16:23:27.2468890Z         },
2026-08-14T16:23:27.2468950Z         {
2026-08-14T16:23:27.2469050Z           "ref": "rstantools",
2026-08-14T16:23:27.2469150Z           "type": "imports",
2026-08-14T16:23:27.2469260Z           "package": "rstantools",
2026-08-14T16:23:27.2469350Z           "op": ">=",
2026-08-14T16:23:27.2469440Z           "version": "2.1.1"
2026-08-14T16:23:27.2469510Z         },
2026-08-14T16:23:27.2469560Z         {
2026-08-14T16:23:27.2469670Z           "ref": "StanHeaders",
2026-08-14T16:23:27.2469770Z           "type": "linkingto",
2026-08-14T16:23:27.2469880Z           "package": "StanHeaders",
2026-08-14T16:23:27.2469960Z           "op": ">=",
2026-08-14T16:23:27.2470060Z           "version": "2.26.0"
2026-08-14T16:23:27.2470130Z         },
2026-08-14T16:23:27.2470180Z         {
2026-08-14T16:23:27.2470270Z           "ref": "stats",
2026-08-14T16:23:27.2470380Z           "type": "imports",
2026-08-14T16:23:27.2470470Z           "package": "stats",
2026-08-14T16:23:27.2470550Z           "op": "",
2026-08-14T16:23:27.2470640Z           "version": ""
2026-08-14T16:23:27.2470710Z         },
2026-08-14T16:23:27.2470760Z         {
2026-08-14T16:23:27.2470860Z           "ref": "testthat",
2026-08-14T16:23:27.2470960Z           "type": "suggests",
2026-08-14T16:23:27.2471070Z           "package": "testthat",
2026-08-14T16:23:27.2471140Z           "op": "",
2026-08-14T16:23:27.2471230Z           "version": ""
2026-08-14T16:23:27.2471300Z         },
2026-08-14T16:23:27.2471350Z         {
2026-08-14T16:23:27.2471440Z           "ref": "utils",
2026-08-14T16:23:27.2471540Z           "type": "imports",
2026-08-14T16:23:27.2471640Z           "package": "utils",
2026-08-14T16:23:27.2471720Z           "op": "",
2026-08-14T16:23:27.2471800Z           "version": ""
2026-08-14T16:23:27.2471860Z         }
2026-08-14T16:23:27.2471910Z       ],
2026-08-14T16:23:27.2472010Z       "vignettes": false,
2026-08-14T16:23:27.2472110Z       "needscompilation": true,
2026-08-14T16:23:27.2472200Z       "metadata": {
2026-08-14T16:23:27.2472300Z         "RemoteType": "any",
2026-08-14T16:23:27.2472490Z         "RemotePkgRef": "any::baggr",
2026-08-14T16:23:27.2472610Z         "RemoteRef": "any::baggr",
2026-08-14T16:23:27.2472770Z         "RemoteRepos": "https://cran.rstudio.com",
2026-08-14T16:23:27.2472940Z         "RemotePkgPlatform": "aarch64-apple-darwin23",
2026-08-14T16:23:27.2473040Z         "RemoteSha": "0.8.2"
2026-08-14T16:23:27.2473100Z       },
2026-08-14T16:23:27.2473730Z       "sources": ["https://cran.rstudio.com/bin/macosx/sonoma-arm64/contrib/4.6/baggr_0.8.2.tgz", "https://mac.cran.dev/bin/macosx/sonoma-arm64/contrib/4.6/baggr_0.8.2.tgz"],
2026-08-14T16:23:27.2473950Z       "target": "bin/macosx/sonoma-arm64/contrib/4.6/baggr_0.8.2.tgz",
2026-08-14T16:23:27.2474090Z       "platform": "aarch64-apple-darwin23",
2026-08-14T16:23:27.2474180Z       "rversion": "4.6",
2026-08-14T16:23:27.2474430Z       "built": "R 4.6.0; aarch64-apple-darwin23; 2026-06-16 08:14:29 UTC; unix",
2026-08-14T16:23:27.2474530Z       "directpkg": true,
2026-08-14T16:23:27.2474640Z       "license": "GPL (>= 3)",
2026-08-14T16:23:27.2474950Z       "sha256": "\n        e53bfe4da6f0f8e4c3cd0c6c8e1bc3179fc1d122564473ec57396389696e533e",
2026-08-14T16:23:27.2475120Z       "dep_types": ["Depends", "Imports", "LinkingTo"],
2026-08-14T16:23:27.2475200Z       "params": [],
2026-08-14T16:23:27.2475290Z       "install_args": [],
2026-08-14T16:23:27.2475380Z       "repotype": "cran"
2026-08-14T16:23:27.2475430Z     },
2026-08-14T16:23:27.2475470Z     {
2026-08-14T16:23:27.2475570Z       "ref": "bayesplot",
2026-08-14T16:23:27.2475670Z       "package": "bayesplot",
2026-08-14T16:23:27.2475760Z       "version": "1.15.0",
2026-08-14T16:23:27.2475850Z       "type": "standard",
2026-08-14T16:23:27.2475940Z       "direct": false,
2026-08-14T16:23:27.2476030Z       "binary": true,
2026-08-14T16:23:27.2476470Z       "dependencies": ["dplyr", "ggplot2", "ggridges", "glue", "posterior", "reshape2", "rlang", "tibble", "tidyr", "tidyselect"],
2026-08-14T16:23:27.2476590Z       "deps": [
2026-08-14T16:23:27.2476650Z         {
2026-08-14T16:23:27.2476740Z           "ref": "dplyr",
2026-08-14T16:23:27.2476840Z           "type": "imports",
2026-08-14T16:23:27.2476940Z           "package": "dplyr",
2026-08-14T16:23:27.2477020Z           "op": ">=",
2026-08-14T16:23:27.2477120Z           "version": "0.8.0"
2026-08-14T16:23:27.2477180Z         },
2026-08-14T16:23:27.2477240Z         {
2026-08-14T16:23:27.2477330Z           "ref": "ggdist",
2026-08-14T16:23:27.2477430Z           "type": "suggests",
2026-08-14T16:23:27.2477530Z           "package": "ggdist",
2026-08-14T16:23:27.2477610Z           "op": "",
2026-08-14T16:23:27.2477700Z           "version": ""
2026-08-14T16:23:27.2477760Z         },
2026-08-14T16:23:27.2477820Z         {
2026-08-14T16:23:27.2477920Z           "ref": "ggfortify",
2026-08-14T16:23:27.2478010Z           "type": "suggests",
2026-08-14T16:23:27.2478130Z           "package": "ggfortify",
2026-08-14T16:23:27.2478200Z           "op": "",
2026-08-14T16:23:27.2478290Z           "version": ""
2026-08-14T16:23:27.2478360Z         },
2026-08-14T16:23:27.2478410Z         {
2026-08-14T16:23:27.2478510Z           "ref": "ggplot2",
2026-08-14T16:23:27.2478610Z           "type": "imports",
2026-08-14T16:23:27.2478710Z           "package": "ggplot2",
2026-08-14T16:23:27.2478790Z           "op": ">=",
2026-08-14T16:23:27.2478890Z           "version": "3.4.0"
2026-08-14T16:23:27.2478960Z         },
2026-08-14T16:23:27.2479010Z         {
2026-08-14T16:23:27.2479110Z           "ref": "ggridges",
2026-08-14T16:23:27.2479200Z           "type": "imports",
2026-08-14T16:23:27.2479310Z           "package": "ggridges",
2026-08-14T16:23:27.2479390Z           "op": ">=",
2026-08-14T16:23:27.2481910Z           "version": "0.5.5"
2026-08-14T16:23:27.2481980Z         },
2026-08-14T16:23:27.2482030Z         {
2026-08-14T16:23:27.2482120Z           "ref": "glue",
2026-08-14T16:23:27.2482220Z           "type": "imports",
2026-08-14T16:23:27.2482320Z           "package": "glue",
2026-08-14T16:23:27.2482400Z           "op": "",
2026-08-14T16:23:27.2482570Z           "version": ""
2026-08-14T16:23:27.2482640Z         },
2026-08-14T16:23:27.2482690Z         {
2026-08-14T16:23:27.2482790Z           "ref": "gridExtra",
2026-08-14T16:23:27.2482890Z           "type": "suggests",
2026-08-14T16:23:27.2483000Z           "package": "gridExtra",
2026-08-14T16:23:27.2483080Z           "op": ">=",
2026-08-14T16:23:27.2483180Z           "version": "2.2.1"
2026-08-14T16:23:27.2483250Z         },
2026-08-14T16:23:27.2483300Z         {
2026-08-14T16:23:27.2483390Z           "ref": "hexbin",
2026-08-14T16:23:27.2483490Z           "type": "suggests",
2026-08-14T16:23:27.2483590Z           "package": "hexbin",
2026-08-14T16:23:27.2483670Z           "op": "",
2026-08-14T16:23:27.2483760Z           "version": ""
2026-08-14T16:23:27.2483820Z         },
2026-08-14T16:23:27.2483880Z         {
2026-08-14T16:23:27.2483970Z           "ref": "knitr",
2026-08-14T16:23:27.2484070Z           "type": "suggests",
2026-08-14T16:23:27.2484170Z           "package": "knitr",
2026-08-14T16:23:27.2484250Z           "op": ">=",
2026-08-14T16:23:27.2484350Z           "version": "1.16"
2026-08-14T16:23:27.2484410Z         },
2026-08-14T16:23:27.2484470Z         {
2026-08-14T16:23:27.2484550Z           "ref": "loo",
2026-08-14T16:23:27.2484650Z           "type": "suggests",
2026-08-14T16:23:27.2484750Z           "package": "loo",
2026-08-14T16:23:27.2484830Z           "op": ">=",
2026-08-14T16:23:27.2484930Z           "version": "2.0.0"
2026-08-14T16:23:27.2484990Z         },
2026-08-14T16:23:27.2485040Z         {
2026-08-14T16:23:27.2485140Z           "ref": "posterior",
2026-08-14T16:23:27.2485240Z           "type": "imports",
2026-08-14T16:23:27.2485350Z           "package": "posterior",
2026-08-14T16:23:27.2485430Z           "op": "",
2026-08-14T16:23:27.2485520Z           "version": ""
2026-08-14T16:23:27.2485630Z         },
2026-08-14T16:23:27.2485680Z         {
2026-08-14T16:23:27.2485760Z           "ref": "R",
2026-08-14T16:23:27.2485860Z           "type": "depends",
2026-08-14T16:23:27.2485960Z           "package": "R",
2026-08-14T16:23:27.2486040Z           "op": ">=",
2026-08-14T16:23:27.2486130Z           "version": "4.1.0"
2026-08-14T16:23:27.2486200Z         },
2026-08-14T16:23:27.2486250Z         {
2026-08-14T16:23:27.2486360Z           "ref": "RColorBrewer",
2026-08-14T16:23:27.2486460Z           "type": "suggests",
2026-08-14T16:23:27.2486580Z           "package": "RColorBrewer",
2026-08-14T16:23:27.2486660Z           "op": "",
2026-08-14T16:23:27.2486740Z           "version": ""
2026-08-14T16:23:27.2486880Z         },
2026-08-14T16:23:27.2486940Z         {
2026-08-14T16:23:27.2487050Z           "ref": "reshape2",
2026-08-14T16:23:27.2487150Z           "type": "imports",
2026-08-14T16:23:27.2487260Z           "package": "reshape2",
2026-08-14T16:23:27.2487340Z           "op": "",
2026-08-14T16:23:27.2487430Z           "version": ""
2026-08-14T16:23:27.2487490Z         },
2026-08-14T16:23:27.2487550Z         {
2026-08-14T16:23:27.2487640Z           "ref": "rlang",
2026-08-14T16:23:27.2487740Z           "type": "imports",
2026-08-14T16:23:27.2487840Z           "package": "rlang",
2026-08-14T16:23:27.2487920Z           "op": ">=",
2026-08-14T16:23:27.2488020Z           "version": "0.3.0"
2026-08-14T16:23:27.2488080Z         },
2026-08-14T16:23:27.2488140Z         {
2026-08-14T16:23:27.2488240Z           "ref": "rmarkdown",
2026-08-14T16:23:27.2488340Z           "type": "suggests",
2026-08-14T16:23:27.2488440Z           "package": "rmarkdown",
2026-08-14T16:23:27.2488530Z           "op": ">=",
2026-08-14T16:23:27.2488620Z           "version": "1.0.0"
2026-08-14T16:23:27.2488690Z         },
2026-08-14T16:23:27.2488740Z         {
2026-08-14T16:23:27.2488830Z           "ref": "rstan",
2026-08-14T16:23:27.2488930Z           "type": "suggests",
2026-08-14T16:23:27.2489030Z           "package": "rstan",
2026-08-14T16:23:27.2489110Z           "op": ">=",
2026-08-14T16:23:27.2489210Z           "version": "2.17.1"
2026-08-14T16:23:27.2489270Z         },
2026-08-14T16:23:27.2489330Z         {
2026-08-14T16:23:27.2489480Z           "ref": "rstanarm",
2026-08-14T16:23:27.2489580Z           "type": "suggests",
2026-08-14T16:23:27.2489690Z           "package": "rstanarm",
2026-08-14T16:23:27.2489770Z           "op": ">=",
2026-08-14T16:23:27.2489870Z           "version": "2.17.4"
2026-08-14T16:23:27.2489940Z         },
2026-08-14T16:23:27.2489990Z         {
2026-08-14T16:23:27.2490090Z           "ref": "rstantools",
2026-08-14T16:23:27.2490190Z           "type": "suggests",
2026-08-14T16:23:27.2490300Z           "package": "rstantools",
2026-08-14T16:23:27.2490380Z           "op": ">=",
2026-08-14T16:23:27.2490480Z           "version": "1.5.0"
2026-08-14T16:23:27.2490550Z         },
2026-08-14T16:23:27.2490600Z         {
2026-08-14T16:23:27.2490690Z           "ref": "scales",
2026-08-14T16:23:27.2490790Z           "type": "suggests",
2026-08-14T16:23:27.2490900Z           "package": "scales",
2026-08-14T16:23:27.2490970Z           "op": "",
2026-08-14T16:23:27.2491060Z           "version": ""
2026-08-14T16:23:27.2491130Z         },
2026-08-14T16:23:27.2491180Z         {
2026-08-14T16:23:27.2491280Z           "ref": "shinystan",
2026-08-14T16:23:27.2491380Z           "type": "suggests",
2026-08-14T16:23:27.2491490Z           "package": "shinystan",
2026-08-14T16:23:27.2491570Z           "op": ">=",
2026-08-14T16:23:27.2491670Z           "version": "2.3.0"
2026-08-14T16:23:27.2491730Z         },
2026-08-14T16:23:27.2491790Z         {
2026-08-14T16:23:27.2491880Z           "ref": "stats",
2026-08-14T16:23:27.2491970Z           "type": "imports",
2026-08-14T16:23:27.2492070Z           "package": "stats",
2026-08-14T16:23:27.2492150Z           "op": "",
2026-08-14T16:23:27.2492240Z           "version": ""
2026-08-14T16:23:27.2492300Z         },
2026-08-14T16:23:27.2492360Z         {
2026-08-14T16:23:27.2492450Z           "ref": "survival",
2026-08-14T16:23:27.2492620Z           "type": "suggests",
2026-08-14T16:23:27.2492730Z           "package": "survival",
2026-08-14T16:23:27.2492810Z           "op": "",
2026-08-14T16:23:27.2492900Z           "version": ""
2026-08-14T16:23:27.2492970Z         },
2026-08-14T16:23:27.2493020Z         {
2026-08-14T16:23:27.2493120Z           "ref": "testthat",
2026-08-14T16:23:27.2493220Z           "type": "suggests",
2026-08-14T16:23:27.2493320Z           "package": "testthat",
2026-08-14T16:23:27.2493410Z           "op": ">=",
2026-08-14T16:23:27.2493500Z           "version": "3.0.0"
2026-08-14T16:23:27.2493570Z         },
2026-08-14T16:23:27.2493620Z         {
2026-08-14T16:23:27.2493720Z           "ref": "tibble",
2026-08-14T16:23:27.2493810Z           "type": "imports",
2026-08-14T16:23:27.2493910Z           "package": "tibble",
2026-08-14T16:23:27.2494000Z           "op": ">=",
2026-08-14T16:23:27.2494090Z           "version": "2.0.0"
2026-08-14T16:23:27.2494160Z         },
2026-08-14T16:23:27.2494220Z         {
2026-08-14T16:23:27.2494310Z           "ref": "tidyr",
2026-08-14T16:23:27.2494400Z           "type": "imports",
2026-08-14T16:23:27.2494500Z           "package": "tidyr",
2026-08-14T16:23:27.2494580Z           "op": "",
2026-08-14T16:23:27.2494670Z           "version": ""
2026-08-14T16:23:27.2494740Z         },
2026-08-14T16:23:27.2494790Z         {
2026-08-14T16:23:27.2494890Z           "ref": "tidyselect",
2026-08-14T16:23:27.2494990Z           "type": "imports",
2026-08-14T16:23:27.2495100Z           "package": "tidyselect",
2026-08-14T16:23:27.2495190Z           "op": "",
2026-08-14T16:23:27.2495270Z           "version": ""
2026-08-14T16:23:27.2495340Z         },
2026-08-14T16:23:27.2495390Z         {
2026-08-14T16:23:27.2495480Z           "ref": "utils",
2026-08-14T16:23:27.2495580Z           "type": "imports",
2026-08-14T16:23:27.2495680Z           "package": "utils",
2026-08-14T16:23:27.2495760Z           "op": "",
2026-08-14T16:23:27.2495840Z           "version": ""
2026-08-14T16:23:27.2495910Z         },
2026-08-14T16:23:27.2495960Z         {
2026-08-14T16:23:27.2496060Z           "ref": "vdiffr",
2026-08-14T16:23:27.2496160Z           "type": "suggests",
2026-08-14T16:23:27.2496300Z           "package": "vdiffr",
2026-08-14T16:23:27.2496390Z           "op": ">=",
2026-08-14T16:23:27.2496480Z           "version": "1.0.2"
2026-08-14T16:23:27.2496540Z         }
2026-08-14T16:23:27.2496590Z       ],
2026-08-14T16:23:27.2496690Z       "vignettes": false,
2026-08-14T16:23:27.2496800Z       "needscompilation": false,
2026-08-14T16:23:27.2496880Z       "metadata": {
2026-08-14T16:23:27.2496990Z         "RemoteType": "standard",
2026-08-14T16:23:27.2497110Z         "RemotePkgRef": "bayesplot",
2026-08-14T16:23:27.2497220Z         "RemoteRef": "bayesplot",
2026-08-14T16:23:27.2497380Z         "RemoteRepos": "https://cran.rstudio.com",
2026-08-14T16:23:27.2497550Z         "RemotePkgPlatform": "aarch64-apple-darwin23",
2026-08-14T16:23:27.2497650Z         "RemoteSha": "1.15.0"
2026-08-14T16:23:27.2497710Z       },
2026-08-14T16:23:27.2498380Z       "sources": ["https://cran.rstudio.com/bin/macosx/sonoma-arm64/contrib/4.6/bayesplot_1.15.0.tgz", "https://mac.cran.dev/bin/macosx/sonoma-arm64/contrib/4.6/bayesplot_1.15.0.tgz"],
2026-08-14T16:23:27.2498630Z       "target": "bin/macosx/sonoma-arm64/contrib/4.6/bayesplot_1.15.0.tgz",
2026-08-14T16:23:27.2498770Z       "platform": "aarch64-apple-darwin23",
2026-08-14T16:23:27.2498860Z       "rversion": "4.6",
2026-08-14T16:23:27.2499030Z       "built": "R 4.6.0; ; 2026-04-26 16:06:34 UTC; unix",
2026-08-14T16:23:27.2499120Z       "directpkg": false,
2026-08-14T16:23:27.2499230Z       "license": "GPL (>= 3)",
2026-08-14T16:23:27.2499530Z       "sha256": "\n        cc26e532f18b9131d0ecbf4fd46660d2df42c7a8475e1c2a14dbf1d5b042cad6",
2026-08-14T16:23:27.2499700Z       "dep_types": ["Depends", "Imports", "LinkingTo"],
2026-08-14T16:23:27.2499780Z       "params": [],
2026-08-14T16:23:27.2499880Z       "install_args": [],
2026-08-14T16:23:27.2499970Z       "repotype": "cran"
2026-08-14T16:23:27.2500060Z     },
2026-08-14T16:23:27.2500110Z     {
2026-08-14T16:23:27.2500200Z       "ref": "checkmate",
2026-08-14T16:23:27.2500300Z       "package": "checkmate",
2026-08-14T16:23:27.2500520Z       "version": "2.3.4",
2026-08-14T16:23:27.2500620Z       "type": "standard",
2026-08-14T16:23:27.2500710Z       "direct": false,
2026-08-14T16:23:27.2500820Z       "binary": true,
2026-08-14T16:23:27.2500970Z       "dependencies": ["backports"],
2026-08-14T16:23:27.2501060Z       "deps": [
2026-08-14T16:23:27.2501130Z         {
2026-08-14T16:23:27.2501250Z           "ref": "backports",
2026-08-14T16:23:27.2501350Z           "type": "imports",
2026-08-14T16:23:27.2501470Z           "package": "backports",
2026-08-14T16:23:27.2501560Z           "op": ">=",
2026-08-14T16:23:27.2501660Z           "version": "1.1.0"
2026-08-14T16:23:27.2501720Z         },
2026-08-14T16:23:27.2501780Z         {
2026-08-14T16:23:27.2501880Z           "ref": "data.table",
2026-08-14T16:23:27.2501980Z           "type": "suggests",
2026-08-14T16:23:27.2502090Z           "package": "data.table",
2026-08-14T16:23:27.2502180Z           "op": ">=",
2026-08-14T16:23:27.2502270Z           "version": "1.9.8"
2026-08-14T16:23:27.2502340Z         },
2026-08-14T16:23:27.2502390Z         {
2026-08-14T16:23:27.2502490Z           "ref": "devtools",
2026-08-14T16:23:27.2502590Z           "type": "suggests",
2026-08-14T16:23:27.2502700Z           "package": "devtools",
2026-08-14T16:23:27.2502780Z           "op": "",
2026-08-14T16:23:27.2502870Z           "version": ""
2026-08-14T16:23:27.2502930Z         },
2026-08-14T16:23:27.2502990Z         {
2026-08-14T16:23:27.2503080Z           "ref": "fastmatch",
2026-08-14T16:23:27.2503180Z           "type": "suggests",
2026-08-14T16:23:27.2503290Z           "package": "fastmatch",
2026-08-14T16:23:27.2503370Z           "op": "",
2026-08-14T16:23:27.2503460Z           "version": ""
2026-08-14T16:23:27.2503520Z         },
2026-08-14T16:23:27.2503580Z         {
2026-08-14T16:23:27.2503670Z           "ref": "ggplot2",
2026-08-14T16:23:27.2503770Z           "type": "suggests",
2026-08-14T16:23:27.2503880Z           "package": "ggplot2",
2026-08-14T16:23:27.2503960Z           "op": "",
2026-08-14T16:23:27.2504120Z           "version": ""
2026-08-14T16:23:27.2504190Z         },
2026-08-14T16:23:27.2504250Z         {
2026-08-14T16:23:27.2504340Z           "ref": "knitr",
2026-08-14T16:23:27.2504440Z           "type": "suggests",
2026-08-14T16:23:27.2504540Z           "package": "knitr",
2026-08-14T16:23:27.2504620Z           "op": "",
2026-08-14T16:23:27.2504710Z           "version": ""
2026-08-14T16:23:27.2504770Z         },
2026-08-14T16:23:27.2504830Z         {
2026-08-14T16:23:27.2504920Z           "ref": "magrittr",
2026-08-14T16:23:27.2505020Z           "type": "suggests",
2026-08-14T16:23:27.2505130Z           "package": "magrittr",
2026-08-14T16:23:27.2505210Z           "op": "",
2026-08-14T16:23:27.2505290Z           "version": ""
2026-08-14T16:23:27.2505360Z         },
2026-08-14T16:23:27.2505420Z         {
2026-08-14T16:23:27.2505530Z           "ref": "microbenchmark",
2026-08-14T16:23:27.2505630Z           "type": "suggests",
2026-08-14T16:23:27.2505750Z           "package": "microbenchmark",
2026-08-14T16:23:27.2505830Z           "op": "",
2026-08-14T16:23:27.2505920Z           "version": ""
2026-08-14T16:23:27.2505990Z         },
2026-08-14T16:23:27.2506040Z         {
2026-08-14T16:23:27.2506120Z           "ref": "R",
2026-08-14T16:23:27.2506220Z           "type": "depends",
2026-08-14T16:23:27.2506310Z           "package": "R",
2026-08-14T16:23:27.2506400Z           "op": ">=",
2026-08-14T16:23:27.2506490Z           "version": "3.0.0"
2026-08-14T16:23:27.2506560Z         },
2026-08-14T16:23:27.2506620Z         {
2026-08-14T16:23:27.2506700Z           "ref": "R6",
2026-08-14T16:23:27.2506800Z           "type": "suggests",
2026-08-14T16:23:27.2506890Z           "package": "R6",
2026-08-14T16:23:27.2506970Z           "op": "",
2026-08-14T16:23:27.2507090Z           "version": ""
2026-08-14T16:23:27.2507220Z         },
2026-08-14T16:23:27.2507280Z         {
2026-08-14T16:23:27.2507380Z           "ref": "rmarkdown",
2026-08-14T16:23:27.2507490Z           "type": "suggests",
2026-08-14T16:23:27.2507610Z           "package": "rmarkdown",
2026-08-14T16:23:27.2507690Z           "op": "",
2026-08-14T16:23:27.2507780Z           "version": ""
2026-08-14T16:23:27.2507850Z         },
2026-08-14T16:23:27.2507900Z         {
2026-08-14T16:23:27.2508000Z           "ref": "testthat",
2026-08-14T16:23:27.2508100Z           "type": "suggests",
2026-08-14T16:23:27.2508200Z           "package": "testthat",
2026-08-14T16:23:27.2508290Z           "op": ">=",
2026-08-14T16:23:27.2508380Z           "version": "3.0.4"
2026-08-14T16:23:27.2508450Z         },
2026-08-14T16:23:27.2508500Z         {
2026-08-14T16:23:27.2508590Z           "ref": "tibble",
2026-08-14T16:23:27.2508690Z           "type": "suggests",
2026-08-14T16:23:27.2508790Z           "package": "tibble",
2026-08-14T16:23:27.2508870Z           "op": "",
2026-08-14T16:23:27.2508960Z           "version": ""
2026-08-14T16:23:27.2509030Z         },
2026-08-14T16:23:27.2509080Z         {
2026-08-14T16:23:27.2509180Z           "ref": "tinytest",
2026-08-14T16:23:27.2509280Z           "type": "suggests",
2026-08-14T16:23:27.2509380Z           "package": "tinytest",
2026-08-14T16:23:27.2509470Z           "op": ">=",
2026-08-14T16:23:27.2509560Z           "version": "1.1.0"
2026-08-14T16:23:27.2509630Z         },
2026-08-14T16:23:27.2509680Z         {
2026-08-14T16:23:27.2509770Z           "ref": "utils",
2026-08-14T16:23:27.2509870Z           "type": "imports",
2026-08-14T16:23:27.2509970Z           "package": "utils",
2026-08-14T16:23:27.2510040Z           "op": "",
2026-08-14T16:23:27.2510130Z           "version": ""
2026-08-14T16:23:27.2510190Z         }
2026-08-14T16:23:27.2510240Z       ],
2026-08-14T16:23:27.2510330Z       "vignettes": false,
2026-08-14T16:23:27.2510440Z       "needscompilation": true,
2026-08-14T16:23:27.2510650Z       "metadata": {
2026-08-14T16:23:27.2510910Z         "RemoteType": "standard",
2026-08-14T16:23:27.2511060Z         "RemotePkgRef": "checkmate",
2026-08-14T16:23:27.2511170Z         "RemoteRef": "checkmate",
2026-08-14T16:23:27.2511500Z         "RemoteRepos": "https://cran.rstudio.com",
2026-08-14T16:23:27.2511680Z         "RemotePkgPlatform": "aarch64-apple-darwin23",
2026-08-14T16:23:27.2511790Z         "RemoteSha": "2.3.4"
2026-08-14T16:23:27.2511850Z       },
2026-08-14T16:23:27.2512510Z       "sources": ["https://cran.rstudio.com/bin/macosx/sonoma-arm64/contrib/4.6/checkmate_2.3.4.tgz", "https://mac.cran.dev/bin/macosx/sonoma-arm64/contrib/4.6/checkmate_2.3.4.tgz"],
2026-08-14T16:23:27.2512750Z       "target": "bin/macosx/sonoma-arm64/contrib/4.6/checkmate_2.3.4.tgz",
2026-08-14T16:23:27.2512890Z       "platform": "aarch64-apple-darwin23",
2026-08-14T16:23:27.2512980Z       "rversion": "4.6",
2026-08-14T16:23:27.2513240Z       "built": "R 4.6.0; aarch64-apple-darwin23; 2026-04-25 15:45:36 UTC; unix",
2026-08-14T16:23:27.2513330Z       "directpkg": false,
2026-08-14T16:23:27.2513480Z       "license": "BSD_3_clause + file LICENSE",
2026-08-14T16:23:27.2513780Z       "sha256": "\n        f05cd8990d5e2522f58481a9ff3e54729214b8449549479556f95a80e6245b51",
2026-08-14T16:23:27.2513950Z       "dep_types": ["Depends", "Imports", "LinkingTo"],
2026-08-14T16:23:27.2514030Z       "params": [],
2026-08-14T16:23:27.2514130Z       "install_args": [],
2026-08-14T16:23:27.2514220Z       "repotype": "cran"
2026-08-14T16:23:27.2514270Z     },
2026-08-14T16:23:27.2514310Z     {
2026-08-14T16:23:27.2514420Z       "ref": "distributional",
2026-08-14T16:23:27.2514530Z       "package": "distributional",
2026-08-14T16:23:27.2514630Z       "version": "0.8.1",
2026-08-14T16:23:27.2514720Z       "type": "standard",
2026-08-14T16:23:27.2514800Z       "direct": false,
2026-08-14T16:23:27.2514890Z       "binary": true,
2026-08-14T16:23:27.2515180Z       "dependencies": ["generics", "lifecycle", "numDeriv", "pillar", "rlang", "vctrs"],
2026-08-14T16:23:27.2515250Z       "deps": [
2026-08-14T16:23:27.2515380Z         {
2026-08-14T16:23:27.2515470Z           "ref": "actuar",
2026-08-14T16:23:27.2515570Z           "type": "suggests",
2026-08-14T16:23:27.2515680Z           "package": "actuar",
2026-08-14T16:23:27.2515760Z           "op": ">=",
2026-08-14T16:23:27.2515860Z           "version": "2.0.0"
2026-08-14T16:23:27.2515920Z         },
2026-08-14T16:23:27.2515980Z         {
2026-08-14T16:23:27.2516070Z           "ref": "covr",
2026-08-14T16:23:27.2516170Z           "type": "suggests",
2026-08-14T16:23:27.2516260Z           "package": "covr",
2026-08-14T16:23:27.2516340Z           "op": "",
2026-08-14T16:23:27.2516430Z           "version": ""
2026-08-14T16:23:27.2516500Z         },
2026-08-14T16:23:27.2516550Z         {
2026-08-14T16:23:27.2516640Z           "ref": "evd",
2026-08-14T16:23:27.2516740Z           "type": "suggests",
2026-08-14T16:23:27.2516830Z           "package": "evd",
2026-08-14T16:23:27.2516910Z           "op": "",
2026-08-14T16:23:27.2517000Z           "version": ""
2026-08-14T16:23:27.2517070Z         },
2026-08-14T16:23:27.2517120Z         {
2026-08-14T16:23:27.2517220Z           "ref": "generics",
2026-08-14T16:23:27.2517430Z           "type": "imports",
2026-08-14T16:23:27.2517560Z           "package": "generics",
2026-08-14T16:23:27.2517650Z           "op": "",
2026-08-14T16:23:27.2517750Z           "version": ""
2026-08-14T16:23:27.2517830Z         },
2026-08-14T16:23:27.2517890Z         {
2026-08-14T16:23:27.2517980Z           "ref": "ggdist",
2026-08-14T16:23:27.2518080Z           "type": "suggests",
2026-08-14T16:23:27.2518180Z           "package": "ggdist",
2026-08-14T16:23:27.2518260Z           "op": "",
2026-08-14T16:23:27.2518340Z           "version": ""
2026-08-14T16:23:27.2518410Z         },
2026-08-14T16:23:27.2518460Z         {
2026-08-14T16:23:27.2518560Z           "ref": "ggplot2",
2026-08-14T16:23:27.2518660Z           "type": "suggests",
2026-08-14T16:23:27.2518760Z           "package": "ggplot2",
2026-08-14T16:23:27.2518840Z           "op": "",
2026-08-14T16:23:27.2518930Z           "version": ""
2026-08-14T16:23:27.2518990Z         },
2026-08-14T16:23:27.2519050Z         {
2026-08-14T16:23:27.2519140Z           "ref": "gk",
2026-08-14T16:23:27.2519290Z           "type": "suggests",
2026-08-14T16:23:27.2519390Z           "package": "gk",
2026-08-14T16:23:27.2519470Z           "op": "",
2026-08-14T16:23:27.2519560Z           "version": ""
2026-08-14T16:23:27.2519620Z         },
2026-08-14T16:23:27.2519680Z         {
2026-08-14T16:23:27.2519790Z           "ref": "LaplacesDemon",
2026-08-14T16:23:27.2519890Z           "type": "suggests",
2026-08-14T16:23:27.2520010Z           "package": "LaplacesDemon",
2026-08-14T16:23:27.2520090Z           "op": "",
2026-08-14T16:23:27.2520180Z           "version": ""
2026-08-14T16:23:27.2520240Z         },
2026-08-14T16:23:27.2520290Z         {
2026-08-14T16:23:27.2520390Z           "ref": "lifecycle",
2026-08-14T16:23:27.2520490Z           "type": "imports",
2026-08-14T16:23:27.2520600Z           "package": "lifecycle",
2026-08-14T16:23:27.2520680Z           "op": "",
2026-08-14T16:23:27.2520770Z           "version": ""
2026-08-14T16:23:27.2520840Z         },
2026-08-14T16:23:27.2520890Z         {
2026-08-14T16:23:27.2520980Z           "ref": "mvtnorm",
2026-08-14T16:23:27.2521120Z           "type": "suggests",
2026-08-14T16:23:27.2521220Z           "package": "mvtnorm",
2026-08-14T16:23:27.2521300Z           "op": "",
2026-08-14T16:23:27.2521390Z           "version": ""
2026-08-14T16:23:27.2522090Z         },
2026-08-14T16:23:27.2522150Z         {
2026-08-14T16:23:27.2522240Z           "ref": "numDeriv",
2026-08-14T16:23:27.2522340Z           "type": "imports",
2026-08-14T16:23:27.2522450Z           "package": "numDeriv",
2026-08-14T16:23:27.2522530Z           "op": "",
2026-08-14T16:23:27.2522620Z           "version": ""
2026-08-14T16:23:27.2522680Z         },
2026-08-14T16:23:27.2522740Z         {
2026-08-14T16:23:27.2522830Z           "ref": "pillar",
2026-08-14T16:23:27.2522930Z           "type": "imports",
2026-08-14T16:23:27.2523220Z           "package": "pillar",
2026-08-14T16:23:27.2523300Z           "op": "",
2026-08-14T16:23:27.2523390Z           "version": ""
2026-08-14T16:23:27.2523460Z         },
2026-08-14T16:23:27.2523510Z         {
2026-08-14T16:23:27.2523610Z           "ref": "pkgdown",
2026-08-14T16:23:27.2523710Z           "type": "suggests",
2026-08-14T16:23:27.2523810Z           "package": "pkgdown",
2026-08-14T16:23:27.2523890Z           "op": "",
2026-08-14T16:23:27.2523980Z           "version": ""
2026-08-14T16:23:27.2524050Z         },
2026-08-14T16:23:27.2524100Z         {
2026-08-14T16:23:27.2524180Z           "ref": "R",
2026-08-14T16:23:27.2524280Z           "type": "depends",
2026-08-14T16:23:27.2524370Z           "package": "R",
2026-08-14T16:23:27.2524460Z           "op": ">=",
2026-08-14T16:23:27.2524550Z           "version": "4.0.0"
2026-08-14T16:23:27.2524620Z         },
2026-08-14T16:23:27.2524670Z         {
2026-08-14T16:23:27.2524760Z           "ref": "rlang",
2026-08-14T16:23:27.2524860Z           "type": "imports",
2026-08-14T16:23:27.2524960Z           "package": "rlang",
2026-08-14T16:23:27.2525050Z           "op": ">=",
2026-08-14T16:23:27.2525150Z           "version": "0.4.5"
2026-08-14T16:23:27.2525210Z         },
2026-08-14T16:23:27.2525270Z         {
2026-08-14T16:23:27.2525360Z           "ref": "stats",
2026-08-14T16:23:27.2525460Z           "type": "imports",
2026-08-14T16:23:27.2525550Z           "package": "stats",
2026-08-14T16:23:27.2525630Z           "op": "",
2026-08-14T16:23:27.2525720Z           "version": ""
2026-08-14T16:23:27.2525780Z         },
2026-08-14T16:23:27.2525840Z         {
2026-08-14T16:23:27.2525940Z           "ref": "testthat",
2026-08-14T16:23:27.2526030Z           "type": "suggests",
2026-08-14T16:23:27.2526140Z           "package": "testthat",
2026-08-14T16:23:27.2526220Z           "op": ">=",
2026-08-14T16:23:27.2526320Z           "version": "2.1.0"
2026-08-14T16:23:27.2526380Z         },
2026-08-14T16:23:27.2526440Z         {
2026-08-14T16:23:27.2526530Z           "ref": "utils",
2026-08-14T16:23:27.2526620Z           "type": "imports",
2026-08-14T16:23:27.2526720Z           "package": "utils",
2026-08-14T16:23:27.2526850Z           "op": "",
2026-08-14T16:23:27.2527010Z           "version": ""
2026-08-14T16:23:27.2527070Z         },
2026-08-14T16:23:27.2527130Z         {
2026-08-14T16:23:27.2527220Z           "ref": "vctrs",
2026-08-14T16:23:27.2527320Z           "type": "imports",
2026-08-14T16:23:27.2527410Z           "package": "vctrs",
2026-08-14T16:23:27.2527500Z           "op": ">=",
2026-08-14T16:23:27.2527590Z           "version": "0.3.0"
2026-08-14T16:23:27.2527640Z         }
2026-08-14T16:23:27.2527690Z       ],
2026-08-14T16:23:27.2527780Z       "vignettes": false,
2026-08-14T16:23:27.2527900Z       "needscompilation": false,
2026-08-14T16:23:27.2527980Z       "metadata": {
2026-08-14T16:23:27.2528090Z         "RemoteType": "standard",
2026-08-14T16:23:27.2528220Z         "RemotePkgRef": "distributional",
2026-08-14T16:23:27.2528340Z         "RemoteRef": "distributional",
2026-08-14T16:23:27.2528500Z         "RemoteRepos": "https://cran.rstudio.com",
2026-08-14T16:23:27.2528680Z         "RemotePkgPlatform": "aarch64-apple-darwin23",
2026-08-14T16:23:27.2528780Z         "RemoteSha": "0.8.1"
2026-08-14T16:23:27.2528840Z       },
2026-08-14T16:23:27.2529540Z       "sources": ["https://cran.rstudio.com/bin/macosx/sonoma-arm64/contrib/4.6/distributional_0.8.1.tgz", "https://mac.cran.dev/bin/macosx/sonoma-arm64/contrib/4.6/distributional_0.8.1.tgz"],
2026-08-14T16:23:27.2529810Z       "target": "bin/macosx/sonoma-arm64/contrib/4.6/distributional_0.8.1.tgz",
2026-08-14T16:23:27.2529940Z       "platform": "aarch64-apple-darwin23",
2026-08-14T16:23:27.2530030Z       "rversion": "4.6",
2026-08-14T16:23:27.2530200Z       "built": "R 4.6.1; ; 2026-06-27 13:57:08 UTC; unix",
2026-08-14T16:23:27.2530300Z       "directpkg": false,
2026-08-14T16:23:27.2530390Z       "license": "GPL-3",
2026-08-14T16:23:27.2533580Z       "sha256": "\n        9c35457c1dff811410de9a9243be8776fa299165d537e15b66dc6df9c7104992",
2026-08-14T16:23:27.2533840Z       "dep_types": ["Depends", "Imports", "LinkingTo"],
2026-08-14T16:23:27.2533930Z       "params": [],
2026-08-14T16:23:27.2534020Z       "install_args": [],
2026-08-14T16:23:27.2534120Z       "repotype": "cran"
2026-08-14T16:23:27.2534160Z     },
2026-08-14T16:23:27.2534210Z     {
2026-08-14T16:23:27.2534300Z       "ref": "forestplot",
2026-08-14T16:23:27.2534410Z       "package": "forestplot",
2026-08-14T16:23:27.2534500Z       "version": "3.2.0",
2026-08-14T16:23:27.2534590Z       "type": "standard",
2026-08-14T16:23:27.2534680Z       "direct": false,
2026-08-14T16:23:27.2534760Z       "binary": true,
2026-08-14T16:23:27.2534900Z       "dependencies": ["abind", "checkmate"],
2026-08-14T16:23:27.2534970Z       "deps": [
2026-08-14T16:23:27.2535030Z         {
2026-08-14T16:23:27.2535120Z           "ref": "abind",
2026-08-14T16:23:27.2535210Z           "type": "depends",
2026-08-14T16:23:27.2535310Z           "package": "abind",
2026-08-14T16:23:27.2535390Z           "op": "",
2026-08-14T16:23:27.2535480Z           "version": ""
2026-08-14T16:23:27.2535540Z         },
2026-08-14T16:23:27.2535590Z         {
2026-08-14T16:23:27.2535690Z           "ref": "checkmate",
2026-08-14T16:23:27.2535790Z           "type": "depends",
2026-08-14T16:23:27.2535910Z           "package": "checkmate",
2026-08-14T16:23:27.2535980Z           "op": "",
2026-08-14T16:23:27.2536070Z           "version": ""
2026-08-14T16:23:27.2536130Z         },
2026-08-14T16:23:27.2536190Z         {
2026-08-14T16:23:27.2536280Z           "ref": "dplyr",
2026-08-14T16:23:27.2536380Z           "type": "suggests",
2026-08-14T16:23:27.2536480Z           "package": "dplyr",
2026-08-14T16:23:27.2536560Z           "op": "",
2026-08-14T16:23:27.2536650Z           "version": ""
2026-08-14T16:23:27.2536710Z         },
2026-08-14T16:23:27.2536770Z         {
2026-08-14T16:23:27.2536860Z           "ref": "Gmisc",
2026-08-14T16:23:27.2536960Z           "type": "suggests",
2026-08-14T16:23:27.2537050Z           "package": "Gmisc",
2026-08-14T16:23:27.2537130Z           "op": "",
2026-08-14T16:23:27.2537220Z           "version": ""
2026-08-14T16:23:27.2537290Z         },
2026-08-14T16:23:27.2537410Z         {
2026-08-14T16:23:27.2537510Z           "ref": "Greg",
2026-08-14T16:23:27.2537610Z           "type": "suggests",
2026-08-14T16:23:27.2537710Z           "package": "Greg",
2026-08-14T16:23:27.2537790Z           "op": "",
2026-08-14T16:23:27.2537870Z           "version": ""
2026-08-14T16:23:27.2537930Z         },
2026-08-14T16:23:27.2537990Z         {
2026-08-14T16:23:27.2538120Z           "ref": "grid",
2026-08-14T16:23:27.2538220Z           "type": "depends",
2026-08-14T16:23:27.2538310Z           "package": "grid",
2026-08-14T16:23:27.2538390Z           "op": "",
2026-08-14T16:23:27.2538480Z           "version": ""
2026-08-14T16:23:27.2538550Z         },
2026-08-14T16:23:27.2538610Z         {
2026-08-14T16:23:27.2538700Z           "ref": "knitr",
2026-08-14T16:23:27.2538800Z           "type": "suggests",
2026-08-14T16:23:27.2538900Z           "package": "knitr",
2026-08-14T16:23:27.2538980Z           "op": "",
2026-08-14T16:23:27.2539070Z           "version": ""
2026-08-14T16:23:27.2539140Z         },
2026-08-14T16:23:27.2539190Z         {
2026-08-14T16:23:27.2539280Z           "ref": "purrr",
2026-08-14T16:23:27.2539380Z           "type": "suggests",
2026-08-14T16:23:27.2539480Z           "package": "purrr",
2026-08-14T16:23:27.2539560Z           "op": "",
2026-08-14T16:23:27.2539650Z           "version": ""
2026-08-14T16:23:27.2539710Z         },
2026-08-14T16:23:27.2539770Z         {
2026-08-14T16:23:27.2539850Z           "ref": "R",
2026-08-14T16:23:27.2539950Z           "type": "depends",
2026-08-14T16:23:27.2540040Z           "package": "R",
2026-08-14T16:23:27.2540120Z           "op": ">=",
2026-08-14T16:23:27.2540220Z           "version": "4.1.0"
2026-08-14T16:23:27.2540290Z         },
2026-08-14T16:23:27.2540340Z         {
2026-08-14T16:23:27.2540430Z           "ref": "rlang",
2026-08-14T16:23:27.2540580Z           "type": "suggests",
2026-08-14T16:23:27.2540680Z           "package": "rlang",
2026-08-14T16:23:27.2540760Z           "op": "",
2026-08-14T16:23:27.2540850Z           "version": ""
2026-08-14T16:23:27.2540920Z         },
2026-08-14T16:23:27.2540970Z         {
2026-08-14T16:23:27.2541070Z           "ref": "rmarkdown",
2026-08-14T16:23:27.2541170Z           "type": "suggests",
2026-08-14T16:23:27.2541280Z           "package": "rmarkdown",
2026-08-14T16:23:27.2541360Z           "op": "",
2026-08-14T16:23:27.2541450Z           "version": ""
2026-08-14T16:23:27.2541510Z         },
2026-08-14T16:23:27.2541570Z         {
2026-08-14T16:23:27.2541660Z           "ref": "rmeta",
2026-08-14T16:23:27.2541760Z           "type": "suggests",
2026-08-14T16:23:27.2541850Z           "package": "rmeta",
2026-08-14T16:23:27.2541930Z           "op": "",
2026-08-14T16:23:27.2542020Z           "version": ""
2026-08-14T16:23:27.2542080Z         },
2026-08-14T16:23:27.2542140Z         {
2026-08-14T16:23:27.2542230Z           "ref": "rms",
2026-08-14T16:23:27.2542320Z           "type": "suggests",
2026-08-14T16:23:27.2542420Z           "package": "rms",
2026-08-14T16:23:27.2542500Z           "op": "",
2026-08-14T16:23:27.2542580Z           "version": ""
2026-08-14T16:23:27.2542640Z         },
2026-08-14T16:23:27.2542700Z         {
2026-08-14T16:23:27.2542800Z           "ref": "testthat",
2026-08-14T16:23:27.2542900Z           "type": "suggests",
2026-08-14T16:23:27.2543010Z           "package": "testthat",
2026-08-14T16:23:27.2543080Z           "op": "",
2026-08-14T16:23:27.2543170Z           "version": ""
2026-08-14T16:23:27.2543230Z         },
2026-08-14T16:23:27.2543290Z         {
2026-08-14T16:23:27.2543380Z           "ref": "tibble",
2026-08-14T16:23:27.2543550Z           "type": "suggests",
2026-08-14T16:23:27.2543660Z           "package": "tibble",
2026-08-14T16:23:27.2543740Z           "op": "",
2026-08-14T16:23:27.2543820Z           "version": ""
2026-08-14T16:23:27.2543890Z         },
2026-08-14T16:23:27.2543940Z         {
2026-08-14T16:23:27.2544030Z           "ref": "tidyr",
2026-08-14T16:23:27.2544130Z           "type": "suggests",
2026-08-14T16:23:27.2544280Z           "package": "tidyr",
2026-08-14T16:23:27.2544370Z           "op": "",
2026-08-14T16:23:27.2544460Z           "version": ""
2026-08-14T16:23:27.2544520Z         },
2026-08-14T16:23:27.2544570Z         {
2026-08-14T16:23:27.2544680Z           "ref": "tidyselect",
2026-08-14T16:23:27.2544770Z           "type": "suggests",
2026-08-14T16:23:27.2544890Z           "package": "tidyselect",
2026-08-14T16:23:27.2544960Z           "op": "",
2026-08-14T16:23:27.2545050Z           "version": ""
2026-08-14T16:23:27.2545120Z         },
2026-08-14T16:23:27.2545170Z         {
2026-08-14T16:23:27.2545270Z           "ref": "tidyverse",
2026-08-14T16:23:27.2545370Z           "type": "suggests",
2026-08-14T16:23:27.2545470Z           "package": "tidyverse",
2026-08-14T16:23:27.2545560Z           "op": "",
2026-08-14T16:23:27.2545640Z           "version": ""
2026-08-14T16:23:27.2545700Z         }
2026-08-14T16:23:27.2545750Z       ],
2026-08-14T16:23:27.2545850Z       "vignettes": false,
2026-08-14T16:23:27.2545960Z       "needscompilation": false,
2026-08-14T16:23:27.2546040Z       "metadata": {
2026-08-14T16:23:27.2546150Z         "RemoteType": "standard",
2026-08-14T16:23:27.2546270Z         "RemotePkgRef": "forestplot",
2026-08-14T16:23:27.2546380Z         "RemoteRef": "forestplot",
2026-08-14T16:23:27.2546540Z         "RemoteRepos": "https://cran.rstudio.com",
2026-08-14T16:23:27.2546720Z         "RemotePkgPlatform": "aarch64-apple-darwin23",
2026-08-14T16:23:27.2546820Z         "RemoteSha": "3.2.0"
2026-08-14T16:23:27.2546870Z       },
2026-08-14T16:23:27.2547540Z       "sources": ["https://cran.rstudio.com/bin/macosx/sonoma-arm64/contrib/4.6/forestplot_3.2.0.tgz", "https://mac.cran.dev/bin/macosx/sonoma-arm64/contrib/4.6/forestplot_3.2.0.tgz"],
2026-08-14T16:23:27.2547780Z       "target": "bin/macosx/sonoma-arm64/contrib/4.6/forestplot_3.2.0.tgz",
2026-08-14T16:23:27.2547970Z       "platform": "aarch64-apple-darwin23",
2026-08-14T16:23:27.2548060Z       "rversion": "4.6",
2026-08-14T16:23:27.2548410Z       "built": "R 4.6.0; ; 2026-04-25 16:45:52 UTC; unix",
2026-08-14T16:23:27.2548540Z       "directpkg": false,
2026-08-14T16:23:27.2548650Z       "license": "GPL-2",
2026-08-14T16:23:27.2548970Z       "sha256": "\n        e2cf2d7916ad6df64f5f61ea15676f15e26f839233ce9937bd1bbfa0ccbb7ff0",
2026-08-14T16:23:27.2549140Z       "dep_types": ["Depends", "Imports", "LinkingTo"],
2026-08-14T16:23:27.2549220Z       "params": [],
2026-08-14T16:23:27.2549320Z       "install_args": [],
2026-08-14T16:23:27.2549410Z       "repotype": "cran"
2026-08-14T16:23:27.2549450Z     },
2026-08-14T16:23:27.2549500Z     {
2026-08-14T16:23:27.2549590Z       "ref": "ggplotify",
2026-08-14T16:23:27.2549700Z       "package": "ggplotify",
2026-08-14T16:23:27.2549790Z       "version": "0.1.3",
2026-08-14T16:23:27.2549880Z       "type": "standard",
2026-08-14T16:23:27.2549960Z       "direct": false,
2026-08-14T16:23:27.2550050Z       "binary": true,
2026-08-14T16:23:27.2550300Z       "dependencies": ["ggplot2", "gridGraphics", "rlang", "yulab.utils"],
2026-08-14T16:23:27.2550370Z       "deps": [
2026-08-14T16:23:27.2550430Z         {
2026-08-14T16:23:27.2550520Z           "ref": "aplot",
2026-08-14T16:23:27.2550620Z           "type": "suggests",
2026-08-14T16:23:27.2550720Z           "package": "aplot",
2026-08-14T16:23:27.2550800Z           "op": "",
2026-08-14T16:23:27.2550880Z           "version": ""
2026-08-14T16:23:27.2550950Z         },
2026-08-14T16:23:27.2551000Z         {
2026-08-14T16:23:27.2551110Z           "ref": "colorspace",
2026-08-14T16:23:27.2551210Z           "type": "suggests",
2026-08-14T16:23:27.2551320Z           "package": "colorspace",
2026-08-14T16:23:27.2551400Z           "op": "",
2026-08-14T16:23:27.2551490Z           "version": ""
2026-08-14T16:23:27.2551550Z         },
2026-08-14T16:23:27.2551600Z         {
2026-08-14T16:23:27.2551700Z           "ref": "cowplot",
2026-08-14T16:23:27.2551800Z           "type": "suggests",
2026-08-14T16:23:27.2551910Z           "package": "cowplot",
2026-08-14T16:23:27.2551990Z           "op": "",
2026-08-14T16:23:27.2552190Z           "version": ""
2026-08-14T16:23:27.2552260Z         },
2026-08-14T16:23:27.2552320Z         {
2026-08-14T16:23:27.2552410Z           "ref": "ggimage",
2026-08-14T16:23:27.2552510Z           "type": "suggests",
2026-08-14T16:23:27.2552620Z           "package": "ggimage",
2026-08-14T16:23:27.2552700Z           "op": "",
2026-08-14T16:23:27.2552780Z           "version": ""
2026-08-14T16:23:27.2552850Z         },
2026-08-14T16:23:27.2552900Z         {
2026-08-14T16:23:27.2553000Z           "ref": "ggplot2",
2026-08-14T16:23:27.2553100Z           "type": "imports",
2026-08-14T16:23:27.2553200Z           "package": "ggplot2",
2026-08-14T16:23:27.2553280Z           "op": "",
2026-08-14T16:23:27.2553370Z           "version": ""
2026-08-14T16:23:27.2553430Z         },
2026-08-14T16:23:27.2553480Z         {
2026-08-14T16:23:27.2553590Z           "ref": "graphics",
2026-08-14T16:23:27.2553680Z           "type": "imports",
2026-08-14T16:23:27.2553790Z           "package": "graphics",
2026-08-14T16:23:27.2553870Z           "op": "",
2026-08-14T16:23:27.2553960Z           "version": ""
2026-08-14T16:23:27.2554020Z         },
2026-08-14T16:23:27.2554080Z         {
2026-08-14T16:23:27.2554180Z           "ref": "grDevices",
2026-08-14T16:23:27.2554270Z           "type": "imports",
2026-08-14T16:23:27.2554380Z           "package": "grDevices",
2026-08-14T16:23:27.2554460Z           "op": "",
2026-08-14T16:23:27.2554550Z           "version": ""
2026-08-14T16:23:27.2554620Z         },
2026-08-14T16:23:27.2554670Z         {
2026-08-14T16:23:27.2554760Z           "ref": "grid",
2026-08-14T16:23:27.2554850Z           "type": "imports",
2026-08-14T16:23:27.2554950Z           "package": "grid",
2026-08-14T16:23:27.2555020Z           "op": "",
2026-08-14T16:23:27.2555110Z           "version": ""
2026-08-14T16:23:27.2555170Z         },
2026-08-14T16:23:27.2555310Z         {
2026-08-14T16:23:27.2555420Z           "ref": "gridGraphics",
2026-08-14T16:23:27.2555520Z           "type": "imports",
2026-08-14T16:23:27.2555640Z           "package": "gridGraphics",
2026-08-14T16:23:27.2555720Z           "op": "",
2026-08-14T16:23:27.2555800Z           "version": ""
2026-08-14T16:23:27.2555870Z         },
2026-08-14T16:23:27.2555920Z         {
2026-08-14T16:23:27.2556010Z           "ref": "knitr",
2026-08-14T16:23:27.2556110Z           "type": "suggests",
2026-08-14T16:23:27.2556210Z           "package": "knitr",
2026-08-14T16:23:27.2556290Z           "op": "",
2026-08-14T16:23:27.2556380Z           "version": ""
2026-08-14T16:23:27.2556440Z         },
2026-08-14T16:23:27.2556500Z         {
2026-08-14T16:23:27.2556590Z           "ref": "lattice",
2026-08-14T16:23:27.2556690Z           "type": "suggests",
2026-08-14T16:23:27.2556800Z           "package": "lattice",
2026-08-14T16:23:27.2556880Z           "op": "",
2026-08-14T16:23:27.2556960Z           "version": ""
2026-08-14T16:23:27.2557030Z         },
2026-08-14T16:23:27.2557090Z         {
2026-08-14T16:23:27.2557180Z           "ref": "prettydoc",
2026-08-14T16:23:27.2557290Z           "type": "suggests",
2026-08-14T16:23:27.2557400Z           "package": "prettydoc",
2026-08-14T16:23:27.2557480Z           "op": "",
2026-08-14T16:23:27.2557560Z           "version": ""
2026-08-14T16:23:27.2557630Z         },
2026-08-14T16:23:27.2557690Z         {
2026-08-14T16:23:27.2557770Z           "ref": "R",
2026-08-14T16:23:27.2557870Z           "type": "depends",
2026-08-14T16:23:27.2557960Z           "package": "R",
2026-08-14T16:23:27.2558040Z           "op": ">=",
2026-08-14T16:23:27.2558140Z           "version": "3.4.0"
2026-08-14T16:23:27.2558200Z         },
2026-08-14T16:23:27.2558260Z         {
2026-08-14T16:23:27.2558350Z           "ref": "rlang",
2026-08-14T16:23:27.2558450Z           "type": "imports",
2026-08-14T16:23:27.2558550Z           "package": "rlang",
2026-08-14T16:23:27.2558620Z           "op": "",
2026-08-14T16:23:27.2558710Z           "version": ""
2026-08-14T16:23:27.2558780Z         },
2026-08-14T16:23:27.2558830Z         {
2026-08-14T16:23:27.2558970Z           "ref": "rmarkdown",
2026-08-14T16:23:27.2559080Z           "type": "suggests",
2026-08-14T16:23:27.2559190Z           "package": "rmarkdown",
2026-08-14T16:23:27.2559260Z           "op": "",
2026-08-14T16:23:27.2559350Z           "version": ""
2026-08-14T16:23:27.2559420Z         },
2026-08-14T16:23:27.2559470Z         {
2026-08-14T16:23:27.2559560Z           "ref": "utils",
2026-08-14T16:23:27.2559660Z           "type": "suggests",
2026-08-14T16:23:27.2559760Z           "package": "utils",
2026-08-14T16:23:27.2559840Z           "op": "",
2026-08-14T16:23:27.2559920Z           "version": ""
2026-08-14T16:23:27.2559990Z         },
2026-08-14T16:23:27.2560040Z         {
2026-08-14T16:23:27.2560130Z           "ref": "vcd",
2026-08-14T16:23:27.2560220Z           "type": "suggests",
2026-08-14T16:23:27.2560320Z           "package": "vcd",
2026-08-14T16:23:27.2560400Z           "op": "",
2026-08-14T16:23:27.2560490Z           "version": ""
2026-08-14T16:23:27.2560550Z         },
2026-08-14T16:23:27.2560610Z         {
2026-08-14T16:23:27.2560710Z           "ref": "yulab.utils",
2026-08-14T16:23:27.2560810Z           "type": "imports",
2026-08-14T16:23:27.2560930Z           "package": "yulab.utils",
2026-08-14T16:23:27.2561010Z           "op": "",
2026-08-14T16:23:27.2561090Z           "version": ""
2026-08-14T16:23:27.2561150Z         }
2026-08-14T16:23:27.2561200Z       ],
2026-08-14T16:23:27.2561300Z       "vignettes": false,
2026-08-14T16:23:27.2561410Z       "needscompilation": false,
2026-08-14T16:23:27.2561480Z       "metadata": {
2026-08-14T16:23:27.2561600Z         "RemoteType": "standard",
2026-08-14T16:23:27.2561710Z         "RemotePkgRef": "ggplotify",
2026-08-14T16:23:27.2561820Z         "RemoteRef": "ggplotify",
2026-08-14T16:23:27.2561990Z         "RemoteRepos": "https://cran.rstudio.com",
2026-08-14T16:23:27.2562160Z         "RemotePkgPlatform": "aarch64-apple-darwin23",
2026-08-14T16:23:27.2562310Z         "RemoteSha": "0.1.3"
2026-08-14T16:23:27.2562360Z       },
2026-08-14T16:23:27.2563030Z       "sources": ["https://cran.rstudio.com/bin/macosx/sonoma-arm64/contrib/4.6/ggplotify_0.1.3.tgz", "https://mac.cran.dev/bin/macosx/sonoma-arm64/contrib/4.6/ggplotify_0.1.3.tgz"],
2026-08-14T16:23:27.2563270Z       "target": "bin/macosx/sonoma-arm64/contrib/4.6/ggplotify_0.1.3.tgz",
2026-08-14T16:23:27.2563410Z       "platform": "aarch64-apple-darwin23",
2026-08-14T16:23:27.2563500Z       "rversion": "4.6",
2026-08-14T16:23:27.2563670Z       "built": "R 4.6.0; ; 2026-04-26 05:34:53 UTC; unix",
2026-08-14T16:23:27.2563770Z       "directpkg": false,
2026-08-14T16:23:27.2563880Z       "license": "Artistic-2.0",
2026-08-14T16:23:27.2564190Z       "sha256": "\n        0ea35e9990387628dccbc0d21d870d6bbbe337c649806e69c982aa44d65a08d2",
2026-08-14T16:23:27.2564360Z       "dep_types": ["Depends", "Imports", "LinkingTo"],
2026-08-14T16:23:27.2564440Z       "params": [],
2026-08-14T16:23:27.2564540Z       "install_args": [],
2026-08-14T16:23:27.2564630Z       "repotype": "cran"
2026-08-14T16:23:27.2564670Z     },
2026-08-14T16:23:27.2564720Z     {
2026-08-14T16:23:27.2564810Z       "ref": "ggrepel",
2026-08-14T16:23:27.2564910Z       "package": "ggrepel",
2026-08-14T16:23:27.2565000Z       "version": "0.9.8",
2026-08-14T16:23:27.2565090Z       "type": "standard",
2026-08-14T16:23:27.2565180Z       "direct": false,
2026-08-14T16:23:27.2565260Z       "binary": true,
2026-08-14T16:23:27.2565530Z       "dependencies": ["ggplot2", "Rcpp", "rlang", "S7", "scales", "withr"],
2026-08-14T16:23:27.2565610Z       "deps": [
2026-08-14T16:23:27.2565670Z         {
2026-08-14T16:23:27.2565780Z           "ref": "devtools",
2026-08-14T16:23:27.2565880Z           "type": "suggests",
2026-08-14T16:23:27.2565990Z           "package": "devtools",
2026-08-14T16:23:27.2566070Z           "op": "",
2026-08-14T16:23:27.2566160Z           "version": ""
2026-08-14T16:23:27.2566230Z         },
2026-08-14T16:23:27.2566280Z         {
2026-08-14T16:23:27.2566370Z           "ref": "dplyr",
2026-08-14T16:23:27.2566470Z           "type": "suggests",
2026-08-14T16:23:27.2566730Z           "package": "dplyr",
2026-08-14T16:23:27.2566820Z           "op": "",
2026-08-14T16:23:27.2566980Z           "version": ""
2026-08-14T16:23:27.2567060Z         },
2026-08-14T16:23:27.2567120Z         {
2026-08-14T16:23:27.2567240Z           "ref": "ggbeeswarm",
2026-08-14T16:23:27.2567350Z           "type": "suggests",
2026-08-14T16:23:27.2567480Z           "package": "ggbeeswarm",
2026-08-14T16:23:27.2567560Z           "op": "",
2026-08-14T16:23:27.2567650Z           "version": ""
2026-08-14T16:23:27.2567710Z         },
2026-08-14T16:23:27.2567770Z         {
2026-08-14T16:23:27.2567860Z           "ref": "ggplot2",
2026-08-14T16:23:27.2567960Z           "type": "depends",
2026-08-14T16:23:27.2568060Z           "package": "ggplot2",
2026-08-14T16:23:27.2568150Z           "op": ">=",
2026-08-14T16:23:27.2568240Z           "version": "3.5.2"
2026-08-14T16:23:27.2568310Z         },
2026-08-14T16:23:27.2568370Z         {
2026-08-14T16:23:27.2568460Z           "ref": "ggpp",
2026-08-14T16:23:27.2568560Z           "type": "suggests",
2026-08-14T16:23:27.2568660Z           "package": "ggpp",
2026-08-14T16:23:27.2568730Z           "op": "",
2026-08-14T16:23:27.2568820Z           "version": ""
2026-08-14T16:23:27.2568890Z         },
2026-08-14T16:23:27.2568940Z         {
2026-08-14T16:23:27.2569030Z           "ref": "grid",
2026-08-14T16:23:27.2569130Z           "type": "imports",
2026-08-14T16:23:27.2569220Z           "package": "grid",
2026-08-14T16:23:27.2569300Z           "op": "",
2026-08-14T16:23:27.2569390Z           "version": ""
2026-08-14T16:23:27.2569450Z         },
2026-08-14T16:23:27.2569510Z         {
2026-08-14T16:23:27.2569610Z           "ref": "gridExtra",
2026-08-14T16:23:27.2569710Z           "type": "suggests",
2026-08-14T16:23:27.2569820Z           "package": "gridExtra",
2026-08-14T16:23:27.2569900Z           "op": "",
2026-08-14T16:23:27.2570040Z           "version": ""
2026-08-14T16:23:27.2570100Z         },
2026-08-14T16:23:27.2570150Z         {
2026-08-14T16:23:27.2570240Z           "ref": "knitr",
2026-08-14T16:23:27.2570340Z           "type": "suggests",
2026-08-14T16:23:27.2570440Z           "package": "knitr",
2026-08-14T16:23:27.2570520Z           "op": "",
2026-08-14T16:23:27.2570610Z           "version": ""
2026-08-14T16:23:27.2570670Z         },
2026-08-14T16:23:27.2570720Z         {
2026-08-14T16:23:27.2570820Z           "ref": "magrittr",
2026-08-14T16:23:27.2570920Z           "type": "suggests",
2026-08-14T16:23:27.2571030Z           "package": "magrittr",
2026-08-14T16:23:27.2571110Z           "op": "",
2026-08-14T16:23:27.2571200Z           "version": ""
2026-08-14T16:23:27.2571260Z         },
2026-08-14T16:23:27.2571320Z         {
2026-08-14T16:23:27.2571410Z           "ref": "marquee",
2026-08-14T16:23:27.2571510Z           "type": "suggests",
2026-08-14T16:23:27.2571610Z           "package": "marquee",
2026-08-14T16:23:27.2571690Z           "op": "",
2026-08-14T16:23:27.2571780Z           "version": ""
2026-08-14T16:23:27.2571850Z         },
2026-08-14T16:23:27.2571900Z         {
2026-08-14T16:23:27.2572000Z           "ref": "patchwork",
2026-08-14T16:23:27.2572100Z           "type": "suggests",
2026-08-14T16:23:27.2572210Z           "package": "patchwork",
2026-08-14T16:23:27.2572290Z           "op": "",
2026-08-14T16:23:27.2572380Z           "version": ""
2026-08-14T16:23:27.2572440Z         },
2026-08-14T16:23:27.2572500Z         {
2026-08-14T16:23:27.2572590Z           "ref": "prettydoc",
2026-08-14T16:23:27.2572690Z           "type": "suggests",
2026-08-14T16:23:27.2572800Z           "package": "prettydoc",
2026-08-14T16:23:27.2572880Z           "op": "",
2026-08-14T16:23:27.2572970Z           "version": ""
2026-08-14T16:23:27.2573030Z         },
2026-08-14T16:23:27.2573090Z         {
2026-08-14T16:23:27.2573170Z           "ref": "R",
2026-08-14T16:23:27.2573270Z           "type": "depends",
2026-08-14T16:23:27.2573360Z           "package": "R",
2026-08-14T16:23:27.2573440Z           "op": ">=",
2026-08-14T16:23:27.2573540Z           "version": "4.1.0"
2026-08-14T16:23:27.2573650Z         },
2026-08-14T16:23:27.2573710Z         {
2026-08-14T16:23:27.2573800Z           "ref": "Rcpp",
2026-08-14T16:23:27.2573900Z           "type": "imports",
2026-08-14T16:23:27.2574000Z           "package": "Rcpp",
2026-08-14T16:23:27.2574070Z           "op": "",
2026-08-14T16:23:27.2574160Z           "version": ""
2026-08-14T16:23:27.2574220Z         },
2026-08-14T16:23:27.2574280Z         {
2026-08-14T16:23:27.2574370Z           "ref": "Rcpp",
2026-08-14T16:23:27.2574470Z           "type": "linkingto",
2026-08-14T16:23:27.2574570Z           "package": "Rcpp",
2026-08-14T16:23:27.2574650Z           "op": "",
2026-08-14T16:23:27.2574730Z           "version": ""
2026-08-14T16:23:27.2574800Z         },
2026-08-14T16:23:27.2574850Z         {
2026-08-14T16:23:27.2574940Z           "ref": "readr",
2026-08-14T16:23:27.2575050Z           "type": "suggests",
2026-08-14T16:23:27.2575140Z           "package": "readr",
2026-08-14T16:23:27.2575220Z           "op": "",
2026-08-14T16:23:27.2575310Z           "version": ""
2026-08-14T16:23:27.2575380Z         },
2026-08-14T16:23:27.2575430Z         {
2026-08-14T16:23:27.2575520Z           "ref": "rlang",
2026-08-14T16:23:27.2575620Z           "type": "imports",
2026-08-14T16:23:27.2575720Z           "package": "rlang",
2026-08-14T16:23:27.2575800Z           "op": ">=",
2026-08-14T16:23:27.2575900Z           "version": "1.1.6"
2026-08-14T16:23:27.2575960Z         },
2026-08-14T16:23:27.2576020Z         {
2026-08-14T16:23:27.2576110Z           "ref": "rmarkdown",
2026-08-14T16:23:27.2576210Z           "type": "suggests",
2026-08-14T16:23:27.2576320Z           "package": "rmarkdown",
2026-08-14T16:23:27.2576400Z           "op": "",
2026-08-14T16:23:27.2576490Z           "version": ""
2026-08-14T16:23:27.2576550Z         },
2026-08-14T16:23:27.2576610Z         {
2026-08-14T16:23:27.2576740Z           "ref": "rsvg",
2026-08-14T16:23:27.2576840Z           "type": "suggests",
2026-08-14T16:23:27.2576940Z           "package": "rsvg",
2026-08-14T16:23:27.2577020Z           "op": "",
2026-08-14T16:23:27.2577100Z           "version": ""
2026-08-14T16:23:27.2577160Z         },
2026-08-14T16:23:27.2577220Z         {
2026-08-14T16:23:27.2577300Z           "ref": "S7",
2026-08-14T16:23:27.2577400Z           "type": "imports",
2026-08-14T16:23:27.2577490Z           "package": "S7",
2026-08-14T16:23:27.2577570Z           "op": "",
2026-08-14T16:23:27.2577650Z           "version": ""
2026-08-14T16:23:27.2577720Z         },
2026-08-14T16:23:27.2577770Z         {
2026-08-14T16:23:27.2577860Z           "ref": "scales",
2026-08-14T16:23:27.2577960Z           "type": "imports",
2026-08-14T16:23:27.2578060Z           "package": "scales",
2026-08-14T16:23:27.2578150Z           "op": ">=",
2026-08-14T16:23:27.2578240Z           "version": "1.4.0"
2026-08-14T16:23:27.2578310Z         },
2026-08-14T16:23:27.2578360Z         {
2026-08-14T16:23:27.2578450Z           "ref": "sf",
2026-08-14T16:23:27.2578540Z           "type": "suggests",
2026-08-14T16:23:27.2578640Z           "package": "sf",
2026-08-14T16:23:27.2578720Z           "op": "",
2026-08-14T16:23:27.2578810Z           "version": ""
2026-08-14T16:23:27.2578870Z         },
2026-08-14T16:23:27.2578930Z         {
2026-08-14T16:23:27.2579020Z           "ref": "stringr",
2026-08-14T16:23:27.2579120Z           "type": "suggests",
2026-08-14T16:23:27.2579220Z           "package": "stringr",
2026-08-14T16:23:27.2579300Z           "op": "",
2026-08-14T16:23:27.2579390Z           "version": ""
2026-08-14T16:23:27.2579450Z         },
2026-08-14T16:23:27.2579510Z         {
2026-08-14T16:23:27.2579600Z           "ref": "svglite",
2026-08-14T16:23:27.2579700Z           "type": "suggests",
2026-08-14T16:23:27.2579800Z           "package": "svglite",
2026-08-14T16:23:27.2579880Z           "op": "",
2026-08-14T16:23:27.2579970Z           "version": ""
2026-08-14T16:23:27.2580030Z         },
2026-08-14T16:23:27.2580090Z         {
2026-08-14T16:23:27.2582790Z           "ref": "testthat",
2026-08-14T16:23:27.2582900Z           "type": "suggests",
2026-08-14T16:23:27.2583080Z           "package": "testthat",
2026-08-14T16:23:27.2583170Z           "op": "",
2026-08-14T16:23:27.2583250Z           "version": ""
2026-08-14T16:23:27.2583320Z         },
2026-08-14T16:23:27.2583370Z         {
2026-08-14T16:23:27.2583470Z           "ref": "vdiffr",
2026-08-14T16:23:27.2583570Z           "type": "suggests",
2026-08-14T16:23:27.2583670Z           "package": "vdiffr",
2026-08-14T16:23:27.2583750Z           "op": "",
2026-08-14T16:23:27.2583830Z           "version": ""
2026-08-14T16:23:27.2583900Z         },
2026-08-14T16:23:27.2583950Z         {
2026-08-14T16:23:27.2584040Z           "ref": "withr",
2026-08-14T16:23:27.2584140Z           "type": "imports",
2026-08-14T16:23:27.2584240Z           "package": "withr",
2026-08-14T16:23:27.2584320Z           "op": ">=",
2026-08-14T16:23:27.2584420Z           "version": "3.0.2"
2026-08-14T16:23:27.2584470Z         }
2026-08-14T16:23:27.2584530Z       ],
2026-08-14T16:23:27.2584620Z       "vignettes": false,
2026-08-14T16:23:27.2584730Z       "needscompilation": true,
2026-08-14T16:23:27.2584820Z       "metadata": {
2026-08-14T16:23:27.2584930Z         "RemoteType": "standard",
2026-08-14T16:23:27.2585040Z         "RemotePkgRef": "ggrepel",
2026-08-14T16:23:27.2585140Z         "RemoteRef": "ggrepel",
2026-08-14T16:23:27.2585310Z         "RemoteRepos": "https://cran.rstudio.com",
2026-08-14T16:23:27.2585480Z         "RemotePkgPlatform": "aarch64-apple-darwin23",
2026-08-14T16:23:27.2585580Z         "RemoteSha": "0.9.8"
2026-08-14T16:23:27.2585630Z       },
2026-08-14T16:23:27.2586280Z       "sources": ["https://cran.rstudio.com/bin/macosx/sonoma-arm64/contrib/4.6/ggrepel_0.9.8.tgz", "https://mac.cran.dev/bin/macosx/sonoma-arm64/contrib/4.6/ggrepel_0.9.8.tgz"],
2026-08-14T16:23:27.2586510Z       "target": "bin/macosx/sonoma-arm64/contrib/4.6/ggrepel_0.9.8.tgz",
2026-08-14T16:23:27.2586730Z       "platform": "aarch64-apple-darwin23",
2026-08-14T16:23:27.2586820Z       "rversion": "4.6",
2026-08-14T16:23:27.2587070Z       "built": "R 4.6.0; aarch64-apple-darwin23; 2026-04-26 11:08:07 UTC; unix",
2026-08-14T16:23:27.2587170Z       "directpkg": false,
2026-08-14T16:23:27.2587290Z       "license": "GPL-3 | file LICENSE",
2026-08-14T16:23:27.2587600Z       "sha256": "\n        fc5719e70610480e431f1a4728860ab18757f86d8cb372924e034fdbe1121c1f",
2026-08-14T16:23:27.2587770Z       "dep_types": ["Depends", "Imports", "LinkingTo"],
2026-08-14T16:23:27.2587850Z       "params": [],
2026-08-14T16:23:27.2587940Z       "install_args": [],
2026-08-14T16:23:27.2588030Z       "repotype": "cran"
2026-08-14T16:23:27.2588080Z     },
2026-08-14T16:23:27.2588120Z     {
2026-08-14T16:23:27.2588210Z       "ref": "ggridges",
2026-08-14T16:23:27.2588310Z       "package": "ggridges",
2026-08-14T16:23:27.2588400Z       "version": "0.5.7",
2026-08-14T16:23:27.2588500Z       "type": "standard",
2026-08-14T16:23:27.2588590Z       "direct": false,
2026-08-14T16:23:27.2588670Z       "binary": true,
2026-08-14T16:23:27.2588840Z       "dependencies": ["ggplot2", "scales", "withr"],
2026-08-14T16:23:27.2588910Z       "deps": [
2026-08-14T16:23:27.2588970Z         {
2026-08-14T16:23:27.2589060Z           "ref": "covr",
2026-08-14T16:23:27.2589160Z           "type": "suggests",
2026-08-14T16:23:27.2589250Z           "package": "covr",
2026-08-14T16:23:27.2589330Z           "op": "",
2026-08-14T16:23:27.2589420Z           "version": ""
2026-08-14T16:23:27.2589490Z         },
2026-08-14T16:23:27.2589540Z         {
2026-08-14T16:23:27.2589630Z           "ref": "dplyr",
2026-08-14T16:23:27.2589730Z           "type": "suggests",
2026-08-14T16:23:27.2589820Z           "package": "dplyr",
2026-08-14T16:23:27.2589900Z           "op": "",
2026-08-14T16:23:27.2589990Z           "version": ""
2026-08-14T16:23:27.2590060Z         },
2026-08-14T16:23:27.2590110Z         {
2026-08-14T16:23:27.2590210Z           "ref": "forcats",
2026-08-14T16:23:27.2590310Z           "type": "suggests",
2026-08-14T16:23:27.2590410Z           "package": "forcats",
2026-08-14T16:23:27.2590490Z           "op": "",
2026-08-14T16:23:27.2590620Z           "version": ""
2026-08-14T16:23:27.2590690Z         },
2026-08-14T16:23:27.2590740Z         {
2026-08-14T16:23:27.2590840Z           "ref": "ggplot2",
2026-08-14T16:23:27.2590940Z           "type": "imports",
2026-08-14T16:23:27.2591040Z           "package": "ggplot2",
2026-08-14T16:23:27.2591130Z           "op": ">=",
2026-08-14T16:23:27.2591220Z           "version": "3.5.0"
2026-08-14T16:23:27.2591290Z         },
2026-08-14T16:23:27.2591340Z         {
2026-08-14T16:23:27.2591450Z           "ref": "ggplot2movies",
2026-08-14T16:23:27.2591550Z           "type": "suggests",
2026-08-14T16:23:27.2591670Z           "package": "ggplot2movies",
2026-08-14T16:23:27.2591750Z           "op": "",
2026-08-14T16:23:27.2591840Z           "version": ""
2026-08-14T16:23:27.2591900Z         },
2026-08-14T16:23:27.2591960Z         {
2026-08-14T16:23:27.2592050Z           "ref": "grid",
2026-08-14T16:23:27.2592150Z           "type": "imports",
2026-08-14T16:23:27.2592250Z           "package": "grid",
2026-08-14T16:23:27.2592330Z           "op": ">=",
2026-08-14T16:23:27.2592430Z           "version": "3.0.0"
2026-08-14T16:23:27.2592500Z         },
2026-08-14T16:23:27.2592550Z         {
2026-08-14T16:23:27.2592640Z           "ref": "knitr",
2026-08-14T16:23:27.2592740Z           "type": "suggests",
2026-08-14T16:23:27.2592840Z           "package": "knitr",
2026-08-14T16:23:27.2592920Z           "op": "",
2026-08-14T16:23:27.2593010Z           "version": ""
2026-08-14T16:23:27.2593070Z         },
2026-08-14T16:23:27.2593120Z         {
2026-08-14T16:23:27.2593220Z           "ref": "patchwork",
2026-08-14T16:23:27.2593320Z           "type": "suggests",
2026-08-14T16:23:27.2593430Z           "package": "patchwork",
2026-08-14T16:23:27.2593510Z           "op": "",
2026-08-14T16:23:27.2593600Z           "version": ""
2026-08-14T16:23:27.2593710Z         },
2026-08-14T16:23:27.2593770Z         {
2026-08-14T16:23:27.2593850Z           "ref": "R",
2026-08-14T16:23:27.2593950Z           "type": "depends",
2026-08-14T16:23:27.2594040Z           "package": "R",
2026-08-14T16:23:27.2594130Z           "op": ">=",
2026-08-14T16:23:27.2594220Z           "version": "3.2"
2026-08-14T16:23:27.2594280Z         },
2026-08-14T16:23:27.2594340Z         {
2026-08-14T16:23:27.2594440Z           "ref": "rmarkdown",
2026-08-14T16:23:27.2594530Z           "type": "suggests",
2026-08-14T16:23:27.2594640Z           "package": "rmarkdown",
2026-08-14T16:23:27.2594720Z           "op": "",
2026-08-14T16:23:27.2594810Z           "version": ""
2026-08-14T16:23:27.2594870Z         },
2026-08-14T16:23:27.2594930Z         {
2026-08-14T16:23:27.2595020Z           "ref": "scales",
2026-08-14T16:23:27.2595120Z           "type": "imports",
2026-08-14T16:23:27.2595230Z           "package": "scales",
2026-08-14T16:23:27.2595310Z           "op": ">=",
2026-08-14T16:23:27.2595410Z           "version": "0.4.1"
2026-08-14T16:23:27.2595470Z         },
2026-08-14T16:23:27.2595680Z         {
2026-08-14T16:23:27.2595800Z           "ref": "testthat",
2026-08-14T16:23:27.2595910Z           "type": "suggests",
2026-08-14T16:23:27.2596020Z           "package": "testthat",
2026-08-14T16:23:27.2596100Z           "op": "",
2026-08-14T16:23:27.2596190Z           "version": ""
2026-08-14T16:23:27.2596250Z         },
2026-08-14T16:23:27.2596310Z         {
2026-08-14T16:23:27.2596400Z           "ref": "vdiffr",
2026-08-14T16:23:27.2596500Z           "type": "suggests",
2026-08-14T16:23:27.2596600Z           "package": "vdiffr",
2026-08-14T16:23:27.2596680Z           "op": "",
2026-08-14T16:23:27.2596790Z           "version": ""
2026-08-14T16:23:27.2596870Z         },
2026-08-14T16:23:27.2597040Z         {
2026-08-14T16:23:27.2597150Z           "ref": "withr",
2026-08-14T16:23:27.2597250Z           "type": "imports",
2026-08-14T16:23:27.2597350Z           "package": "withr",
2026-08-14T16:23:27.2597440Z           "op": ">=",
2026-08-14T16:23:27.2597530Z           "version": "2.1.1"
2026-08-14T16:23:27.2597590Z         }
2026-08-14T16:23:27.2597640Z       ],
2026-08-14T16:23:27.2598200Z       "vignettes": false,
2026-08-14T16:23:27.2598330Z       "needscompilation": false,
2026-08-14T16:23:27.2598410Z       "metadata": {
2026-08-14T16:23:27.2598520Z         "RemoteType": "standard",
2026-08-14T16:23:27.2598640Z         "RemotePkgRef": "ggridges",
2026-08-14T16:23:27.2598820Z         "RemoteRef": "ggridges",
2026-08-14T16:23:27.2599020Z         "RemoteRepos": "https://cran.rstudio.com",
2026-08-14T16:23:27.2599520Z         "RemotePkgPlatform": "aarch64-apple-darwin23",
2026-08-14T16:23:27.2599820Z         "RemoteSha": "0.5.7"
2026-08-14T16:23:27.2600310Z       },
2026-08-14T16:23:27.2601010Z       "sources": ["https://cran.rstudio.com/bin/macosx/sonoma-arm64/contrib/4.6/ggridges_0.5.7.tgz", "https://mac.cran.dev/bin/macosx/sonoma-arm64/contrib/4.6/ggridges_0.5.7.tgz"],
2026-08-14T16:23:27.2601270Z       "target": "bin/macosx/sonoma-arm64/contrib/4.6/ggridges_0.5.7.tgz",
2026-08-14T16:23:27.2601410Z       "platform": "aarch64-apple-darwin23",
2026-08-14T16:23:27.2601510Z       "rversion": "4.6",
2026-08-14T16:23:27.2601680Z       "built": "R 4.6.0; ; 2026-04-25 11:14:35 UTC; unix",
2026-08-14T16:23:27.2601780Z       "directpkg": false,
2026-08-14T16:23:27.2601910Z       "license": "GPL-2 | file LICENSE",
2026-08-14T16:23:27.2602220Z       "sha256": "\n        86160f1ef32de827fd03ddff588e78fe62abab8d9a44df881011d57a7402778b",
2026-08-14T16:23:27.2602400Z       "dep_types": ["Depends", "Imports", "LinkingTo"],
2026-08-14T16:23:27.2602480Z       "params": [],
2026-08-14T16:23:27.2602580Z       "install_args": [],
2026-08-14T16:23:27.2602700Z       "repotype": "cran"
2026-08-14T16:23:27.2602750Z     },
2026-08-14T16:23:27.2602790Z     {
2026-08-14T16:23:27.2602890Z       "ref": "gridExtra",
2026-08-14T16:23:27.2603000Z       "package": "gridExtra",
2026-08-14T16:23:27.2603090Z       "version": "2.3.1",
2026-08-14T16:23:27.2603330Z       "type": "standard",
2026-08-14T16:23:27.2603420Z       "direct": false,
2026-08-14T16:23:27.2603510Z       "binary": true,
2026-08-14T16:23:27.2603630Z       "dependencies": ["gtable"],
2026-08-14T16:23:27.2603700Z       "deps": [
2026-08-14T16:23:27.2603760Z         {
2026-08-14T16:23:27.2603850Z           "ref": "egg",
2026-08-14T16:23:27.2603950Z           "type": "suggests",
2026-08-14T16:23:27.2604050Z           "package": "egg",
2026-08-14T16:23:27.2604130Z           "op": "",
2026-08-14T16:23:27.2604220Z           "version": ""
2026-08-14T16:23:27.2604280Z         },
2026-08-14T16:23:27.2604340Z         {
2026-08-14T16:23:27.2604430Z           "ref": "ggplot2",
2026-08-14T16:23:27.2604530Z           "type": "suggests",
2026-08-14T16:23:27.2604640Z           "package": "ggplot2",
2026-08-14T16:23:27.2604720Z           "op": "",
2026-08-14T16:23:27.2604800Z           "version": ""
2026-08-14T16:23:27.2604870Z         },
2026-08-14T16:23:27.2604920Z         {
2026-08-14T16:23:27.2605030Z           "ref": "graphics",
2026-08-14T16:23:27.2605130Z           "type": "imports",
2026-08-14T16:23:27.2605240Z           "package": "graphics",
2026-08-14T16:23:27.2605320Z           "op": "",
2026-08-14T16:23:27.2605410Z           "version": ""
2026-08-14T16:23:27.2605470Z         },
2026-08-14T16:23:27.2605520Z         {
2026-08-14T16:23:27.2605620Z           "ref": "grDevices",
2026-08-14T16:23:27.2605730Z           "type": "imports",
2026-08-14T16:23:27.2605830Z           "package": "grDevices",
2026-08-14T16:23:27.2605920Z           "op": "",
2026-08-14T16:23:27.2606010Z           "version": ""
2026-08-14T16:23:27.2606070Z         },
2026-08-14T16:23:27.2606130Z         {
2026-08-14T16:23:27.2606220Z           "ref": "grid",
2026-08-14T16:23:27.2606320Z           "type": "imports",
2026-08-14T16:23:27.2606420Z           "package": "grid",
2026-08-14T16:23:27.2606500Z           "op": "",
2026-08-14T16:23:27.2606590Z           "version": ""
2026-08-14T16:23:27.2606650Z         },
2026-08-14T16:23:27.2606710Z         {
2026-08-14T16:23:27.2606810Z           "ref": "gtable",
2026-08-14T16:23:27.2606900Z           "type": "imports",
2026-08-14T16:23:27.2607080Z           "package": "gtable",
2026-08-14T16:23:27.2607160Z           "op": "",
2026-08-14T16:23:27.2607250Z           "version": ""
2026-08-14T16:23:27.2607320Z         },
2026-08-14T16:23:27.2607380Z         {
2026-08-14T16:23:27.2607460Z           "ref": "knitr",
2026-08-14T16:23:27.2607570Z           "type": "suggests",
2026-08-14T16:23:27.2607670Z           "package": "knitr",
2026-08-14T16:23:27.2607750Z           "op": "",
2026-08-14T16:23:27.2607840Z           "version": ""
2026-08-14T16:23:27.2607910Z         },
2026-08-14T16:23:27.2607960Z         {
2026-08-14T16:23:27.2608060Z           "ref": "lattice",
2026-08-14T16:23:27.2608170Z           "type": "suggests",
2026-08-14T16:23:27.2608270Z           "package": "lattice",
2026-08-14T16:23:27.2608350Z           "op": "",
2026-08-14T16:23:27.2608440Z           "version": ""
2026-08-14T16:23:27.2608510Z         },
2026-08-14T16:23:27.2608570Z         {
2026-08-14T16:23:27.2608670Z           "ref": "testthat",
2026-08-14T16:23:27.2608770Z           "type": "suggests",
2026-08-14T16:23:27.2608890Z           "package": "testthat",
2026-08-14T16:23:27.2608970Z           "op": "",
2026-08-14T16:23:27.2609070Z           "version": ""
2026-08-14T16:23:27.2609130Z         },
2026-08-14T16:23:27.2609190Z         {
2026-08-14T16:23:27.2609280Z           "ref": "utils",
2026-08-14T16:23:27.2609390Z           "type": "imports",
2026-08-14T16:23:27.2609490Z           "package": "utils",
2026-08-14T16:23:27.2609570Z           "op": "",
2026-08-14T16:23:27.2609670Z           "version": ""
2026-08-14T16:23:27.2609720Z         }
2026-08-14T16:23:27.2609780Z       ],
2026-08-14T16:23:27.2609880Z       "vignettes": false,
2026-08-14T16:23:27.2610000Z       "needscompilation": false,
2026-08-14T16:23:27.2610080Z       "metadata": {
2026-08-14T16:23:27.2610200Z         "RemoteType": "standard",
2026-08-14T16:23:27.2610390Z         "RemotePkgRef": "gridExtra",
2026-08-14T16:23:27.2610510Z         "RemoteRef": "gridExtra",
2026-08-14T16:23:27.2610680Z         "RemoteRepos": "https://cran.rstudio.com",
2026-08-14T16:23:27.2610860Z         "RemotePkgPlatform": "aarch64-apple-darwin23",
2026-08-14T16:23:27.2610960Z         "RemoteSha": "2.3.1"
2026-08-14T16:23:27.2611020Z       },
2026-08-14T16:23:27.2611720Z       "sources": ["https://cran.rstudio.com/bin/macosx/sonoma-arm64/contrib/4.6/gridExtra_2.3.1.tgz", "https://mac.cran.dev/bin/macosx/sonoma-arm64/contrib/4.6/gridExtra_2.3.1.tgz"],
2026-08-14T16:23:27.2611960Z       "target": "bin/macosx/sonoma-arm64/contrib/4.6/gridExtra_2.3.1.tgz",
2026-08-14T16:23:27.2612110Z       "platform": "aarch64-apple-darwin23",
2026-08-14T16:23:27.2612210Z       "rversion": "4.6",
2026-08-14T16:23:27.2612390Z       "built": "R 4.6.1; ; 2026-06-25 09:06:55 UTC; unix",
2026-08-14T16:23:27.2612490Z       "directpkg": true,
2026-08-14T16:23:27.2612590Z       "license": "GPL (>= 2)",
2026-08-14T16:23:27.2612910Z       "sha256": "\n        11cf7c5af9614b46581f6a2375ebf40dd99dc319a9420640229f18d65182f3dc",
2026-08-14T16:23:27.2613090Z       "dep_types": ["Depends", "Imports", "LinkingTo"],
2026-08-14T16:23:27.2613170Z       "params": [],
2026-08-14T16:23:27.2613270Z       "install_args": [],
2026-08-14T16:23:27.2613370Z       "repotype": "cran"
2026-08-14T16:23:27.2613420Z     },
2026-08-14T16:23:27.2613460Z     {
2026-08-14T16:23:27.2613570Z       "ref": "gridGraphics",
2026-08-14T16:23:27.2613680Z       "package": "gridGraphics",
2026-08-14T16:23:27.2613780Z       "version": "0.5-1",
2026-08-14T16:23:27.2613870Z       "type": "standard",
2026-08-14T16:23:27.2613960Z       "direct": false,
2026-08-14T16:23:27.2614050Z       "binary": true,
2026-08-14T16:23:27.2614150Z       "dependencies": [],
2026-08-14T16:23:27.2614220Z       "deps": [
2026-08-14T16:23:27.2614280Z         {
2026-08-14T16:23:27.2614380Z           "ref": "graphics",
2026-08-14T16:23:27.2614490Z           "type": "depends",
2026-08-14T16:23:27.2614600Z           "package": "graphics",
2026-08-14T16:23:27.2614690Z           "op": "",
2026-08-14T16:23:27.2614780Z           "version": ""
2026-08-14T16:23:27.2614930Z         },
2026-08-14T16:23:27.2614990Z         {
2026-08-14T16:23:27.2615110Z           "ref": "grDevices",
2026-08-14T16:23:27.2615210Z           "type": "imports",
2026-08-14T16:23:27.2615320Z           "package": "grDevices",
2026-08-14T16:23:27.2615400Z           "op": "",
2026-08-14T16:23:27.2615490Z           "version": ""
2026-08-14T16:23:27.2615560Z         },
2026-08-14T16:23:27.2615610Z         {
2026-08-14T16:23:27.2615710Z           "ref": "grid",
2026-08-14T16:23:27.2615810Z           "type": "depends",
2026-08-14T16:23:27.2615910Z           "package": "grid",
2026-08-14T16:23:27.2615990Z           "op": "",
2026-08-14T16:23:27.2616080Z           "version": ""
2026-08-14T16:23:27.2616150Z         },
2026-08-14T16:23:27.2616210Z         {
2026-08-14T16:23:27.2616300Z           "ref": "magick",
2026-08-14T16:23:27.2616420Z           "type": "suggests",
2026-08-14T16:23:27.2616520Z           "package": "magick",
2026-08-14T16:23:27.2616610Z           "op": ">=",
2026-08-14T16:23:27.2616710Z           "version": "1.3"
2026-08-14T16:23:27.2616790Z         },
2026-08-14T16:23:27.2616840Z         {
2026-08-14T16:23:27.2616950Z           "ref": "pdftools",
2026-08-14T16:23:27.2617050Z           "type": "suggests",
2026-08-14T16:23:27.2617170Z           "package": "pdftools",
2026-08-14T16:23:27.2617250Z           "op": ">=",
2026-08-14T16:23:27.2617350Z           "version": "1.6"
2026-08-14T16:23:27.2617410Z         }
2026-08-14T16:23:27.2617470Z       ],
2026-08-14T16:23:27.2617570Z       "vignettes": false,
2026-08-14T16:23:27.2617680Z       "needscompilation": false,
2026-08-14T16:23:27.2617760Z       "metadata": {
2026-08-14T16:23:27.2617880Z         "RemoteType": "standard",
2026-08-14T16:23:27.2618010Z         "RemotePkgRef": "gridGraphics",
2026-08-14T16:23:27.2618130Z         "RemoteRef": "gridGraphics",
2026-08-14T16:23:27.2618440Z         "RemoteRepos": "https://cran.rstudio.com",
2026-08-14T16:23:27.2618620Z         "RemotePkgPlatform": "aarch64-apple-darwin23",
2026-08-14T16:23:27.2618730Z         "RemoteSha": "0.5-1"
2026-08-14T16:23:27.2618790Z       },
2026-08-14T16:23:27.2619630Z       "sources": ["https://cran.rstudio.com/bin/macosx/sonoma-arm64/contrib/4.6/gridGraphics_0.5-1.tgz", "https://mac.cran.dev/bin/macosx/sonoma-arm64/contrib/4.6/gridGraphics_0.5-1.tgz"],
2026-08-14T16:23:27.2619890Z       "target": "bin/macosx/sonoma-arm64/contrib/4.6/gridGraphics_0.5-1.tgz",
2026-08-14T16:23:27.2620030Z       "platform": "aarch64-apple-darwin23",
2026-08-14T16:23:27.2620120Z       "rversion": "4.6",
2026-08-14T16:23:27.2620310Z       "built": "R 4.6.0; ; 2026-04-25 16:26:28 UTC; unix",
2026-08-14T16:23:27.2620400Z       "directpkg": false,
2026-08-14T16:23:27.2620510Z       "license": "GPL (>= 2)",
2026-08-14T16:23:27.2620820Z       "sha256": "\n        699a7b40e87969d48e9bc7a43d8e8e314433800d3cb0cc042bafaf0a3cebd492",
2026-08-14T16:23:27.2620990Z       "dep_types": ["Depends", "Imports", "LinkingTo"],
2026-08-14T16:23:27.2621080Z       "params": [],
2026-08-14T16:23:27.2621180Z       "install_args": [],
2026-08-14T16:23:27.2621270Z       "repotype": "cran"
2026-08-14T16:23:27.2621310Z     },
2026-08-14T16:23:27.2621370Z     {
2026-08-14T16:23:27.2621450Z       "ref": "inline",
2026-08-14T16:23:27.2621560Z       "package": "inline",
2026-08-14T16:23:27.2621650Z       "version": "0.3.21",
2026-08-14T16:23:27.2621750Z       "type": "standard",
2026-08-14T16:23:27.2621840Z       "direct": false,
2026-08-14T16:23:27.2621930Z       "binary": true,
2026-08-14T16:23:27.2622020Z       "dependencies": [],
2026-08-14T16:23:27.2622100Z       "deps": [
2026-08-14T16:23:27.2622160Z         {
2026-08-14T16:23:27.2622260Z           "ref": "methods",
2026-08-14T16:23:27.2622360Z           "type": "imports",
2026-08-14T16:23:27.2622470Z           "package": "methods",
2026-08-14T16:23:27.2622550Z           "op": "",
2026-08-14T16:23:27.2622640Z           "version": ""
2026-08-14T16:23:27.2622710Z         },
2026-08-14T16:23:27.2622770Z         {
2026-08-14T16:23:27.2622860Z           "ref": "Rcpp",
2026-08-14T16:23:27.2623030Z           "type": "suggests",
2026-08-14T16:23:27.2623140Z           "package": "Rcpp",
2026-08-14T16:23:27.2623220Z           "op": "",
2026-08-14T16:23:27.2623320Z           "version": ""
2026-08-14T16:23:27.2623380Z         },
2026-08-14T16:23:27.2623440Z         {
2026-08-14T16:23:27.2623540Z           "ref": "tinytest",
2026-08-14T16:23:27.2623640Z           "type": "suggests",
2026-08-14T16:23:27.2623750Z           "package": "tinytest",
2026-08-14T16:23:27.2623840Z           "op": "",
2026-08-14T16:23:27.2623920Z           "version": ""
2026-08-14T16:23:27.2623980Z         }
2026-08-14T16:23:27.2624040Z       ],
2026-08-14T16:23:27.2624130Z       "vignettes": false,
2026-08-14T16:23:27.2624250Z       "needscompilation": false,
2026-08-14T16:23:27.2624330Z       "metadata": {
2026-08-14T16:23:27.2624440Z         "RemoteType": "standard",
2026-08-14T16:23:27.2624560Z         "RemotePkgRef": "inline",
2026-08-14T16:23:27.2624670Z         "RemoteRef": "inline",
2026-08-14T16:23:27.2624840Z         "RemoteRepos": "https://cran.rstudio.com",
2026-08-14T16:23:27.2625030Z         "RemotePkgPlatform": "aarch64-apple-darwin23",
2026-08-14T16:23:27.2625140Z         "RemoteSha": "0.3.21"
2026-08-14T16:23:27.2625190Z       },
2026-08-14T16:23:27.2625850Z       "sources": ["https://cran.rstudio.com/bin/macosx/sonoma-arm64/contrib/4.6/inline_0.3.21.tgz", "https://mac.cran.dev/bin/macosx/sonoma-arm64/contrib/4.6/inline_0.3.21.tgz"],
2026-08-14T16:23:27.2626090Z       "target": "bin/macosx/sonoma-arm64/contrib/4.6/inline_0.3.21.tgz",
2026-08-14T16:23:27.2626230Z       "platform": "aarch64-apple-darwin23",
2026-08-14T16:23:27.2626320Z       "rversion": "4.6",
2026-08-14T16:23:27.2626490Z       "built": "R 4.6.0; ; 2026-04-25 15:52:49 UTC; unix",
2026-08-14T16:23:27.2626590Z       "directpkg": false,
2026-08-14T16:23:27.2626750Z       "license": "LGPL",
2026-08-14T16:23:27.2627060Z       "sha256": "\n        d3a18fd700b625b33985998cb851b5c07383c20c653c840ab05bebf3852209d5",
2026-08-14T16:23:27.2627230Z       "dep_types": ["Depends", "Imports", "LinkingTo"],
2026-08-14T16:23:27.2627320Z       "params": [],
2026-08-14T16:23:27.2627420Z       "install_args": [],
2026-08-14T16:23:27.2627510Z       "repotype": "cran"
2026-08-14T16:23:27.2627560Z     },
2026-08-14T16:23:27.2627620Z     {
2026-08-14T16:23:27.2627700Z       "ref": "loo",
2026-08-14T16:23:27.2627790Z       "package": "loo",
2026-08-14T16:23:27.2627890Z       "version": "2.10.1",
2026-08-14T16:23:27.2627980Z       "type": "standard",
2026-08-14T16:23:27.2628080Z       "direct": false,
2026-08-14T16:23:27.2628160Z       "binary": true,
2026-08-14T16:23:27.2628380Z       "dependencies": ["checkmate", "matrixStats", "posterior"],
2026-08-14T16:23:27.2628460Z       "deps": [
2026-08-14T16:23:27.2628520Z         {
2026-08-14T16:23:27.2628620Z           "ref": "bayesplot",
2026-08-14T16:23:27.2628730Z           "type": "suggests",
2026-08-14T16:23:27.2628850Z           "package": "bayesplot",
2026-08-14T16:23:27.2628940Z           "op": ">=",
2026-08-14T16:23:27.2629040Z           "version": "1.7.0"
2026-08-14T16:23:27.2629110Z         },
2026-08-14T16:23:27.2629160Z         {
2026-08-14T16:23:27.2629260Z           "ref": "brms",
2026-08-14T16:23:27.2629370Z           "type": "suggests",
2026-08-14T16:23:27.2629480Z           "package": "brms",
2026-08-14T16:23:27.2629570Z           "op": ">=",
2026-08-14T16:23:27.2629670Z           "version": "2.10.0"
2026-08-14T16:23:27.2629740Z         },
2026-08-14T16:23:27.2629800Z         {
2026-08-14T16:23:27.2629900Z           "ref": "checkmate",
2026-08-14T16:23:27.2629990Z           "type": "imports",
2026-08-14T16:23:27.2630110Z           "package": "checkmate",
2026-08-14T16:23:27.2630190Z           "op": "",
2026-08-14T16:23:27.2630290Z           "version": ""
2026-08-14T16:23:27.2630350Z         },
2026-08-14T16:23:27.2630410Z         {
2026-08-14T16:23:27.2630510Z           "ref": "ggplot2",
2026-08-14T16:23:27.2630630Z           "type": "suggests",
2026-08-14T16:23:27.2630740Z           "package": "ggplot2",
2026-08-14T16:23:27.2630920Z           "op": "",
2026-08-14T16:23:27.2631020Z           "version": ""
2026-08-14T16:23:27.2631090Z         },
2026-08-14T16:23:27.2631140Z         {
2026-08-14T16:23:27.2631250Z           "ref": "graphics",
2026-08-14T16:23:27.2631350Z           "type": "suggests",
2026-08-14T16:23:27.2631470Z           "package": "graphics",
2026-08-14T16:23:27.2631560Z           "op": "",
2026-08-14T16:23:27.2631650Z           "version": ""
2026-08-14T16:23:27.2631710Z         },
2026-08-14T16:23:27.2631770Z         {
2026-08-14T16:23:27.2631870Z           "ref": "knitr",
2026-08-14T16:23:27.2631970Z           "type": "suggests",
2026-08-14T16:23:27.2632070Z           "package": "knitr",
2026-08-14T16:23:27.2632160Z           "op": "",
2026-08-14T16:23:27.2632250Z           "version": ""
2026-08-14T16:23:27.2632320Z         },
2026-08-14T16:23:27.2632380Z         {
2026-08-14T16:23:27.2632490Z           "ref": "matrixStats",
2026-08-14T16:23:27.2632600Z           "type": "imports",
2026-08-14T16:23:27.2632710Z           "package": "matrixStats",
2026-08-14T16:23:27.2632800Z           "op": ">=",
2026-08-14T16:23:27.2632910Z           "version": "0.52"
2026-08-14T16:23:27.2632980Z         },
2026-08-14T16:23:27.2633040Z         {
2026-08-14T16:23:27.2633140Z           "ref": "parallel",
2026-08-14T16:23:27.2633240Z           "type": "imports",
2026-08-14T16:23:27.2633350Z           "package": "parallel",
2026-08-14T16:23:27.2633430Z           "op": "",
2026-08-14T16:23:27.2633520Z           "version": ""
2026-08-14T16:23:27.2633590Z         },
2026-08-14T16:23:27.2633650Z         {
2026-08-14T16:23:27.2633750Z           "ref": "posterior",
2026-08-14T16:23:27.2633850Z           "type": "imports",
2026-08-14T16:23:27.2633960Z           "package": "posterior",
2026-08-14T16:23:27.2634040Z           "op": ">=",
2026-08-14T16:23:27.2634210Z           "version": "1.7.0"
2026-08-14T16:23:27.2634270Z         },
2026-08-14T16:23:27.2634330Z         {
2026-08-14T16:23:27.2634410Z           "ref": "R",
2026-08-14T16:23:27.2634520Z           "type": "depends",
2026-08-14T16:23:27.2634620Z           "package": "R",
2026-08-14T16:23:27.2634710Z           "op": ">=",
2026-08-14T16:23:27.2634800Z           "version": "3.5"
2026-08-14T16:23:27.2634870Z         },
2026-08-14T16:23:27.2634930Z         {
2026-08-14T16:23:27.2635030Z           "ref": "rmarkdown",
2026-08-14T16:23:27.2635130Z           "type": "suggests",
2026-08-14T16:23:27.2635250Z           "package": "rmarkdown",
2026-08-14T16:23:27.2635330Z           "op": "",
2026-08-14T16:23:27.2635420Z           "version": ""
2026-08-14T16:23:27.2635490Z         },
2026-08-14T16:23:27.2635550Z         {
2026-08-14T16:23:27.2635640Z           "ref": "rstan",
2026-08-14T16:23:27.2635740Z           "type": "suggests",
2026-08-14T16:23:27.2635840Z           "package": "rstan",
2026-08-14T16:23:27.2635920Z           "op": "",
2026-08-14T16:23:27.2636010Z           "version": ""
2026-08-14T16:23:27.2636070Z         },
2026-08-14T16:23:27.2636130Z         {
2026-08-14T16:23:27.2636230Z           "ref": "rstanarm",
2026-08-14T16:23:27.2636340Z           "type": "suggests",
2026-08-14T16:23:27.2636440Z           "package": "rstanarm",
2026-08-14T16:23:27.2636540Z           "op": ">=",
2026-08-14T16:23:27.2636630Z           "version": "2.19.0"
2026-08-14T16:23:27.2636710Z         },
2026-08-14T16:23:27.2636770Z         {
2026-08-14T16:23:27.2636910Z           "ref": "rstantools",
2026-08-14T16:23:27.2637040Z           "type": "suggests",
2026-08-14T16:23:27.2641650Z           "package": "rstantools",
2026-08-14T16:23:27.2641790Z           "op": "",
2026-08-14T16:23:27.2641880Z           "version": ""
2026-08-14T16:23:27.2641950Z         },
2026-08-14T16:23:27.2642000Z         {
2026-08-14T16:23:27.2642090Z           "ref": "spdep",
2026-08-14T16:23:27.2642200Z           "type": "suggests",
2026-08-14T16:23:27.2642310Z           "package": "spdep",
2026-08-14T16:23:27.2642390Z           "op": "",
2026-08-14T16:23:27.2642480Z           "version": ""
2026-08-14T16:23:27.2642550Z         },
2026-08-14T16:23:27.2642820Z         {
2026-08-14T16:23:27.2642930Z           "ref": "stats",
2026-08-14T16:23:27.2643030Z           "type": "imports",
2026-08-14T16:23:27.2643130Z           "package": "stats",
2026-08-14T16:23:27.2643210Z           "op": "",
2026-08-14T16:23:27.2643300Z           "version": ""
2026-08-14T16:23:27.2643360Z         },
2026-08-14T16:23:27.2643420Z         {
2026-08-14T16:23:27.2643520Z           "ref": "testthat",
2026-08-14T16:23:27.2643620Z           "type": "suggests",
2026-08-14T16:23:27.2643730Z           "package": "testthat",
2026-08-14T16:23:27.2643810Z           "op": ">=",
2026-08-14T16:23:27.2643910Z           "version": "3.0"
2026-08-14T16:23:27.2643960Z         }
2026-08-14T16:23:27.2644020Z       ],
2026-08-14T16:23:27.2644110Z       "vignettes": false,
2026-08-14T16:23:27.2644230Z       "needscompilation": false,
2026-08-14T16:23:27.2644310Z       "metadata": {
2026-08-14T16:23:27.2644420Z         "RemoteType": "standard",
2026-08-14T16:23:27.2644530Z         "RemotePkgRef": "loo",
2026-08-14T16:23:27.2644630Z         "RemoteRef": "loo",
2026-08-14T16:23:27.2644800Z         "RemoteRepos": "https://cran.rstudio.com",
2026-08-14T16:23:27.2644970Z         "RemotePkgPlatform": "aarch64-apple-darwin23",
2026-08-14T16:23:27.2645070Z         "RemoteSha": "2.10.1"
2026-08-14T16:23:27.2645130Z       },
2026-08-14T16:23:27.2645750Z       "sources": ["https://cran.rstudio.com/bin/macosx/sonoma-arm64/contrib/4.6/loo_2.10.1.tgz", "https://mac.cran.dev/bin/macosx/sonoma-arm64/contrib/4.6/loo_2.10.1.tgz"],
2026-08-14T16:23:27.2645970Z       "target": "bin/macosx/sonoma-arm64/contrib/4.6/loo_2.10.1.tgz",
2026-08-14T16:23:27.2646110Z       "platform": "aarch64-apple-darwin23",
2026-08-14T16:23:27.2646200Z       "rversion": "4.6",
2026-08-14T16:23:27.2646370Z       "built": "R 4.6.1; ; 2026-07-24 06:45:01 UTC; unix",
2026-08-14T16:23:27.2646530Z       "directpkg": false,
2026-08-14T16:23:27.2646640Z       "license": "GPL (>= 3)",
2026-08-14T16:23:27.2646970Z       "sha256": "\n        3cadc37ed2990ff50e03a02a612f403248124aaabfe0a7f165a6b5f7ccfdad56",
2026-08-14T16:23:27.2647140Z       "dep_types": ["Depends", "Imports", "LinkingTo"],
2026-08-14T16:23:27.2647230Z       "params": [],
2026-08-14T16:23:27.2647320Z       "install_args": [],
2026-08-14T16:23:27.2647420Z       "repotype": "cran"
2026-08-14T16:23:27.2647460Z     },
2026-08-14T16:23:27.2647510Z     {
2026-08-14T16:23:27.2647610Z       "ref": "matrixStats",
2026-08-14T16:23:27.2647710Z       "package": "matrixStats",
2026-08-14T16:23:27.2647810Z       "version": "1.5.0",
2026-08-14T16:23:27.2647900Z       "type": "standard",
2026-08-14T16:23:27.2647990Z       "direct": false,
2026-08-14T16:23:27.2648070Z       "binary": true,
2026-08-14T16:23:27.2648170Z       "dependencies": [],
2026-08-14T16:23:27.2648250Z       "deps": [
2026-08-14T16:23:27.2648300Z         {
2026-08-14T16:23:27.2648410Z           "ref": "base64enc",
2026-08-14T16:23:27.2648510Z           "type": "suggests",
2026-08-14T16:23:27.2648620Z           "package": "base64enc",
2026-08-14T16:23:27.2648700Z           "op": "",
2026-08-14T16:23:27.2648790Z           "version": ""
2026-08-14T16:23:27.2648860Z         },
2026-08-14T16:23:27.2648920Z         {
2026-08-14T16:23:27.2649020Z           "ref": "ggplot2",
2026-08-14T16:23:27.2649120Z           "type": "suggests",
2026-08-14T16:23:27.2649220Z           "package": "ggplot2",
2026-08-14T16:23:27.2649310Z           "op": "",
2026-08-14T16:23:27.2649390Z           "version": ""
2026-08-14T16:23:27.2649460Z         },
2026-08-14T16:23:27.2649510Z         {
2026-08-14T16:23:27.2649610Z           "ref": "knitr",
2026-08-14T16:23:27.2649710Z           "type": "suggests",
2026-08-14T16:23:27.2649810Z           "package": "knitr",
2026-08-14T16:23:27.2649890Z           "op": "",
2026-08-14T16:23:27.2649980Z           "version": ""
2026-08-14T16:23:27.2650050Z         },
2026-08-14T16:23:27.2650100Z         {
2026-08-14T16:23:27.2650200Z           "ref": "markdown",
2026-08-14T16:23:27.2650300Z           "type": "suggests",
2026-08-14T16:23:27.2650470Z           "package": "markdown",
2026-08-14T16:23:27.2650560Z           "op": "",
2026-08-14T16:23:27.2650650Z           "version": ""
2026-08-14T16:23:27.2650720Z         },
2026-08-14T16:23:27.2650780Z         {
2026-08-14T16:23:27.2650890Z           "ref": "microbenchmark",
2026-08-14T16:23:27.2651000Z           "type": "suggests",
2026-08-14T16:23:27.2651120Z           "package": "microbenchmark",
2026-08-14T16:23:27.2651210Z           "op": "",
2026-08-14T16:23:27.2651300Z           "version": ""
2026-08-14T16:23:27.2651360Z         },
2026-08-14T16:23:27.2651420Z         {
2026-08-14T16:23:27.2651510Z           "ref": "R",
2026-08-14T16:23:27.2651610Z           "type": "depends",
2026-08-14T16:23:27.2651710Z           "package": "R",
2026-08-14T16:23:27.2651790Z           "op": ">=",
2026-08-14T16:23:27.2651900Z           "version": "3.4.0"
2026-08-14T16:23:27.2651970Z         },
2026-08-14T16:23:27.2652020Z         {
2026-08-14T16:23:27.2652130Z           "ref": "R.devices",
2026-08-14T16:23:27.2652230Z           "type": "suggests",
2026-08-14T16:23:27.2652350Z           "package": "R.devices",
2026-08-14T16:23:27.2652430Z           "op": "",
2026-08-14T16:23:27.2652520Z           "version": ""
2026-08-14T16:23:27.2652590Z         },
2026-08-14T16:23:27.2652650Z         {
2026-08-14T16:23:27.2652740Z           "ref": "R.rsp",
2026-08-14T16:23:27.2652850Z           "type": "suggests",
2026-08-14T16:23:27.2652950Z           "package": "R.rsp",
2026-08-14T16:23:27.2653030Z           "op": "",
2026-08-14T16:23:27.2653120Z           "version": ""
2026-08-14T16:23:27.2653190Z         },
2026-08-14T16:23:27.2653240Z         {
2026-08-14T16:23:27.2653340Z           "ref": "utils",
2026-08-14T16:23:27.2653440Z           "type": "suggests",
2026-08-14T16:23:27.2653540Z           "package": "utils",
2026-08-14T16:23:27.2653910Z           "op": "",
2026-08-14T16:23:27.2654000Z           "version": ""
2026-08-14T16:23:27.2654060Z         }
2026-08-14T16:23:27.2654120Z       ],
2026-08-14T16:23:27.2654210Z       "vignettes": false,
2026-08-14T16:23:27.2654330Z       "needscompilation": true,
2026-08-14T16:23:27.2654410Z       "metadata": {
2026-08-14T16:23:27.2654530Z         "RemoteType": "standard",
2026-08-14T16:23:27.2654650Z         "RemotePkgRef": "matrixStats",
2026-08-14T16:23:27.2654770Z         "RemoteRef": "matrixStats",
2026-08-14T16:23:27.2654940Z         "RemoteRepos": "https://cran.rstudio.com",
2026-08-14T16:23:27.2655110Z         "RemotePkgPlatform": "aarch64-apple-darwin23",
2026-08-14T16:23:27.2655210Z         "RemoteSha": "1.5.0"
2026-08-14T16:23:27.2655270Z       },
2026-08-14T16:23:27.2655970Z       "sources": ["https://cran.rstudio.com/bin/macosx/sonoma-arm64/contrib/4.6/matrixStats_1.5.0.tgz", "https://mac.cran.dev/bin/macosx/sonoma-arm64/contrib/4.6/matrixStats_1.5.0.tgz"],
2026-08-14T16:23:27.2656220Z       "target": "bin/macosx/sonoma-arm64/contrib/4.6/matrixStats_1.5.0.tgz",
2026-08-14T16:23:27.2656370Z       "platform": "aarch64-apple-darwin23",
2026-08-14T16:23:27.2656460Z       "rversion": "4.6",
2026-08-14T16:23:27.2656730Z       "built": "R 4.6.0; aarch64-apple-darwin23; 2026-04-25 15:45:26 UTC; unix",
2026-08-14T16:23:27.2656820Z       "directpkg": false,
2026-08-14T16:23:27.2656940Z       "license": "Artistic-2.0",
2026-08-14T16:23:27.2657250Z       "sha256": "\n        c800ec1d58871e9802b218bb6a92cd0ac8b3303f1b153072f25f5a2f3243205b",
2026-08-14T16:23:27.2657430Z       "dep_types": ["Depends", "Imports", "LinkingTo"],
2026-08-14T16:23:27.2657510Z       "params": [],
2026-08-14T16:23:27.2657600Z       "install_args": [],
2026-08-14T16:23:27.2657700Z       "repotype": "cran"
2026-08-14T16:23:27.2657750Z     },
2026-08-14T16:23:27.2657790Z     {
2026-08-14T16:23:27.2657890Z       "ref": "plyr",
2026-08-14T16:23:27.2658000Z       "package": "plyr",
2026-08-14T16:23:27.2658120Z       "version": "1.8.9",
2026-08-14T16:23:27.2658240Z       "type": "standard",
2026-08-14T16:23:27.2658350Z       "direct": false,
2026-08-14T16:23:27.2658440Z       "binary": true,
2026-08-14T16:23:27.2658620Z       "dependencies": ["Rcpp"],
2026-08-14T16:23:27.2658710Z       "deps": [
2026-08-14T16:23:27.2658770Z         {
2026-08-14T16:23:27.2658860Z           "ref": "abind",
2026-08-14T16:23:27.2658960Z           "type": "suggests",
2026-08-14T16:23:27.2659060Z           "package": "abind",
2026-08-14T16:23:27.2659130Z           "op": "",
2026-08-14T16:23:27.2659230Z           "version": ""
2026-08-14T16:23:27.2659290Z         },
2026-08-14T16:23:27.2659350Z         {
2026-08-14T16:23:27.2659450Z           "ref": "covr",
2026-08-14T16:23:27.2659550Z           "type": "suggests",
2026-08-14T16:23:27.2659650Z           "package": "covr",
2026-08-14T16:23:27.2659730Z           "op": "",
2026-08-14T16:23:27.2659810Z           "version": ""
2026-08-14T16:23:27.2659880Z         },
2026-08-14T16:23:27.2659940Z         {
2026-08-14T16:23:27.2660050Z           "ref": "doParallel",
2026-08-14T16:23:27.2660160Z           "type": "suggests",
2026-08-14T16:23:27.2660270Z           "package": "doParallel",
2026-08-14T16:23:27.2660360Z           "op": "",
2026-08-14T16:23:27.2660450Z           "version": ""
2026-08-14T16:23:27.2660520Z         },
2026-08-14T16:23:27.2660580Z         {
2026-08-14T16:23:27.2660690Z           "ref": "foreach",
2026-08-14T16:23:27.2660810Z           "type": "suggests",
2026-08-14T16:23:27.2660950Z           "package": "foreach",
2026-08-14T16:23:27.2661050Z           "op": "",
2026-08-14T16:23:27.2661160Z           "version": ""
2026-08-14T16:23:27.2661230Z         },
2026-08-14T16:23:27.2661280Z         {
2026-08-14T16:23:27.2661380Z           "ref": "iterators",
2026-08-14T16:23:27.2661480Z           "type": "suggests",
2026-08-14T16:23:27.2661590Z           "package": "iterators",
2026-08-14T16:23:27.2661660Z           "op": "",
2026-08-14T16:23:27.2661750Z           "version": ""
2026-08-14T16:23:27.2661900Z         },
2026-08-14T16:23:27.2661960Z         {
2026-08-14T16:23:27.2662050Z           "ref": "itertools",
2026-08-14T16:23:27.2662150Z           "type": "suggests",
2026-08-14T16:23:27.2662430Z           "package": "itertools",
2026-08-14T16:23:27.2662540Z           "op": "",
2026-08-14T16:23:27.2662650Z           "version": ""
2026-08-14T16:23:27.2662730Z         },
2026-08-14T16:23:27.2662800Z         {
2026-08-14T16:23:27.2662880Z           "ref": "R",
2026-08-14T16:23:27.2662980Z           "type": "depends",
2026-08-14T16:23:27.2663080Z           "package": "R",
2026-08-14T16:23:27.2663170Z           "op": ">=",
2026-08-14T16:23:27.2663260Z           "version": "3.1.0"
2026-08-14T16:23:27.2663330Z         },
2026-08-14T16:23:27.2663390Z         {
2026-08-14T16:23:27.2663470Z           "ref": "Rcpp",
2026-08-14T16:23:27.2663580Z           "type": "imports",
2026-08-14T16:23:27.2663680Z           "package": "Rcpp",
2026-08-14T16:23:27.2663770Z           "op": ">=",
2026-08-14T16:23:27.2663870Z           "version": "0.11.0"
2026-08-14T16:23:27.2663930Z         },
2026-08-14T16:23:27.2663990Z         {
2026-08-14T16:23:27.2664080Z           "ref": "Rcpp",
2026-08-14T16:23:27.2664180Z           "type": "linkingto",
2026-08-14T16:23:27.2664280Z           "package": "Rcpp",
2026-08-14T16:23:27.2664360Z           "op": "",
2026-08-14T16:23:27.2664450Z           "version": ""
2026-08-14T16:23:27.2664510Z         },
2026-08-14T16:23:27.2664560Z         {
2026-08-14T16:23:27.2664650Z           "ref": "tcltk",
2026-08-14T16:23:27.2664750Z           "type": "suggests",
2026-08-14T16:23:27.2664860Z           "package": "tcltk",
2026-08-14T16:23:27.2664940Z           "op": "",
2026-08-14T16:23:27.2665020Z           "version": ""
2026-08-14T16:23:27.2665090Z         },
2026-08-14T16:23:27.2665150Z         {
2026-08-14T16:23:27.2665240Z           "ref": "testthat",
2026-08-14T16:23:27.2665340Z           "type": "suggests",
2026-08-14T16:23:27.2665450Z           "package": "testthat",
2026-08-14T16:23:27.2665530Z           "op": "",
2026-08-14T16:23:27.2665620Z           "version": ""
2026-08-14T16:23:27.2665670Z         }
2026-08-14T16:23:27.2665720Z       ],
2026-08-14T16:23:27.2665940Z       "vignettes": false,
2026-08-14T16:23:27.2666070Z       "needscompilation": true,
2026-08-14T16:23:27.2666150Z       "metadata": {
2026-08-14T16:23:27.2666260Z         "RemoteType": "standard",
2026-08-14T16:23:27.2666360Z         "RemotePkgRef": "plyr",
2026-08-14T16:23:27.2666460Z         "RemoteRef": "plyr",
2026-08-14T16:23:27.2666620Z         "RemoteRepos": "https://cran.rstudio.com",
2026-08-14T16:23:27.2666800Z         "RemotePkgPlatform": "aarch64-apple-darwin23",
2026-08-14T16:23:27.2666890Z         "RemoteSha": "1.8.9"
2026-08-14T16:23:27.2666950Z       },
2026-08-14T16:23:27.2667570Z       "sources": ["https://cran.rstudio.com/bin/macosx/sonoma-arm64/contrib/4.6/plyr_1.8.9.tgz", "https://mac.cran.dev/bin/macosx/sonoma-arm64/contrib/4.6/plyr_1.8.9.tgz"],
2026-08-14T16:23:27.2667800Z       "target": "bin/macosx/sonoma-arm64/contrib/4.6/plyr_1.8.9.tgz",
2026-08-14T16:23:27.2667940Z       "platform": "aarch64-apple-darwin23",
2026-08-14T16:23:27.2668030Z       "rversion": "4.6",
2026-08-14T16:23:27.2668290Z       "built": "R 4.6.0; aarch64-apple-darwin23; 2026-04-25 15:43:36 UTC; unix",
2026-08-14T16:23:27.2668390Z       "directpkg": false,
2026-08-14T16:23:27.2668500Z       "license": "MIT + file LICENSE",
2026-08-14T16:23:27.2668820Z       "sha256": "\n        de8c920b7e7cd0e8b2b0a3a60f6a3d3eda2f5938edc831be4ce7e24effed0b5c",
2026-08-14T16:23:27.2668990Z       "dep_types": ["Depends", "Imports", "LinkingTo"],
2026-08-14T16:23:27.2669070Z       "params": [],
2026-08-14T16:23:27.2669160Z       "install_args": [],
2026-08-14T16:23:27.2669250Z       "repotype": "cran"
2026-08-14T16:23:27.2669300Z     },
2026-08-14T16:23:27.2669350Z     {
2026-08-14T16:23:27.2669440Z       "ref": "posterior",
2026-08-14T16:23:27.2669550Z       "package": "posterior",
2026-08-14T16:23:27.2669640Z       "version": "1.7.0",
2026-08-14T16:23:27.2669790Z       "type": "standard",
2026-08-14T16:23:27.2669880Z       "direct": false,
2026-08-14T16:23:27.2669960Z       "binary": true,
2026-08-14T16:23:27.2670410Z       "dependencies": ["abind", "checkmate", "distributional", "matrixStats", "pillar", "rlang", "tensorA", "tibble", "vctrs"],
2026-08-14T16:23:27.2670490Z       "deps": [
2026-08-14T16:23:27.2670550Z         {
2026-08-14T16:23:27.2670640Z           "ref": "abind",
2026-08-14T16:23:27.2670740Z           "type": "imports",
2026-08-14T16:23:27.2670840Z           "package": "abind",
2026-08-14T16:23:27.2670920Z           "op": "",
2026-08-14T16:23:27.2671000Z           "version": ""
2026-08-14T16:23:27.2671070Z         },
2026-08-14T16:23:27.2671130Z         {
2026-08-14T16:23:27.2671210Z           "ref": "caret",
2026-08-14T16:23:27.2671310Z           "type": "suggests",
2026-08-14T16:23:27.2671410Z           "package": "caret",
2026-08-14T16:23:27.2671490Z           "op": ">=",
2026-08-14T16:23:27.2671590Z           "version": "6.0-84"
2026-08-14T16:23:27.2671660Z         },
2026-08-14T16:23:27.2671710Z         {
2026-08-14T16:23:27.2671820Z           "ref": "checkmate",
2026-08-14T16:23:27.2671910Z           "type": "imports",
2026-08-14T16:23:27.2672030Z           "package": "checkmate",
2026-08-14T16:23:27.2672100Z           "op": "",
2026-08-14T16:23:27.2672190Z           "version": ""
2026-08-14T16:23:27.2672260Z         },
2026-08-14T16:23:27.2672320Z         {
2026-08-14T16:23:27.2672430Z           "ref": "distributional",
2026-08-14T16:23:27.2672530Z           "type": "imports",
2026-08-14T16:23:27.2672660Z           "package": "distributional",
2026-08-14T16:23:27.2672740Z           "op": "",
2026-08-14T16:23:27.2672830Z           "version": ""
2026-08-14T16:23:27.2672890Z         },
2026-08-14T16:23:27.2672950Z         {
2026-08-14T16:23:27.2673040Z           "ref": "dplyr",
2026-08-14T16:23:27.2673140Z           "type": "suggests",
2026-08-14T16:23:27.2673240Z           "package": "dplyr",
2026-08-14T16:23:27.2673330Z           "op": "",
2026-08-14T16:23:27.2673420Z           "version": ""
2026-08-14T16:23:27.2673490Z         },
2026-08-14T16:23:27.2673550Z         {
2026-08-14T16:23:27.2673640Z           "ref": "e1071",
2026-08-14T16:23:27.2673790Z           "type": "suggests",
2026-08-14T16:23:27.2673900Z           "package": "e1071",
2026-08-14T16:23:27.2673990Z           "op": ">=",
2026-08-14T16:23:27.2674090Z           "version": "1.7-3"
2026-08-14T16:23:27.2674160Z         },
2026-08-14T16:23:27.2674220Z         {
2026-08-14T16:23:27.2674310Z           "ref": "gbm",
2026-08-14T16:23:27.2674410Z           "type": "suggests",
2026-08-14T16:23:27.2674510Z           "package": "gbm",
2026-08-14T16:23:27.2674600Z           "op": ">=",
2026-08-14T16:23:27.2674700Z           "version": "2.1.8"
2026-08-14T16:23:27.2674760Z         },
2026-08-14T16:23:27.2674820Z         {
2026-08-14T16:23:27.2674910Z           "ref": "ggdist",
2026-08-14T16:23:27.2675010Z           "type": "suggests",
2026-08-14T16:23:27.2675130Z           "package": "ggdist",
2026-08-14T16:23:27.2675210Z           "op": "",
2026-08-14T16:23:27.2675300Z           "version": ""
2026-08-14T16:23:27.2675370Z         },
2026-08-14T16:23:27.2675420Z         {
2026-08-14T16:23:27.2675520Z           "ref": "ggplot2",
2026-08-14T16:23:27.2675620Z           "type": "suggests",
2026-08-14T16:23:27.2675730Z           "package": "ggplot2",
2026-08-14T16:23:27.2675810Z           "op": "",
2026-08-14T16:23:27.2675900Z           "version": ""
2026-08-14T16:23:27.2675970Z         },
2026-08-14T16:23:27.2676020Z         {
2026-08-14T16:23:27.2676120Z           "ref": "knitr",
2026-08-14T16:23:27.2676220Z           "type": "suggests",
2026-08-14T16:23:27.2676320Z           "package": "knitr",
2026-08-14T16:23:27.2676400Z           "op": "",
2026-08-14T16:23:27.2676490Z           "version": ""
2026-08-14T16:23:27.2676550Z         },
2026-08-14T16:23:27.2676610Z         {
2026-08-14T16:23:27.2676720Z           "ref": "matrixStats",
2026-08-14T16:23:27.2676820Z           "type": "imports",
2026-08-14T16:23:27.2677000Z           "package": "matrixStats",
2026-08-14T16:23:27.2677080Z           "op": "",
2026-08-14T16:23:27.2677170Z           "version": ""
2026-08-14T16:23:27.2677240Z         },
2026-08-14T16:23:27.2677300Z         {
2026-08-14T16:23:27.2677400Z           "ref": "methods",
2026-08-14T16:23:27.2677500Z           "type": "imports",
2026-08-14T16:23:27.2677610Z           "package": "methods",
2026-08-14T16:23:27.2677690Z           "op": "",
2026-08-14T16:23:27.2677780Z           "version": ""
2026-08-14T16:23:27.2677840Z         },
2026-08-14T16:23:27.2677900Z         {
2026-08-14T16:23:27.2678000Z           "ref": "parallel",
2026-08-14T16:23:27.2678130Z           "type": "imports",
2026-08-14T16:23:27.2678260Z           "package": "parallel",
2026-08-14T16:23:27.2678360Z           "op": "",
2026-08-14T16:23:27.2678480Z           "version": ""
2026-08-14T16:23:27.2678540Z         },
2026-08-14T16:23:27.2678600Z         {
2026-08-14T16:23:27.2678690Z           "ref": "pillar",
2026-08-14T16:23:27.2678790Z           "type": "imports",
2026-08-14T16:23:27.2678900Z           "package": "pillar",
2026-08-14T16:23:27.2678980Z           "op": "",
2026-08-14T16:23:27.2679070Z           "version": ""
2026-08-14T16:23:27.2679130Z         },
2026-08-14T16:23:27.2679190Z         {
2026-08-14T16:23:27.2679280Z           "ref": "R",
2026-08-14T16:23:27.2679380Z           "type": "depends",
2026-08-14T16:23:27.2679470Z           "package": "R",
2026-08-14T16:23:27.2679560Z           "op": ">=",
2026-08-14T16:23:27.2679650Z           "version": "3.2.0"
2026-08-14T16:23:27.2679720Z         },
2026-08-14T16:23:27.2679780Z         {
2026-08-14T16:23:27.2679880Z           "ref": "randomForest",
2026-08-14T16:23:27.2679990Z           "type": "suggests",
2026-08-14T16:23:27.2680100Z           "package": "randomForest",
2026-08-14T16:23:27.2680190Z           "op": ">=",
2026-08-14T16:23:27.2680280Z           "version": "4.6.14"
2026-08-14T16:23:27.2680350Z         },
2026-08-14T16:23:27.2680500Z         {
2026-08-14T16:23:27.2680630Z           "ref": "rlang",
2026-08-14T16:23:27.2680750Z           "type": "imports",
2026-08-14T16:23:27.2680870Z           "package": "rlang",
2026-08-14T16:23:27.2681040Z           "op": ">=",
2026-08-14T16:23:27.2681140Z           "version": "1.0.6"
2026-08-14T16:23:27.2681210Z         },
2026-08-14T16:23:27.2681270Z         {
2026-08-14T16:23:27.2681370Z           "ref": "rmarkdown",
2026-08-14T16:23:27.2681470Z           "type": "suggests",
2026-08-14T16:23:27.2681580Z           "package": "rmarkdown",
2026-08-14T16:23:27.2681660Z           "op": "",
2026-08-14T16:23:27.2681740Z           "version": ""
2026-08-14T16:23:27.2681810Z         },
2026-08-14T16:23:27.2681860Z         {
2026-08-14T16:23:27.2681950Z           "ref": "stats",
2026-08-14T16:23:27.2682050Z           "type": "imports",
2026-08-14T16:23:27.2682150Z           "package": "stats",
2026-08-14T16:23:27.2682230Z           "op": "",
2026-08-14T16:23:27.2682320Z           "version": ""
2026-08-14T16:23:27.2682380Z         },
2026-08-14T16:23:27.2682440Z         {
2026-08-14T16:23:27.2682540Z           "ref": "tensorA",
2026-08-14T16:23:27.2682640Z           "type": "imports",
2026-08-14T16:23:27.2682760Z           "package": "tensorA",
2026-08-14T16:23:27.2682840Z           "op": "",
2026-08-14T16:23:27.2682930Z           "version": ""
2026-08-14T16:23:27.2682990Z         },
2026-08-14T16:23:27.2683050Z         {
2026-08-14T16:23:27.2683140Z           "ref": "testthat",
2026-08-14T16:23:27.2683250Z           "type": "suggests",
2026-08-14T16:23:27.2683350Z           "package": "testthat",
2026-08-14T16:23:27.2683440Z           "op": ">=",
2026-08-14T16:23:27.2683530Z           "version": "2.1.0"
2026-08-14T16:23:27.2683600Z         },
2026-08-14T16:23:27.2683650Z         {
2026-08-14T16:23:27.2683750Z           "ref": "tibble",
2026-08-14T16:23:27.2683850Z           "type": "imports",
2026-08-14T16:23:27.2683950Z           "package": "tibble",
2026-08-14T16:23:27.2684040Z           "op": ">=",
2026-08-14T16:23:27.2684130Z           "version": "3.1.0"
2026-08-14T16:23:27.2684290Z         },
2026-08-14T16:23:27.2684340Z         {
2026-08-14T16:23:27.2684430Z           "ref": "tidyr",
2026-08-14T16:23:27.2684540Z           "type": "suggests",
2026-08-14T16:23:27.2684640Z           "package": "tidyr",
2026-08-14T16:23:27.2684710Z           "op": "",
2026-08-14T16:23:27.2684800Z           "version": ""
2026-08-14T16:23:27.2684870Z         },
2026-08-14T16:23:27.2684920Z         {
2026-08-14T16:23:27.2685010Z           "ref": "vctrs",
2026-08-14T16:23:27.2685110Z           "type": "imports",
2026-08-14T16:23:27.2685200Z           "package": "vctrs",
2026-08-14T16:23:27.2685290Z           "op": ">=",
2026-08-14T16:23:27.2685380Z           "version": "0.5.0"
2026-08-14T16:23:27.2685440Z         }
2026-08-14T16:23:27.2685500Z       ],
2026-08-14T16:23:27.2685590Z       "vignettes": false,
2026-08-14T16:23:27.2685710Z       "needscompilation": false,
2026-08-14T16:23:27.2685790Z       "metadata": {
2026-08-14T16:23:27.2685900Z         "RemoteType": "standard",
2026-08-14T16:23:27.2686030Z         "RemotePkgRef": "posterior",
2026-08-14T16:23:27.2686140Z         "RemoteRef": "posterior",
2026-08-14T16:23:27.2686310Z         "RemoteRepos": "https://cran.rstudio.com",
2026-08-14T16:23:27.2686480Z         "RemotePkgPlatform": "aarch64-apple-darwin23",
2026-08-14T16:23:27.2686580Z         "RemoteSha": "1.7.0"
2026-08-14T16:23:27.2686640Z       },
2026-08-14T16:23:27.2687320Z       "sources": ["https://cran.rstudio.com/bin/macosx/sonoma-arm64/contrib/4.6/posterior_1.7.0.tgz", "https://mac.cran.dev/bin/macosx/sonoma-arm64/contrib/4.6/posterior_1.7.0.tgz"],
2026-08-14T16:23:27.2687560Z       "target": "bin/macosx/sonoma-arm64/contrib/4.6/posterior_1.7.0.tgz",
2026-08-14T16:23:27.2687700Z       "platform": "aarch64-apple-darwin23",
2026-08-14T16:23:27.2687790Z       "rversion": "4.6",
2026-08-14T16:23:27.2687970Z       "built": "R 4.6.0; ; 2026-04-26 05:18:17 UTC; unix",
2026-08-14T16:23:27.2688070Z       "directpkg": false,
2026-08-14T16:23:27.2688210Z       "license": "BSD_3_clause + file LICENSE",
2026-08-14T16:23:27.2688540Z       "sha256": "\n        9012caa97252a909d50cf01b7be6cde55bef441a7f54a762bb5f00ef1e5103f1",
2026-08-14T16:23:27.2688760Z       "dep_types": ["Depends", "Imports", "LinkingTo"],
2026-08-14T16:23:27.2688860Z       "params": [],
2026-08-14T16:23:27.2688970Z       "install_args": [],
2026-08-14T16:23:27.2689060Z       "repotype": "cran"
2026-08-14T16:23:27.2689110Z     },
2026-08-14T16:23:27.2689160Z     {
2026-08-14T16:23:27.2689250Z       "ref": "QuickJSR",
2026-08-14T16:23:27.2689360Z       "package": "QuickJSR",
2026-08-14T16:23:27.2689450Z       "version": "1.10.0",
2026-08-14T16:23:27.2689540Z       "type": "standard",
2026-08-14T16:23:27.2689640Z       "direct": false,
2026-08-14T16:23:27.2689730Z       "binary": true,
2026-08-14T16:23:27.2689830Z       "dependencies": [],
2026-08-14T16:23:27.2689900Z       "deps": [
2026-08-14T16:23:27.2689970Z         {
2026-08-14T16:23:27.2690060Z           "ref": "knitr",
2026-08-14T16:23:27.2690170Z           "type": "suggests",
2026-08-14T16:23:27.2690270Z           "package": "knitr",
2026-08-14T16:23:27.2690360Z           "op": "",
2026-08-14T16:23:27.2690450Z           "version": ""
2026-08-14T16:23:27.2690520Z         },
2026-08-14T16:23:27.2690570Z         {
2026-08-14T16:23:27.2690680Z           "ref": "rmarkdown",
2026-08-14T16:23:27.2690790Z           "type": "suggests",
2026-08-14T16:23:27.2690900Z           "package": "rmarkdown",
2026-08-14T16:23:27.2690980Z           "op": "",
2026-08-14T16:23:27.2691080Z           "version": ""
2026-08-14T16:23:27.2691150Z         },
2026-08-14T16:23:27.2691200Z         {
2026-08-14T16:23:27.2691300Z           "ref": "tinytest",
2026-08-14T16:23:27.2691400Z           "type": "suggests",
2026-08-14T16:23:27.2691520Z           "package": "tinytest",
2026-08-14T16:23:27.2691600Z           "op": "",
2026-08-14T16:23:27.2691700Z           "version": ""
2026-08-14T16:23:27.2691760Z         }
2026-08-14T16:23:27.2691810Z       ],
2026-08-14T16:23:27.2691980Z       "vignettes": false,
2026-08-14T16:23:27.2692100Z       "needscompilation": true,
2026-08-14T16:23:27.2692180Z       "metadata": {
2026-08-14T16:23:27.2692300Z         "RemoteType": "standard",
2026-08-14T16:23:27.2692420Z         "RemotePkgRef": "QuickJSR",
2026-08-14T16:23:27.2692540Z         "RemoteRef": "QuickJSR",
2026-08-14T16:23:27.2692700Z         "RemoteRepos": "https://cran.rstudio.com",
2026-08-14T16:23:27.2692880Z         "RemotePkgPlatform": "aarch64-apple-darwin23",
2026-08-14T16:23:27.2692990Z         "RemoteSha": "1.10.0"
2026-08-14T16:23:27.2693050Z       },
2026-08-14T16:23:27.2693730Z       "sources": ["https://cran.rstudio.com/bin/macosx/sonoma-arm64/contrib/4.6/QuickJSR_1.10.0.tgz", "https://mac.cran.dev/bin/macosx/sonoma-arm64/contrib/4.6/QuickJSR_1.10.0.tgz"],
2026-08-14T16:23:27.2693980Z       "target": "bin/macosx/sonoma-arm64/contrib/4.6/QuickJSR_1.10.0.tgz",
2026-08-14T16:23:27.2694120Z       "platform": "aarch64-apple-darwin23",
2026-08-14T16:23:27.2694210Z       "rversion": "4.6",
2026-08-14T16:23:27.2694480Z       "built": "R 4.6.0; aarch64-apple-darwin23; 2026-05-17 15:52:34 UTC; unix",
2026-08-14T16:23:27.2699390Z       "directpkg": false,
2026-08-14T16:23:27.2699660Z       "license": "MIT + file LICENSE",
2026-08-14T16:23:27.2700000Z       "sha256": "\n        e05d6f2142aebea6c7799ccd4582108dbaec2c19df00c599beaf1aa87ce26cfc",
2026-08-14T16:23:27.2700180Z       "dep_types": ["Depends", "Imports", "LinkingTo"],
2026-08-14T16:23:27.2700270Z       "params": [],
2026-08-14T16:23:27.2700370Z       "install_args": [],
2026-08-14T16:23:27.2700470Z       "repotype": "cran"
2026-08-14T16:23:27.2700530Z     },
2026-08-14T16:23:27.2700590Z     {
2026-08-14T16:23:27.2700700Z       "ref": "Rcpp",
2026-08-14T16:23:27.2700810Z       "package": "Rcpp",
2026-08-14T16:23:27.2700930Z       "version": "1.1.2",
2026-08-14T16:23:27.2701260Z       "type": "standard",
2026-08-14T16:23:27.2701400Z       "direct": false,
2026-08-14T16:23:27.2701490Z       "binary": true,
2026-08-14T16:23:27.2701800Z       "dependencies": [],
2026-08-14T16:23:27.2701930Z       "deps": [
2026-08-14T16:23:27.2702000Z         {
2026-08-14T16:23:27.2702270Z           "ref": "inline",
2026-08-14T16:23:27.2702990Z           "type": "suggests",
2026-08-14T16:23:27.2703120Z           "package": "inline",
2026-08-14T16:23:27.2703210Z           "op": "",
2026-08-14T16:23:27.2703310Z           "version": ""
2026-08-14T16:23:27.2703370Z         },
2026-08-14T16:23:27.2703430Z         {
2026-08-14T16:23:27.2703530Z           "ref": "methods",
2026-08-14T16:23:27.2703640Z           "type": "imports",
2026-08-14T16:23:27.2703750Z           "package": "methods",
2026-08-14T16:23:27.2703830Z           "op": "",
2026-08-14T16:23:27.2703930Z           "version": ""
2026-08-14T16:23:27.2704000Z         },
2026-08-14T16:23:27.2704050Z         {
2026-08-14T16:23:27.2704160Z           "ref": "pkgKitten",
2026-08-14T16:23:27.2704270Z           "type": "suggests",
2026-08-14T16:23:27.2704390Z           "package": "pkgKitten",
2026-08-14T16:23:27.2704480Z           "op": ">=",
2026-08-14T16:23:27.2704590Z           "version": "0.1.2"
2026-08-14T16:23:27.2704660Z         },
2026-08-14T16:23:27.2704720Z         {
2026-08-14T16:23:27.2704810Z           "ref": "R",
2026-08-14T16:23:27.2704910Z           "type": "depends",
2026-08-14T16:23:27.2705020Z           "package": "R",
2026-08-14T16:23:27.2705100Z           "op": ">=",
2026-08-14T16:23:27.2705200Z           "version": "3.5.0"
2026-08-14T16:23:27.2705270Z         },
2026-08-14T16:23:27.2705340Z         {
2026-08-14T16:23:27.2705440Z           "ref": "rbenchmark",
2026-08-14T16:23:27.2705550Z           "type": "suggests",
2026-08-14T16:23:27.2705660Z           "package": "rbenchmark",
2026-08-14T16:23:27.2705750Z           "op": "",
2026-08-14T16:23:27.2705840Z           "version": ""
2026-08-14T16:23:27.2705920Z         },
2026-08-14T16:23:27.2705980Z         {
2026-08-14T16:23:27.2706080Z           "ref": "tinytest",
2026-08-14T16:23:27.2706190Z           "type": "suggests",
2026-08-14T16:23:27.2706420Z           "package": "tinytest",
2026-08-14T16:23:27.2706500Z           "op": "",
2026-08-14T16:23:27.2706600Z           "version": ""
2026-08-14T16:23:27.2706660Z         },
2026-08-14T16:23:27.2706730Z         {
2026-08-14T16:23:27.2706830Z           "ref": "utils",
2026-08-14T16:23:27.2706930Z           "type": "imports",
2026-08-14T16:23:27.2707040Z           "package": "utils",
2026-08-14T16:23:27.2707120Z           "op": "",
2026-08-14T16:23:27.2707210Z           "version": ""
2026-08-14T16:23:27.2707270Z         }
2026-08-14T16:23:27.2707330Z       ],
2026-08-14T16:23:27.2707430Z       "vignettes": false,
2026-08-14T16:23:27.2707540Z       "needscompilation": true,
2026-08-14T16:23:27.2707640Z       "metadata": {
2026-08-14T16:23:27.2707760Z         "RemoteType": "standard",
2026-08-14T16:23:27.2707870Z         "RemotePkgRef": "Rcpp",
2026-08-14T16:23:27.2707970Z         "RemoteRef": "Rcpp",
2026-08-14T16:23:27.2708140Z         "RemoteRepos": "https://cran.rstudio.com",
2026-08-14T16:23:27.2708320Z         "RemotePkgPlatform": "aarch64-apple-darwin23",
2026-08-14T16:23:27.2708430Z         "RemoteSha": "1.1.2"
2026-08-14T16:23:27.2708490Z       },
2026-08-14T16:23:27.2709140Z       "sources": ["https://cran.rstudio.com/bin/macosx/sonoma-arm64/contrib/4.6/Rcpp_1.1.2.tgz", "https://mac.cran.dev/bin/macosx/sonoma-arm64/contrib/4.6/Rcpp_1.1.2.tgz"],
2026-08-14T16:23:27.2709370Z       "target": "bin/macosx/sonoma-arm64/contrib/4.6/Rcpp_1.1.2.tgz",
2026-08-14T16:23:27.2709520Z       "platform": "aarch64-apple-darwin23",
2026-08-14T16:23:27.2709610Z       "rversion": "4.6",
2026-08-14T16:23:27.2709890Z       "built": "R 4.6.1; aarch64-apple-darwin23; 2026-07-05 10:40:15 UTC; unix",
2026-08-14T16:23:27.2709990Z       "directpkg": false,
2026-08-14T16:23:27.2710100Z       "license": "GPL (>= 2)",
2026-08-14T16:23:27.2710440Z       "sha256": "\n        e135ad06daffae1f7f93da59b9789dd87b6b3c4a94ef61ccfe9b258593206aa3",
2026-08-14T16:23:27.2710620Z       "dep_types": ["Depends", "Imports", "LinkingTo"],
2026-08-14T16:23:27.2710700Z       "params": [],
2026-08-14T16:23:27.2710800Z       "install_args": [],
2026-08-14T16:23:27.2710900Z       "repotype": "cran"
2026-08-14T16:23:27.2710960Z     },
2026-08-14T16:23:27.2711060Z     {
2026-08-14T16:23:27.2711170Z       "ref": "RcppParallel",
2026-08-14T16:23:27.2711290Z       "package": "RcppParallel",
2026-08-14T16:23:27.2711390Z       "version": "6.2.0",
2026-08-14T16:23:27.2711490Z       "type": "standard",
2026-08-14T16:23:27.2711580Z       "direct": false,
2026-08-14T16:23:27.2711670Z       "binary": true,
2026-08-14T16:23:27.2711770Z       "dependencies": [],
2026-08-14T16:23:27.2711850Z       "deps": [
2026-08-14T16:23:27.2711910Z         {
2026-08-14T16:23:27.2712000Z           "ref": "knitr",
2026-08-14T16:23:27.2712100Z           "type": "suggests",
2026-08-14T16:23:27.2712210Z           "package": "knitr",
2026-08-14T16:23:27.2712290Z           "op": "",
2026-08-14T16:23:27.2712380Z           "version": ""
2026-08-14T16:23:27.2712440Z         },
2026-08-14T16:23:27.2712500Z         {
2026-08-14T16:23:27.2712590Z           "ref": "R",
2026-08-14T16:23:27.2712690Z           "type": "depends",
2026-08-14T16:23:27.2712790Z           "package": "R",
2026-08-14T16:23:27.2712880Z           "op": ">=",
2026-08-14T16:23:27.2712970Z           "version": "3.6.0"
2026-08-14T16:23:27.2713050Z         },
2026-08-14T16:23:27.2713100Z         {
2026-08-14T16:23:27.2713190Z           "ref": "Rcpp",
2026-08-14T16:23:27.2713290Z           "type": "suggests",
2026-08-14T16:23:27.2713400Z           "package": "Rcpp",
2026-08-14T16:23:27.2713490Z           "op": "",
2026-08-14T16:23:27.2713580Z           "version": ""
2026-08-14T16:23:27.2713650Z         },
2026-08-14T16:23:27.2713710Z         {
2026-08-14T16:23:27.2713810Z           "ref": "rmarkdown",
2026-08-14T16:23:27.2713920Z           "type": "suggests",
2026-08-14T16:23:27.2714040Z           "package": "rmarkdown",
2026-08-14T16:23:27.2714120Z           "op": "",
2026-08-14T16:23:27.2714210Z           "version": ""
2026-08-14T16:23:27.2714320Z         }
2026-08-14T16:23:27.2714380Z       ],
2026-08-14T16:23:27.2714480Z       "vignettes": false,
2026-08-14T16:23:27.2714600Z       "needscompilation": true,
2026-08-14T16:23:27.2714690Z       "metadata": {
2026-08-14T16:23:27.2714800Z         "RemoteType": "standard",
2026-08-14T16:23:27.2714930Z         "RemotePkgRef": "RcppParallel",
2026-08-14T16:23:27.2715060Z         "RemoteRef": "RcppParallel",
2026-08-14T16:23:27.2715240Z         "RemoteRepos": "https://cran.rstudio.com",
2026-08-14T16:23:27.2715470Z         "RemotePkgPlatform": "aarch64-apple-darwin23",
2026-08-14T16:23:27.2715590Z         "RemoteSha": "6.2.0"
2026-08-14T16:23:27.2715660Z       },
2026-08-14T16:23:27.2716370Z       "sources": ["https://cran.rstudio.com/bin/macosx/sonoma-arm64/contrib/4.6/RcppParallel_6.2.0.tgz", "https://mac.cran.dev/bin/macosx/sonoma-arm64/contrib/4.6/RcppParallel_6.2.0.tgz"],
2026-08-14T16:23:27.2716630Z       "target": "bin/macosx/sonoma-arm64/contrib/4.6/RcppParallel_6.2.0.tgz",
2026-08-14T16:23:27.2716780Z       "platform": "aarch64-apple-darwin23",
2026-08-14T16:23:27.2716870Z       "rversion": "4.6",
2026-08-14T16:23:27.2717150Z       "built": "R 4.6.1; aarch64-apple-darwin23; 2026-07-30 08:29:52 UTC; unix",
2026-08-14T16:23:27.2717250Z       "directpkg": false,
2026-08-14T16:23:27.2717360Z       "license": "GPL (>= 3)",
2026-08-14T16:23:27.2717670Z       "sha256": "\n        f1088a79375d4c0cbc2133bf2348cfe91ea6f41958cb8c0333b01f7311f7e80a",
2026-08-14T16:23:27.2717850Z       "dep_types": ["Depends", "Imports", "LinkingTo"],
2026-08-14T16:23:27.2717930Z       "params": [],
2026-08-14T16:23:27.2718030Z       "install_args": [],
2026-08-14T16:23:27.2718140Z       "repotype": "cran"
2026-08-14T16:23:27.2718200Z     },
2026-08-14T16:23:27.2718250Z     {
2026-08-14T16:23:27.2718380Z       "ref": "reshape2",
2026-08-14T16:23:27.2718500Z       "package": "reshape2",
2026-08-14T16:23:27.2718620Z       "version": "1.4.5",
2026-08-14T16:23:27.2718710Z       "type": "standard",
2026-08-14T16:23:27.2718800Z       "direct": false,
2026-08-14T16:23:27.2718890Z       "binary": true,
2026-08-14T16:23:27.2719090Z       "dependencies": ["plyr", "Rcpp", "stringr"],
2026-08-14T16:23:27.2719240Z       "deps": [
2026-08-14T16:23:27.2719330Z         {
2026-08-14T16:23:27.2719430Z           "ref": "covr",
2026-08-14T16:23:27.2719530Z           "type": "suggests",
2026-08-14T16:23:27.2719630Z           "package": "covr",
2026-08-14T16:23:27.2719730Z           "op": "",
2026-08-14T16:23:27.2719840Z           "version": ""
2026-08-14T16:23:27.2719920Z         },
2026-08-14T16:23:27.2719990Z         {
2026-08-14T16:23:27.2720110Z           "ref": "lattice",
2026-08-14T16:23:27.2720220Z           "type": "suggests",
2026-08-14T16:23:27.2720320Z           "package": "lattice",
2026-08-14T16:23:27.2720410Z           "op": "",
2026-08-14T16:23:27.2720510Z           "version": ""
2026-08-14T16:23:27.2720590Z         },
2026-08-14T16:23:27.2720660Z         {
2026-08-14T16:23:27.2720780Z           "ref": "plyr",
2026-08-14T16:23:27.2720900Z           "type": "imports",
2026-08-14T16:23:27.2721000Z           "package": "plyr",
2026-08-14T16:23:27.2721080Z           "op": ">=",
2026-08-14T16:23:27.2721180Z           "version": "1.8.1"
2026-08-14T16:23:27.2721250Z         },
2026-08-14T16:23:27.2721310Z         {
2026-08-14T16:23:27.2721390Z           "ref": "R",
2026-08-14T16:23:27.2721490Z           "type": "depends",
2026-08-14T16:23:27.2721600Z           "package": "R",
2026-08-14T16:23:27.2721710Z           "op": ">=",
2026-08-14T16:23:27.2721830Z           "version": "3.1"
2026-08-14T16:23:27.2721910Z         },
2026-08-14T16:23:27.2721980Z         {
2026-08-14T16:23:27.2722080Z           "ref": "Rcpp",
2026-08-14T16:23:27.2722210Z           "type": "imports",
2026-08-14T16:23:27.2722330Z           "package": "Rcpp",
2026-08-14T16:23:27.2722430Z           "op": "",
2026-08-14T16:23:27.2722520Z           "version": ""
2026-08-14T16:23:27.2722590Z         },
2026-08-14T16:23:27.2722650Z         {
2026-08-14T16:23:27.2722740Z           "ref": "Rcpp",
2026-08-14T16:23:27.2722970Z           "type": "linkingto",
2026-08-14T16:23:27.2723100Z           "package": "Rcpp",
2026-08-14T16:23:27.2723200Z           "op": "",
2026-08-14T16:23:27.2723300Z           "version": ""
2026-08-14T16:23:27.2723380Z         },
2026-08-14T16:23:27.2723460Z         {
2026-08-14T16:23:27.2723570Z           "ref": "stringr",
2026-08-14T16:23:27.2723700Z           "type": "imports",
2026-08-14T16:23:27.2723830Z           "package": "stringr",
2026-08-14T16:23:27.2723920Z           "op": "",
2026-08-14T16:23:27.2724040Z           "version": ""
2026-08-14T16:23:27.2724120Z         },
2026-08-14T16:23:27.2724190Z         {
2026-08-14T16:23:27.2724320Z           "ref": "testthat",
2026-08-14T16:23:27.2724430Z           "type": "suggests",
2026-08-14T16:23:27.2724570Z           "package": "testthat",
2026-08-14T16:23:27.2724680Z           "op": ">=",
2026-08-14T16:23:27.2724800Z           "version": "3.0.0"
2026-08-14T16:23:27.2724870Z         }
2026-08-14T16:23:27.2724930Z       ],
2026-08-14T16:23:27.2725060Z       "vignettes": false,
2026-08-14T16:23:27.2725190Z       "needscompilation": true,
2026-08-14T16:23:27.2725290Z       "metadata": {
2026-08-14T16:23:27.2725430Z         "RemoteType": "standard",
2026-08-14T16:23:27.2725560Z         "RemotePkgRef": "reshape2",
2026-08-14T16:23:27.2725670Z         "RemoteRef": "reshape2",
2026-08-14T16:23:27.2725860Z         "RemoteRepos": "https://cran.rstudio.com",
2026-08-14T16:23:27.2726080Z         "RemotePkgPlatform": "aarch64-apple-darwin23",
2026-08-14T16:23:27.2726210Z         "RemoteSha": "1.4.5"
2026-08-14T16:23:27.2726270Z       },
2026-08-14T16:23:27.2727110Z       "sources": ["https://cran.rstudio.com/bin/macosx/sonoma-arm64/contrib/4.6/reshape2_1.4.5.tgz", "https://mac.cran.dev/bin/macosx/sonoma-arm64/contrib/4.6/reshape2_1.4.5.tgz"],
2026-08-14T16:23:27.2727400Z       "target": "bin/macosx/sonoma-arm64/contrib/4.6/reshape2_1.4.5.tgz",
2026-08-14T16:23:27.2727570Z       "platform": "aarch64-apple-darwin23",
2026-08-14T16:23:27.2727690Z       "rversion": "4.6",
2026-08-14T16:23:27.2728010Z       "built": "R 4.6.0; aarch64-apple-darwin23; 2026-04-26 02:20:52 UTC; unix",
2026-08-14T16:23:27.2728200Z       "directpkg": false,
2026-08-14T16:23:27.2728340Z       "license": "MIT + file LICENSE",
2026-08-14T16:23:27.2728690Z       "sha256": "\n        0774797b8596bcc9455c533cdd0c44c675e6617237f1c257ff954ae77f112a9e",
2026-08-14T16:23:27.2728910Z       "dep_types": ["Depends", "Imports", "LinkingTo"],
2026-08-14T16:23:27.2729010Z       "params": [],
2026-08-14T16:23:27.2729130Z       "install_args": [],
2026-08-14T16:23:27.2729250Z       "repotype": "cran"
2026-08-14T16:23:27.2729310Z     },
2026-08-14T16:23:27.2729360Z     {
2026-08-14T16:23:27.2729470Z       "ref": "rstan",
2026-08-14T16:23:27.2729570Z       "package": "rstan",
2026-08-14T16:23:27.2729660Z       "version": "2.32.7",
2026-08-14T16:23:27.2729790Z       "type": "standard",
2026-08-14T16:23:27.2729890Z       "direct": false,
2026-08-14T16:23:27.2730000Z       "binary": true,
2026-08-14T16:23:27.2730530Z       "dependencies": ["ggplot2", "gridExtra", "inline", "loo", "pkgbuild", "QuickJSR", "Rcpp", "RcppParallel", "StanHeaders"],
2026-08-14T16:23:27.2730640Z       "deps": [
2026-08-14T16:23:27.2730710Z         {
2026-08-14T16:23:27.2730810Z           "ref": "bayesplot",
2026-08-14T16:23:27.2730920Z           "type": "suggests",
2026-08-14T16:23:27.2731040Z           "package": "bayesplot",
2026-08-14T16:23:27.2731140Z           "op": "",
2026-08-14T16:23:27.2731250Z           "version": ""
2026-08-14T16:23:27.2731330Z         },
2026-08-14T16:23:27.2731400Z         {
2026-08-14T16:23:27.2731500Z           "ref": "BH",
2026-08-14T16:23:27.2731600Z           "type": "linkingto",
2026-08-14T16:23:27.2731700Z           "package": "BH",
2026-08-14T16:23:27.2731790Z           "op": ">=",
2026-08-14T16:23:27.2731910Z           "version": "1.75.0-0"
2026-08-14T16:23:27.2731990Z         },
2026-08-14T16:23:27.2732060Z         {
2026-08-14T16:23:27.2732170Z           "ref": "coda",
2026-08-14T16:23:27.2732350Z           "type": "suggests",
2026-08-14T16:23:27.2732450Z           "package": "coda",
2026-08-14T16:23:27.2732540Z           "op": "",
2026-08-14T16:23:27.2732650Z           "version": ""
2026-08-14T16:23:27.2732740Z         },
2026-08-14T16:23:27.2732810Z         {
2026-08-14T16:23:27.2732930Z           "ref": "ggplot2",
2026-08-14T16:23:27.2733050Z           "type": "imports",
2026-08-14T16:23:27.2733180Z           "package": "ggplot2",
2026-08-14T16:23:27.2733290Z           "op": ">=",
2026-08-14T16:23:27.2733400Z           "version": "3.3.5"
2026-08-14T16:23:27.2733490Z         },
2026-08-14T16:23:27.2733550Z         {
2026-08-14T16:23:27.2733660Z           "ref": "gridExtra",
2026-08-14T16:23:27.2733780Z           "type": "imports",
2026-08-14T16:23:27.2733920Z           "package": "gridExtra",
2026-08-14T16:23:27.2734020Z           "op": ">=",
2026-08-14T16:23:27.2734130Z           "version": "2.3"
2026-08-14T16:23:27.2734210Z         },
2026-08-14T16:23:27.2734280Z         {
2026-08-14T16:23:27.2734400Z           "ref": "inline",
2026-08-14T16:23:27.2734520Z           "type": "imports",
2026-08-14T16:23:27.2734650Z           "package": "inline",
2026-08-14T16:23:27.2734740Z           "op": ">=",
2026-08-14T16:23:27.2734840Z           "version": "0.3.19"
2026-08-14T16:23:27.2734910Z         },
2026-08-14T16:23:27.2734970Z         {
2026-08-14T16:23:27.2735100Z           "ref": "KernSmooth",
2026-08-14T16:23:27.2735230Z           "type": "suggests",
2026-08-14T16:23:27.2735380Z           "package": "KernSmooth",
2026-08-14T16:23:27.2735460Z           "op": "",
2026-08-14T16:23:27.2735550Z           "version": ""
2026-08-14T16:23:27.2735610Z         },
2026-08-14T16:23:27.2735670Z         {
2026-08-14T16:23:27.2735790Z           "ref": "knitr",
2026-08-14T16:23:27.2735910Z           "type": "suggests",
2026-08-14T16:23:27.2736040Z           "package": "knitr",
2026-08-14T16:23:27.2736140Z           "op": "",
2026-08-14T16:23:27.2736240Z           "version": ""
2026-08-14T16:23:27.2736310Z         },
2026-08-14T16:23:27.2736370Z         {
2026-08-14T16:23:27.2736470Z           "ref": "loo",
2026-08-14T16:23:27.2736600Z           "type": "imports",
2026-08-14T16:23:27.2736930Z           "package": "loo",
2026-08-14T16:23:27.2737060Z           "op": ">=",
2026-08-14T16:23:27.2737190Z           "version": "2.4.1"
2026-08-14T16:23:27.2737270Z         },
2026-08-14T16:23:27.2737340Z         {
2026-08-14T16:23:27.2737450Z           "ref": "Matrix",
2026-08-14T16:23:27.2737560Z           "type": "suggests",
2026-08-14T16:23:27.2737690Z           "package": "Matrix",
2026-08-14T16:23:27.2737790Z           "op": "",
2026-08-14T16:23:27.2737910Z           "version": ""
2026-08-14T16:23:27.2737990Z         },
2026-08-14T16:23:27.2738050Z         {
2026-08-14T16:23:27.2738160Z           "ref": "methods",
2026-08-14T16:23:27.2738290Z           "type": "imports",
2026-08-14T16:23:27.2738420Z           "package": "methods",
2026-08-14T16:23:27.2738520Z           "op": "",
2026-08-14T16:23:27.2738620Z           "version": ""
2026-08-14T16:23:27.2738690Z         },
2026-08-14T16:23:27.2738770Z         {
2026-08-14T16:23:27.2738890Z           "ref": "parallel",
2026-08-14T16:23:27.2739020Z           "type": "suggests",
2026-08-14T16:23:27.2739150Z           "package": "parallel",
2026-08-14T16:23:27.2739240Z           "op": "",
2026-08-14T16:23:27.2739340Z           "version": ""
2026-08-14T16:23:27.2739420Z         },
2026-08-14T16:23:27.2739490Z         {
2026-08-14T16:23:27.2739620Z           "ref": "pkgbuild",
2026-08-14T16:23:27.2739740Z           "type": "imports",
2026-08-14T16:23:27.2739860Z           "package": "pkgbuild",
2026-08-14T16:23:27.2739970Z           "op": ">=",
2026-08-14T16:23:27.2740090Z           "version": "1.2.0"
2026-08-14T16:23:27.2740170Z         },
2026-08-14T16:23:27.2740240Z         {
2026-08-14T16:23:27.2740350Z           "ref": "QuickJSR",
2026-08-14T16:23:27.2740450Z           "type": "imports",
2026-08-14T16:23:27.2740550Z           "package": "QuickJSR",
2026-08-14T16:23:27.2740690Z           "op": "",
2026-08-14T16:23:27.2740810Z           "version": ""
2026-08-14T16:23:27.2740890Z         },
2026-08-14T16:23:27.2740960Z         {
2026-08-14T16:23:27.2741070Z           "ref": "R",
2026-08-14T16:23:27.2741200Z           "type": "depends",
2026-08-14T16:23:27.2741310Z           "package": "R",
2026-08-14T16:23:27.2741420Z           "op": ">=",
2026-08-14T16:23:27.2741540Z           "version": "3.4.0"
2026-08-14T16:23:27.2741630Z         },
2026-08-14T16:23:27.2741690Z         {
2026-08-14T16:23:27.2741800Z           "ref": "Rcpp",
2026-08-14T16:23:27.2741920Z           "type": "imports",
2026-08-14T16:23:27.2742040Z           "package": "Rcpp",
2026-08-14T16:23:27.2742140Z           "op": ">=",
2026-08-14T16:23:27.2742240Z           "version": "1.0.7"
2026-08-14T16:23:27.2742310Z         },
2026-08-14T16:23:27.2742370Z         {
2026-08-14T16:23:27.2742480Z           "ref": "Rcpp",
2026-08-14T16:23:27.2742610Z           "type": "linkingto",
2026-08-14T16:23:27.2742740Z           "package": "Rcpp",
2026-08-14T16:23:27.2742840Z           "op": ">=",
2026-08-14T16:23:27.2742930Z           "version": "1.0.7"
2026-08-14T16:23:27.2743000Z         },
2026-08-14T16:23:27.2743060Z         {
2026-08-14T16:23:27.2743180Z           "ref": "RcppEigen",
2026-08-14T16:23:27.2743310Z           "type": "linkingto",
2026-08-14T16:23:27.2743450Z           "package": "RcppEigen",
2026-08-14T16:23:27.2743560Z           "op": ">=",
2026-08-14T16:23:27.2743670Z           "version": "0.3.4.0.0"
2026-08-14T16:23:27.2743730Z         },
2026-08-14T16:23:27.2743790Z         {
2026-08-14T16:23:27.2743910Z           "ref": "RcppParallel",
2026-08-14T16:23:27.2744030Z           "type": "imports",
2026-08-14T16:23:27.2744180Z           "package": "RcppParallel",
2026-08-14T16:23:27.2744280Z           "op": ">=",
2026-08-14T16:23:27.2744390Z           "version": "5.1.4"
2026-08-14T16:23:27.2744460Z         },
2026-08-14T16:23:27.2744520Z         {
2026-08-14T16:23:27.2744640Z           "ref": "RcppParallel",
2026-08-14T16:23:27.2744770Z           "type": "linkingto",
2026-08-14T16:23:27.2744910Z           "package": "RcppParallel",
2026-08-14T16:23:27.2745020Z           "op": ">=",
2026-08-14T16:23:27.2745180Z           "version": "5.1.4"
2026-08-14T16:23:27.2745250Z         },
2026-08-14T16:23:27.2745310Z         {
2026-08-14T16:23:27.2745420Z           "ref": "rmarkdown",
2026-08-14T16:23:27.2745570Z           "type": "suggests",
2026-08-14T16:23:27.2745700Z           "package": "rmarkdown",
2026-08-14T16:23:27.2745810Z           "op": "",
2026-08-14T16:23:27.2745900Z           "version": ""
2026-08-14T16:23:27.2745970Z         },
2026-08-14T16:23:27.2746020Z         {
2026-08-14T16:23:27.2746140Z           "ref": "rstantools",
2026-08-14T16:23:27.2746270Z           "type": "suggests",
2026-08-14T16:23:27.2746410Z           "package": "rstantools",
2026-08-14T16:23:27.2746510Z           "op": "",
2026-08-14T16:23:27.2746610Z           "version": ""
2026-08-14T16:23:27.2746680Z         },
2026-08-14T16:23:27.2746740Z         {
2026-08-14T16:23:27.2746850Z           "ref": "rstudioapi",
2026-08-14T16:23:27.2746980Z           "type": "suggests",
2026-08-14T16:23:27.2747120Z           "package": "rstudioapi",
2026-08-14T16:23:27.2747220Z           "op": "",
2026-08-14T16:23:27.2747320Z           "version": ""
2026-08-14T16:23:27.2747390Z         },
2026-08-14T16:23:27.2747450Z         {
2026-08-14T16:23:27.2747550Z           "ref": "shinystan",
2026-08-14T16:23:27.2747650Z           "type": "suggests",
2026-08-14T16:23:27.2747770Z           "package": "shinystan",
2026-08-14T16:23:27.2747870Z           "op": "",
2026-08-14T16:23:27.2747980Z           "version": ""
2026-08-14T16:23:27.2748070Z         },
2026-08-14T16:23:27.2748130Z         {
2026-08-14T16:23:27.2748260Z           "ref": "StanHeaders",
2026-08-14T16:23:27.2748360Z           "type": "depends",
2026-08-14T16:23:27.2748470Z           "package": "StanHeaders",
2026-08-14T16:23:27.2748550Z           "op": ">=",
2026-08-14T16:23:27.2748660Z           "version": "2.32.0"
2026-08-14T16:23:27.2748770Z         },
2026-08-14T16:23:27.2748840Z         {
2026-08-14T16:23:27.2748940Z           "ref": "StanHeaders",
2026-08-14T16:23:27.2749050Z           "type": "linkingto",
2026-08-14T16:23:27.2749170Z           "package": "StanHeaders",
2026-08-14T16:23:27.2749290Z           "op": ">=",
2026-08-14T16:23:27.2749410Z           "version": "2.32.0"
2026-08-14T16:23:27.2749490Z         },
2026-08-14T16:23:27.2749560Z         {
2026-08-14T16:23:27.2749680Z           "ref": "stats4",
2026-08-14T16:23:27.2749780Z           "type": "imports",
2026-08-14T16:23:27.2749890Z           "package": "stats4",
2026-08-14T16:23:27.2749970Z           "op": "",
2026-08-14T16:23:27.2750060Z           "version": ""
2026-08-14T16:23:27.2750130Z         },
2026-08-14T16:23:27.2750190Z         {
2026-08-14T16:23:27.2750290Z           "ref": "testthat",
2026-08-14T16:23:27.2750390Z           "type": "suggests",
2026-08-14T16:23:27.2750510Z           "package": "testthat",
2026-08-14T16:23:27.2750590Z           "op": ">=",
2026-08-14T16:23:27.2750700Z           "version": "3.0.4"
2026-08-14T16:23:27.2750760Z         },
2026-08-14T16:23:27.2750820Z         {
2026-08-14T16:23:27.2750900Z           "ref": "V8",
2026-08-14T16:23:27.2751000Z           "type": "suggests",
2026-08-14T16:23:27.2751100Z           "package": "V8",
2026-08-14T16:23:27.2751180Z           "op": "",
2026-08-14T16:23:27.2751270Z           "version": ""
2026-08-14T16:23:27.2751330Z         }
2026-08-14T16:23:27.2751390Z       ],
2026-08-14T16:23:27.2751480Z       "vignettes": false,
2026-08-14T16:23:27.2751590Z       "needscompilation": true,
2026-08-14T16:23:27.2751680Z       "metadata": {
2026-08-14T16:23:27.2751790Z         "RemoteType": "standard",
2026-08-14T16:23:27.2751900Z         "RemotePkgRef": "rstan",
2026-08-14T16:23:27.2752000Z         "RemoteRef": "rstan",
2026-08-14T16:23:27.2752170Z         "RemoteRepos": "https://cran.rstudio.com",
2026-08-14T16:23:27.2752340Z         "RemotePkgPlatform": "aarch64-apple-darwin23",
2026-08-14T16:23:27.2752440Z         "RemoteSha": "2.32.7"
2026-08-14T16:23:27.2752500Z       },
2026-08-14T16:23:27.2753190Z       "sources": ["https://cran.rstudio.com/bin/macosx/sonoma-arm64/contrib/4.6/rstan_2.32.7.tgz", "https://mac.cran.dev/bin/macosx/sonoma-arm64/contrib/4.6/rstan_2.32.7.tgz"],
2026-08-14T16:23:27.2753420Z       "target": "bin/macosx/sonoma-arm64/contrib/4.6/rstan_2.32.7.tgz",
2026-08-14T16:23:27.2753560Z       "platform": "aarch64-apple-darwin23",
2026-08-14T16:23:27.2753660Z       "rversion": "4.6",
2026-08-14T16:23:27.2753910Z       "built": "R 4.6.0; aarch64-apple-darwin23; 2026-04-26 15:55:08 UTC; unix",
2026-08-14T16:23:27.2754010Z       "directpkg": false,
2026-08-14T16:23:27.2754110Z       "license": "GPL (>= 3)",
2026-08-14T16:23:27.2754490Z       "sha256": "\n        773314e78b43ab4cff085eebd2577304780fcf0acba97a60a4a0082106a1bcc3",
2026-08-14T16:23:27.2754700Z       "dep_types": ["Depends", "Imports", "LinkingTo"],
2026-08-14T16:23:27.2754790Z       "params": [],
2026-08-14T16:23:27.2754890Z       "install_args": [],
2026-08-14T16:23:27.2754990Z       "repotype": "cran"
2026-08-14T16:23:27.2755040Z     },
2026-08-14T16:23:27.2755090Z     {
2026-08-14T16:23:27.2755200Z       "ref": "rstantools",
2026-08-14T16:23:27.2755300Z       "package": "rstantools",
2026-08-14T16:23:27.2755400Z       "version": "2.7.0",
2026-08-14T16:23:27.2755500Z       "type": "standard",
2026-08-14T16:23:27.2755590Z       "direct": false,
2026-08-14T16:23:27.2755670Z       "binary": true,
2026-08-14T16:23:27.2755900Z       "dependencies": ["desc", "QuickJSR", "Rcpp", "RcppParallel"],
2026-08-14T16:23:27.2755980Z       "deps": [
2026-08-14T16:23:27.2756040Z         {
2026-08-14T16:23:27.2756140Z           "ref": "desc",
2026-08-14T16:23:27.2756270Z           "type": "imports",
2026-08-14T16:23:27.2756400Z           "package": "desc",
2026-08-14T16:23:27.2756500Z           "op": "",
2026-08-14T16:23:27.2756610Z           "version": ""
2026-08-14T16:23:27.2756670Z         },
2026-08-14T16:23:27.2756730Z         {
2026-08-14T16:23:27.2756920Z           "ref": "knitr",
2026-08-14T16:23:27.2757030Z           "type": "suggests",
2026-08-14T16:23:27.2757130Z           "package": "knitr",
2026-08-14T16:23:27.2757210Z           "op": "",
2026-08-14T16:23:27.2757310Z           "version": ""
2026-08-14T16:23:27.2757380Z         },
2026-08-14T16:23:27.2757430Z         {
2026-08-14T16:23:27.2757540Z           "ref": "pkgbuild",
2026-08-14T16:23:27.2757640Z           "type": "suggests",
2026-08-14T16:23:27.2757760Z           "package": "pkgbuild",
2026-08-14T16:23:27.2761450Z           "op": "",
2026-08-14T16:23:27.2761560Z           "version": ""
2026-08-14T16:23:27.2761620Z         },
2026-08-14T16:23:27.2761680Z         {
2026-08-14T16:23:27.2761770Z           "ref": "pkgload",
2026-08-14T16:23:27.2761870Z           "type": "suggests",
2026-08-14T16:23:27.2761980Z           "package": "pkgload",
2026-08-14T16:23:27.2762060Z           "op": "",
2026-08-14T16:23:27.2762150Z           "version": ""
2026-08-14T16:23:27.2762230Z         },
2026-08-14T16:23:27.2762280Z         {
2026-08-14T16:23:27.2762390Z           "ref": "QuickJSR",
2026-08-14T16:23:27.2762480Z           "type": "imports",
2026-08-14T16:23:27.2762610Z           "package": "QuickJSR",
2026-08-14T16:23:27.2762690Z           "op": "",
2026-08-14T16:23:27.2762780Z           "version": ""
2026-08-14T16:23:27.2762850Z         },
2026-08-14T16:23:27.2762910Z         {
2026-08-14T16:23:27.2763000Z           "ref": "Rcpp",
2026-08-14T16:23:27.2763100Z           "type": "imports",
2026-08-14T16:23:27.2763200Z           "package": "Rcpp",
2026-08-14T16:23:27.2763290Z           "op": ">=",
2026-08-14T16:23:27.2763390Z           "version": "0.12.16"
2026-08-14T16:23:27.2763460Z         },
2026-08-14T16:23:27.2763510Z         {
2026-08-14T16:23:27.2763630Z           "ref": "RcppParallel",
2026-08-14T16:23:27.2763730Z           "type": "imports",
2026-08-14T16:23:27.2763860Z           "package": "RcppParallel",
2026-08-14T16:23:27.2763940Z           "op": ">=",
2026-08-14T16:23:27.2764050Z           "version": "5.0.1"
2026-08-14T16:23:27.2764120Z         },
2026-08-14T16:23:27.2764170Z         {
2026-08-14T16:23:27.2764270Z           "ref": "rmarkdown",
2026-08-14T16:23:27.2764560Z           "type": "suggests",
2026-08-14T16:23:27.2764690Z           "package": "rmarkdown",
2026-08-14T16:23:27.2764770Z           "op": "",
2026-08-14T16:23:27.2764870Z           "version": ""
2026-08-14T16:23:27.2764930Z         },
2026-08-14T16:23:27.2764990Z         {
2026-08-14T16:23:27.2765080Z           "ref": "roxygen2",
2026-08-14T16:23:27.2765190Z           "type": "suggests",
2026-08-14T16:23:27.2765300Z           "package": "roxygen2",
2026-08-14T16:23:27.2765390Z           "op": ">=",
2026-08-14T16:23:27.2765480Z           "version": "7.0.0"
2026-08-14T16:23:27.2765550Z         },
2026-08-14T16:23:27.2765600Z         {
2026-08-14T16:23:27.2765700Z           "ref": "rstan",
2026-08-14T16:23:27.2765800Z           "type": "suggests",
2026-08-14T16:23:27.2765900Z           "package": "rstan",
2026-08-14T16:23:27.2765990Z           "op": ">=",
2026-08-14T16:23:27.2766250Z           "version": "2.17.2"
2026-08-14T16:23:27.2766330Z         },
2026-08-14T16:23:27.2766400Z         {
2026-08-14T16:23:27.2766540Z           "ref": "rstudioapi",
2026-08-14T16:23:27.2766640Z           "type": "suggests",
2026-08-14T16:23:27.2766770Z           "package": "rstudioapi",
2026-08-14T16:23:27.2766850Z           "op": "",
2026-08-14T16:23:27.2766950Z           "version": ""
2026-08-14T16:23:27.2767020Z         },
2026-08-14T16:23:27.2767080Z         {
2026-08-14T16:23:27.2767170Z           "ref": "stats",
2026-08-14T16:23:27.2767280Z           "type": "imports",
2026-08-14T16:23:27.2767370Z           "package": "stats",
2026-08-14T16:23:27.2767460Z           "op": "",
2026-08-14T16:23:27.2767540Z           "version": ""
2026-08-14T16:23:27.2767620Z         },
2026-08-14T16:23:27.2767670Z         {
2026-08-14T16:23:27.2767770Z           "ref": "testthat",
2026-08-14T16:23:27.2767870Z           "type": "suggests",
2026-08-14T16:23:27.2768060Z           "package": "testthat",
2026-08-14T16:23:27.2768150Z           "op": ">=",
2026-08-14T16:23:27.2768250Z           "version": "2.0.0"
2026-08-14T16:23:27.2768310Z         },
2026-08-14T16:23:27.2768370Z         {
2026-08-14T16:23:27.2768470Z           "ref": "usethis",
2026-08-14T16:23:27.2768570Z           "type": "suggests",
2026-08-14T16:23:27.2768680Z           "package": "usethis",
2026-08-14T16:23:27.2768760Z           "op": ">=",
2026-08-14T16:23:27.2768860Z           "version": "1.5.1"
2026-08-14T16:23:27.2768930Z         },
2026-08-14T16:23:27.2768980Z         {
2026-08-14T16:23:27.2769070Z           "ref": "utils",
2026-08-14T16:23:27.2769170Z           "type": "imports",
2026-08-14T16:23:27.2769270Z           "package": "utils",
2026-08-14T16:23:27.2769360Z           "op": "",
2026-08-14T16:23:27.2769450Z           "version": ""
2026-08-14T16:23:27.2769510Z         }
2026-08-14T16:23:27.2769560Z       ],
2026-08-14T16:23:27.2769660Z       "vignettes": false,
2026-08-14T16:23:27.2769770Z       "needscompilation": false,
2026-08-14T16:23:27.2769860Z       "metadata": {
2026-08-14T16:23:27.2769970Z         "RemoteType": "standard",
2026-08-14T16:23:27.2770100Z         "RemotePkgRef": "rstantools",
2026-08-14T16:23:27.2770220Z         "RemoteRef": "rstantools",
2026-08-14T16:23:27.2770380Z         "RemoteRepos": "https://cran.rstudio.com",
2026-08-14T16:23:27.2770560Z         "RemotePkgPlatform": "aarch64-apple-darwin23",
2026-08-14T16:23:27.2770660Z         "RemoteSha": "2.7.0"
2026-08-14T16:23:27.2770720Z       },
2026-08-14T16:23:27.2771400Z       "sources": ["https://cran.rstudio.com/bin/macosx/sonoma-arm64/contrib/4.6/rstantools_2.7.0.tgz", "https://mac.cran.dev/bin/macosx/sonoma-arm64/contrib/4.6/rstantools_2.7.0.tgz"],
2026-08-14T16:23:27.2771650Z       "target": "bin/macosx/sonoma-arm64/contrib/4.6/rstantools_2.7.0.tgz",
2026-08-14T16:23:27.2771790Z       "platform": "aarch64-apple-darwin23",
2026-08-14T16:23:27.2771890Z       "rversion": "4.6",
2026-08-14T16:23:27.2772070Z       "built": "R 4.6.1; ; 2026-07-26 01:25:09 UTC; unix",
2026-08-14T16:23:27.2772180Z       "directpkg": false,
2026-08-14T16:23:27.2772290Z       "license": "GPL (>= 3)",
2026-08-14T16:23:27.2772700Z       "sha256": "\n        ce49834fb30d7d84d3a44a99dba3aad4997f17cde3b7215e0703fcf25c480877",
2026-08-14T16:23:27.2772890Z       "dep_types": ["Depends", "Imports", "LinkingTo"],
2026-08-14T16:23:27.2772970Z       "params": [],
2026-08-14T16:23:27.2773070Z       "install_args": [],
2026-08-14T16:23:27.2773170Z       "repotype": "cran"
2026-08-14T16:23:27.2773220Z     },
2026-08-14T16:23:27.2773260Z     {
2026-08-14T16:23:27.2773360Z       "ref": "StanHeaders",
2026-08-14T16:23:27.2773460Z       "package": "StanHeaders",
2026-08-14T16:23:27.2773570Z       "version": "2.32.10",
2026-08-14T16:23:27.2773660Z       "type": "standard",
2026-08-14T16:23:27.2773750Z       "direct": false,
2026-08-14T16:23:27.2773840Z       "binary": true,
2026-08-14T16:23:27.2773970Z       "dependencies": ["RcppParallel"],
2026-08-14T16:23:27.2774060Z       "deps": [
2026-08-14T16:23:27.2774140Z         {
2026-08-14T16:23:27.2774250Z           "ref": "BH",
2026-08-14T16:23:27.2774380Z           "type": "suggests",
2026-08-14T16:23:27.2774510Z           "package": "BH",
2026-08-14T16:23:27.2774600Z           "op": ">=",
2026-08-14T16:23:27.2774710Z           "version": "1.75.0-0"
2026-08-14T16:23:27.2774780Z         },
2026-08-14T16:23:27.2774830Z         {
2026-08-14T16:23:27.2774920Z           "ref": "knitr",
2026-08-14T16:23:27.2775020Z           "type": "suggests",
2026-08-14T16:23:27.2775120Z           "package": "knitr",
2026-08-14T16:23:27.2775210Z           "op": ">=",
2026-08-14T16:23:27.2775300Z           "version": "1.36"
2026-08-14T16:23:27.2775370Z         },
2026-08-14T16:23:27.2775420Z         {
2026-08-14T16:23:27.2775520Z           "ref": "Matrix",
2026-08-14T16:23:27.2775610Z           "type": "suggests",
2026-08-14T16:23:27.2775720Z           "package": "Matrix",
2026-08-14T16:23:27.2775800Z           "op": "",
2026-08-14T16:23:27.2775940Z           "version": ""
2026-08-14T16:23:27.2776010Z         },
2026-08-14T16:23:27.2776070Z         {
2026-08-14T16:23:27.2776160Z           "ref": "methods",
2026-08-14T16:23:27.2776270Z           "type": "suggests",
2026-08-14T16:23:27.2776370Z           "package": "methods",
2026-08-14T16:23:27.2776450Z           "op": "",
2026-08-14T16:23:27.2776540Z           "version": ""
2026-08-14T16:23:27.2776610Z         },
2026-08-14T16:23:27.2776670Z         {
2026-08-14T16:23:27.2776760Z           "ref": "R",
2026-08-14T16:23:27.2776930Z           "type": "depends",
2026-08-14T16:23:27.2777060Z           "package": "R",
2026-08-14T16:23:27.2777160Z           "op": ">=",
2026-08-14T16:23:27.2777290Z           "version": "3.4.0"
2026-08-14T16:23:27.2777380Z         },
2026-08-14T16:23:27.2777440Z         {
2026-08-14T16:23:27.2777530Z           "ref": "Rcpp",
2026-08-14T16:23:27.2777630Z           "type": "suggests",
2026-08-14T16:23:27.2777730Z           "package": "Rcpp",
2026-08-14T16:23:27.2777810Z           "op": "",
2026-08-14T16:23:27.2777910Z           "version": ""
2026-08-14T16:23:27.2777970Z         },
2026-08-14T16:23:27.2778030Z         {
2026-08-14T16:23:27.2778130Z           "ref": "RcppEigen",
2026-08-14T16:23:27.2778230Z           "type": "linkingto",
2026-08-14T16:23:27.2778350Z           "package": "RcppEigen",
2026-08-14T16:23:27.2778440Z           "op": ">=",
2026-08-14T16:23:27.2778540Z           "version": "0.3.4.0.0"
2026-08-14T16:23:27.2778610Z         },
2026-08-14T16:23:27.2778670Z         {
2026-08-14T16:23:27.2778780Z           "ref": "RcppParallel",
2026-08-14T16:23:27.2778870Z           "type": "imports",
2026-08-14T16:23:27.2779000Z           "package": "RcppParallel",
2026-08-14T16:23:27.2779080Z           "op": ">=",
2026-08-14T16:23:27.2779180Z           "version": "5.1.4"
2026-08-14T16:23:27.2779250Z         },
2026-08-14T16:23:27.2779310Z         {
2026-08-14T16:23:27.2779410Z           "ref": "RcppParallel",
2026-08-14T16:23:27.2779520Z           "type": "linkingto",
2026-08-14T16:23:27.2779650Z           "package": "RcppParallel",
2026-08-14T16:23:27.2779730Z           "op": ">=",
2026-08-14T16:23:27.2779830Z           "version": "5.1.4"
2026-08-14T16:23:27.2779960Z         },
2026-08-14T16:23:27.2780030Z         {
2026-08-14T16:23:27.2780130Z           "ref": "rmarkdown",
2026-08-14T16:23:27.2780240Z           "type": "suggests",
2026-08-14T16:23:27.2780350Z           "package": "rmarkdown",
2026-08-14T16:23:27.2780440Z           "op": "",
2026-08-14T16:23:27.2780530Z           "version": ""
2026-08-14T16:23:27.2780600Z         },
2026-08-14T16:23:27.2780660Z         {
2026-08-14T16:23:27.2780770Z           "ref": "rstan",
2026-08-14T16:23:27.2780900Z           "type": "suggests",
2026-08-14T16:23:27.2781030Z           "package": "rstan",
2026-08-14T16:23:27.2781130Z           "op": "",
2026-08-14T16:23:27.2781220Z           "version": ""
2026-08-14T16:23:27.2781280Z         },
2026-08-14T16:23:27.2781340Z         {
2026-08-14T16:23:27.2781430Z           "ref": "withr",
2026-08-14T16:23:27.2781530Z           "type": "suggests",
2026-08-14T16:23:27.2781630Z           "package": "withr",
2026-08-14T16:23:27.2781710Z           "op": "",
2026-08-14T16:23:27.2781810Z           "version": ""
2026-08-14T16:23:27.2781860Z         }
2026-08-14T16:23:27.2781920Z       ],
2026-08-14T16:23:27.2782020Z       "vignettes": false,
2026-08-14T16:23:27.2782130Z       "needscompilation": true,
2026-08-14T16:23:27.2782210Z       "metadata": {
2026-08-14T16:23:27.2782330Z         "RemoteType": "standard",
2026-08-14T16:23:27.2782450Z         "RemotePkgRef": "StanHeaders",
2026-08-14T16:23:27.2782570Z         "RemoteRef": "StanHeaders",
2026-08-14T16:23:27.2782730Z         "RemoteRepos": "https://cran.rstudio.com",
2026-08-14T16:23:27.2782900Z         "RemotePkgPlatform": "aarch64-apple-darwin23",
2026-08-14T16:23:27.2783000Z         "RemoteSha": "2.32.10"
2026-08-14T16:23:27.2783060Z       },
2026-08-14T16:23:27.2783760Z       "sources": ["https://cran.rstudio.com/bin/macosx/sonoma-arm64/contrib/4.6/StanHeaders_2.32.10.tgz", "https://mac.cran.dev/bin/macosx/sonoma-arm64/contrib/4.6/StanHeaders_2.32.10.tgz"],
2026-08-14T16:23:27.2784080Z       "target": "bin/macosx/sonoma-arm64/contrib/4.6/StanHeaders_2.32.10.tgz",
2026-08-14T16:23:27.2784220Z       "platform": "aarch64-apple-darwin23",
2026-08-14T16:23:27.2784320Z       "rversion": "4.6",
2026-08-14T16:23:27.2784590Z       "built": "R 4.6.0; aarch64-apple-darwin23; 2026-04-25 23:20:39 UTC; unix",
2026-08-14T16:23:27.2784700Z       "directpkg": false,
2026-08-14T16:23:27.2784890Z       "license": "BSD_3_clause + file LICENSE",
2026-08-14T16:23:27.2785230Z       "sha256": "\n        ae871ec2aacd707b23de3b0df1229200a3657ccb14c1814961b1f1c4ba860143",
2026-08-14T16:23:27.2785410Z       "dep_types": ["Depends", "Imports", "LinkingTo"],
2026-08-14T16:23:27.2785490Z       "params": [],
2026-08-14T16:23:27.2785590Z       "install_args": [],
2026-08-14T16:23:27.2785680Z       "repotype": "cran"
2026-08-14T16:23:27.2785740Z     },
2026-08-14T16:23:27.2785790Z     {
2026-08-14T16:23:27.2785880Z       "ref": "tensorA",
2026-08-14T16:23:27.2785980Z       "package": "tensorA",
2026-08-14T16:23:27.2786080Z       "version": "0.36.2.1",
2026-08-14T16:23:27.2786180Z       "type": "standard",
2026-08-14T16:23:27.2786270Z       "direct": false,
2026-08-14T16:23:27.2786350Z       "binary": true,
2026-08-14T16:23:27.2786440Z       "dependencies": [],
2026-08-14T16:23:27.2786520Z       "deps": [
2026-08-14T16:23:27.2786580Z         {
2026-08-14T16:23:27.2786670Z           "ref": "R",
2026-08-14T16:23:27.2786770Z           "type": "depends",
2026-08-14T16:23:27.2786860Z           "package": "R",
2026-08-14T16:23:27.2786960Z           "op": ">=",
2026-08-14T16:23:27.2787080Z           "version": "2.2.0"
2026-08-14T16:23:27.2787160Z         },
2026-08-14T16:23:27.2787230Z         {
2026-08-14T16:23:27.2787340Z           "ref": "stats",
2026-08-14T16:23:27.2787460Z           "type": "depends",
2026-08-14T16:23:27.2787590Z           "package": "stats",
2026-08-14T16:23:27.2787690Z           "op": "",
2026-08-14T16:23:27.2787800Z           "version": ""
2026-08-14T16:23:27.2787880Z         }
2026-08-14T16:23:27.2787940Z       ],
2026-08-14T16:23:27.2788090Z       "vignettes": false,
2026-08-14T16:23:27.2788210Z       "needscompilation": true,
2026-08-14T16:23:27.2788310Z       "metadata": {
2026-08-14T16:23:27.2788450Z         "RemoteType": "standard",
2026-08-14T16:23:27.2788590Z         "RemotePkgRef": "tensorA",
2026-08-14T16:23:27.2788720Z         "RemoteRef": "tensorA",
2026-08-14T16:23:27.2788890Z         "RemoteRepos": "https://cran.rstudio.com",
2026-08-14T16:23:27.2789060Z         "RemotePkgPlatform": "aarch64-apple-darwin23",
2026-08-14T16:23:27.2789170Z         "RemoteSha": "0.36.2.1"
2026-08-14T16:23:27.2789240Z       },
2026-08-14T16:23:27.2789920Z       "sources": ["https://cran.rstudio.com/bin/macosx/sonoma-arm64/contrib/4.6/tensorA_0.36.2.1.tgz", "https://mac.cran.dev/bin/macosx/sonoma-arm64/contrib/4.6/tensorA_0.36.2.1.tgz"],
2026-08-14T16:23:27.2790170Z       "target": "bin/macosx/sonoma-arm64/contrib/4.6/tensorA_0.36.2.1.tgz",
2026-08-14T16:23:27.2790310Z       "platform": "aarch64-apple-darwin23",
2026-08-14T16:23:27.2790400Z       "rversion": "4.6",
2026-08-14T16:23:27.2790660Z       "built": "R 4.6.0; aarch64-apple-darwin23; 2026-04-25 15:52:44 UTC; unix",
2026-08-14T16:23:27.2790760Z       "directpkg": false,
2026-08-14T16:23:27.2790870Z       "license": "GPL (>= 2)",
2026-08-14T16:23:27.2791170Z       "sha256": "\n        4bca0229f4a5f5cac587dec5d42df50663423028c92085b74110549471e85291",
2026-08-14T16:23:27.2791340Z       "dep_types": ["Depends", "Imports", "LinkingTo"],
2026-08-14T16:23:27.2791430Z       "params": [],
2026-08-14T16:23:27.2791530Z       "install_args": [],
2026-08-14T16:23:27.2791620Z       "repotype": "cran"
2026-08-14T16:23:27.2791670Z     },
2026-08-14T16:23:27.2791710Z     {
2026-08-14T16:23:27.2791810Z       "ref": "yulab.utils",
2026-08-14T16:23:27.2791910Z       "package": "yulab.utils",
2026-08-14T16:23:27.2792010Z       "version": "0.2.4",
2026-08-14T16:23:27.2792320Z       "type": "standard",
2026-08-14T16:23:27.2792420Z       "direct": false,
2026-08-14T16:23:27.2792530Z       "binary": true,
2026-08-14T16:23:27.2792800Z       "dependencies": ["cli", "digest", "fs", "rappdirs", "rlang"],
2026-08-14T16:23:27.2792880Z       "deps": [
2026-08-14T16:23:27.2792940Z         {
2026-08-14T16:23:27.2793020Z           "ref": "cli",
2026-08-14T16:23:27.2793120Z           "type": "imports",
2026-08-14T16:23:27.2793220Z           "package": "cli",
2026-08-14T16:23:27.2793300Z           "op": "",
2026-08-14T16:23:27.2793380Z           "version": ""
2026-08-14T16:23:27.2793450Z         },
2026-08-14T16:23:27.2793500Z         {
2026-08-14T16:23:27.2793600Z           "ref": "digest",
2026-08-14T16:23:27.2793700Z           "type": "imports",
2026-08-14T16:23:27.2793800Z           "package": "digest",
2026-08-14T16:23:27.2793880Z           "op": "",
2026-08-14T16:23:27.2793970Z           "version": ""
2026-08-14T16:23:27.2794030Z         },
2026-08-14T16:23:27.2794100Z         {
2026-08-14T16:23:27.2794210Z           "ref": "fs",
2026-08-14T16:23:27.2794330Z           "type": "imports",
2026-08-14T16:23:27.2794450Z           "package": "fs",
2026-08-14T16:23:27.2794550Z           "op": "",
2026-08-14T16:23:27.2794650Z           "version": ""
2026-08-14T16:23:27.2794720Z         },
2026-08-14T16:23:27.2794780Z         {
2026-08-14T16:23:27.2794870Z           "ref": "httr2",
2026-08-14T16:23:27.2794970Z           "type": "suggests",
2026-08-14T16:23:27.2795070Z           "package": "httr2",
2026-08-14T16:23:27.2795150Z           "op": "",
2026-08-14T16:23:27.2795240Z           "version": ""
2026-08-14T16:23:27.2795310Z         },
2026-08-14T16:23:27.2795360Z         {
2026-08-14T16:23:27.2795460Z           "ref": "jsonlite",
2026-08-14T16:23:27.2795560Z           "type": "suggests",
2026-08-14T16:23:27.2795680Z           "package": "jsonlite",
2026-08-14T16:23:27.2795760Z           "op": "",
2026-08-14T16:23:27.2795850Z           "version": ""
2026-08-14T16:23:27.2795920Z         },
2026-08-14T16:23:27.2795980Z         {
2026-08-14T16:23:27.2796070Z           "ref": "methods",
2026-08-14T16:23:27.2796170Z           "type": "imports",
2026-08-14T16:23:27.2796330Z           "package": "methods",
2026-08-14T16:23:27.2796420Z           "op": "",
2026-08-14T16:23:27.2796510Z           "version": ""
2026-08-14T16:23:27.2796580Z         },
2026-08-14T16:23:27.2796640Z         {
2026-08-14T16:23:27.2796730Z           "ref": "openssl",
2026-08-14T16:23:27.2796840Z           "type": "suggests",
2026-08-14T16:23:27.2796940Z           "package": "openssl",
2026-08-14T16:23:27.2797020Z           "op": "",
2026-08-14T16:23:27.2797110Z           "version": ""
2026-08-14T16:23:27.2797170Z         },
2026-08-14T16:23:27.2797230Z         {
2026-08-14T16:23:27.2797320Z           "ref": "R",
2026-08-14T16:23:27.2797420Z           "type": "depends",
2026-08-14T16:23:27.2797510Z           "package": "R",
2026-08-14T16:23:27.2797590Z           "op": ">=",
2026-08-14T16:23:27.2797700Z           "version": "4.2.0"
2026-08-14T16:23:27.2797760Z         },
2026-08-14T16:23:27.2797820Z         {
2026-08-14T16:23:27.2797910Z           "ref": "R.utils",
2026-08-14T16:23:27.2798010Z           "type": "suggests",
2026-08-14T16:23:27.2798150Z           "package": "R.utils",
2026-08-14T16:23:27.2798230Z           "op": "",
2026-08-14T16:23:27.2798320Z           "version": ""
2026-08-14T16:23:27.2798390Z         },
2026-08-14T16:23:27.2798440Z         {
2026-08-14T16:23:27.2798540Z           "ref": "rappdirs",
2026-08-14T16:23:27.2798640Z           "type": "imports",
2026-08-14T16:23:27.2798750Z           "package": "rappdirs",
2026-08-14T16:23:27.2798830Z           "op": "",
2026-08-14T16:23:27.2798940Z           "version": ""
2026-08-14T16:23:27.2799020Z         },
2026-08-14T16:23:27.2799090Z         {
2026-08-14T16:23:27.2799210Z           "ref": "rlang",
2026-08-14T16:23:27.2799320Z           "type": "imports",
2026-08-14T16:23:27.2799420Z           "package": "rlang",
2026-08-14T16:23:27.2799590Z           "op": "",
2026-08-14T16:23:27.2799700Z           "version": ""
2026-08-14T16:23:27.2799780Z         },
2026-08-14T16:23:27.2799860Z         {
2026-08-14T16:23:27.2799970Z           "ref": "testthat",
2026-08-14T16:23:27.2800080Z           "type": "suggests",
2026-08-14T16:23:27.2800190Z           "package": "testthat",
2026-08-14T16:23:27.2800280Z           "op": ">=",
2026-08-14T16:23:27.2800380Z           "version": "3.0.0"
2026-08-14T16:23:27.2800450Z         },
2026-08-14T16:23:27.2800500Z         {
2026-08-14T16:23:27.2800600Z           "ref": "tools",
2026-08-14T16:23:27.2800700Z           "type": "imports",
2026-08-14T16:23:27.2800820Z           "package": "tools",
2026-08-14T16:23:27.2800890Z           "op": "",
2026-08-14T16:23:27.2800990Z           "version": ""
2026-08-14T16:23:27.2801050Z         },
2026-08-14T16:23:27.2801110Z         {
2026-08-14T16:23:27.2801200Z           "ref": "utils",
2026-08-14T16:23:27.2801300Z           "type": "imports",
2026-08-14T16:23:27.2801410Z           "package": "utils",
2026-08-14T16:23:27.2801490Z           "op": "",
2026-08-14T16:23:27.2801590Z           "version": ""
2026-08-14T16:23:27.2801650Z         }
2026-08-14T16:23:27.2801710Z       ],
2026-08-14T16:23:27.2801800Z       "vignettes": false,
2026-08-14T16:23:27.2801920Z       "needscompilation": false,
2026-08-14T16:23:27.2802000Z       "metadata": {
2026-08-14T16:23:27.2802130Z         "RemoteType": "standard",
2026-08-14T16:23:27.2802280Z         "RemotePkgRef": "yulab.utils",
2026-08-14T16:23:27.2802430Z         "RemoteRef": "yulab.utils",
2026-08-14T16:23:27.2802610Z         "RemoteRepos": "https://cran.rstudio.com",
2026-08-14T16:23:27.2802800Z         "RemotePkgPlatform": "aarch64-apple-darwin23",
2026-08-14T16:23:27.2802900Z         "RemoteSha": "0.2.4"
2026-08-14T16:23:27.2802960Z       },
2026-08-14T16:23:27.2803650Z       "sources": ["https://cran.rstudio.com/bin/macosx/sonoma-arm64/contrib/4.6/yulab.utils_0.2.4.tgz", "https://mac.cran.dev/bin/macosx/sonoma-arm64/contrib/4.6/yulab.utils_0.2.4.tgz"],
2026-08-14T16:23:27.2803940Z       "target": "bin/macosx/sonoma-arm64/contrib/4.6/yulab.utils_0.2.4.tgz",
2026-08-14T16:23:27.2804210Z       "platform": "aarch64-apple-darwin23",
2026-08-14T16:23:27.2804330Z       "rversion": "4.6",
2026-08-14T16:23:27.2806580Z       "built": "R 4.6.0; ; 2026-04-25 16:26:26 UTC; unix",
2026-08-14T16:23:27.2806840Z       "directpkg": false,
2026-08-14T16:23:27.2806960Z       "license": "Artistic-2.0",
2026-08-14T16:23:27.2807300Z       "sha256": "\n        dd4a49f8999cfaa49c91b4e8e5390a1d7b04c1e87e1c3827ed8be6c39b4bc30e",
2026-08-14T16:23:27.2807480Z       "dep_types": ["Depends", "Imports", "LinkingTo"],
2026-08-14T16:23:27.2807570Z       "params": [],
2026-08-14T16:23:27.2807670Z       "install_args": [],
2026-08-14T16:23:27.2807760Z       "repotype": "cran"
2026-08-14T16:23:27.2807820Z     },
2026-08-14T16:23:27.2807860Z     {
2026-08-14T16:23:27.2807970Z       "ref": "MatrixModels",
2026-08-14T16:23:27.2808080Z       "package": "MatrixModels",
2026-08-14T16:23:27.2808200Z       "version": "0.5-4",
2026-08-14T16:23:27.2808290Z       "type": "standard",
2026-08-14T16:23:27.2808390Z       "direct": false,
2026-08-14T16:23:27.2808470Z       "binary": true,
2026-08-14T16:23:27.2808590Z       "dependencies": ["Matrix"],
2026-08-14T16:23:27.2808670Z       "deps": [
2026-08-14T16:23:27.2808730Z         {
2026-08-14T16:23:27.2808830Z           "ref": "Matrix",
2026-08-14T16:23:27.2808940Z           "type": "imports",
2026-08-14T16:23:27.2809050Z           "package": "Matrix",
2026-08-14T16:23:27.2809130Z           "op": ">=",
2026-08-14T16:23:27.2809230Z           "version": "1.6-0"
2026-08-14T16:23:27.2809290Z         },
2026-08-14T16:23:27.2809350Z         {
2026-08-14T16:23:27.2809450Z           "ref": "Matrix",
2026-08-14T16:23:27.2809550Z           "type": "imports",
2026-08-14T16:23:27.2809650Z           "package": "Matrix",
2026-08-14T16:23:27.2809740Z           "op": "<",
2026-08-14T16:23:27.2809850Z           "version": "1.8-0"
2026-08-14T16:23:27.2810210Z         },
2026-08-14T16:23:27.2810270Z         {
2026-08-14T16:23:27.2811760Z           "ref": "methods",
2026-08-14T16:23:27.2811890Z           "type": "imports",
2026-08-14T16:23:27.2812030Z           "package": "methods",
2026-08-14T16:23:27.2812110Z           "op": "",
2026-08-14T16:23:27.2812200Z           "version": ""
2026-08-14T16:23:27.2812270Z         },
2026-08-14T16:23:27.2812320Z         {
2026-08-14T16:23:27.2812410Z           "ref": "R",
2026-08-14T16:23:27.2812510Z           "type": "depends",
2026-08-14T16:23:27.2812610Z           "package": "R",
2026-08-14T16:23:27.2812690Z           "op": ">=",
2026-08-14T16:23:27.2812790Z           "version": "3.6.0"
2026-08-14T16:23:27.2812860Z         },
2026-08-14T16:23:27.2812910Z         {
2026-08-14T16:23:27.2813000Z           "ref": "stats",
2026-08-14T16:23:27.2813100Z           "type": "imports",
2026-08-14T16:23:27.2813200Z           "package": "stats",
2026-08-14T16:23:27.2813290Z           "op": "",
2026-08-14T16:23:27.2813380Z           "version": ""
2026-08-14T16:23:27.2813450Z         }
2026-08-14T16:23:27.2813520Z       ],
2026-08-14T16:23:27.2813640Z       "vignettes": false,
2026-08-14T16:23:27.2813790Z       "needscompilation": false,
2026-08-14T16:23:27.2813890Z       "metadata": {
2026-08-14T16:23:27.2814020Z         "RemoteType": "standard",
2026-08-14T16:23:27.2814160Z         "RemotePkgRef": "MatrixModels",
2026-08-14T16:23:27.2814280Z         "RemoteRef": "MatrixModels",
2026-08-14T16:23:27.2814480Z         "RemoteRepos": "https://cran.rstudio.com",
2026-08-14T16:23:27.2814670Z         "RemotePkgPlatform": "aarch64-apple-darwin23",
2026-08-14T16:23:27.2814780Z         "RemoteSha": "0.5-4"
2026-08-14T16:23:27.2814850Z       },
2026-08-14T16:23:27.2815610Z       "sources": ["https://cran.rstudio.com/bin/macosx/sonoma-arm64/contrib/4.6/MatrixModels_0.5-4.tgz", "https://mac.cran.dev/bin/macosx/sonoma-arm64/contrib/4.6/MatrixModels_0.5-4.tgz"],
2026-08-14T16:23:27.2815920Z       "target": "bin/macosx/sonoma-arm64/contrib/4.6/MatrixModels_0.5-4.tgz",
2026-08-14T16:23:27.2816070Z       "platform": "aarch64-apple-darwin23",
2026-08-14T16:23:27.2816190Z       "rversion": "4.6",
2026-08-14T16:23:27.2816480Z       "built": "R 4.6.0; ; 2026-04-26 02:19:55 UTC; unix",
2026-08-14T16:23:27.2816590Z       "directpkg": false,
2026-08-14T16:23:27.2816710Z       "license": "GPL (>= 2)",
2026-08-14T16:23:27.2817030Z       "sha256": "\n        0ef5f6b681d06aa88731329f783e5270467e908bbfc3ee1d9e81e9e8acf1ccda",
2026-08-14T16:23:27.2817200Z       "dep_types": ["Depends", "Imports", "LinkingTo"],
2026-08-14T16:23:27.2817300Z       "params": [],
2026-08-14T16:23:27.2817410Z       "install_args": [],
2026-08-14T16:23:27.2817520Z       "repotype": "cran"
2026-08-14T16:23:27.2817580Z     },
2026-08-14T16:23:27.2817630Z     {
2026-08-14T16:23:27.2817730Z       "ref": "mnormt",
2026-08-14T16:23:27.2817840Z       "package": "mnormt",
2026-08-14T16:23:27.2817950Z       "version": "2.1.2",
2026-08-14T16:23:27.2818040Z       "type": "standard",
2026-08-14T16:23:27.2818140Z       "direct": false,
2026-08-14T16:23:27.2818230Z       "binary": true,
2026-08-14T16:23:27.2818340Z       "dependencies": [],
2026-08-14T16:23:27.2818410Z       "deps": [
2026-08-14T16:23:27.2818480Z         {
2026-08-14T16:23:27.2818590Z           "ref": "R",
2026-08-14T16:23:27.2818720Z           "type": "depends",
2026-08-14T16:23:27.2818900Z           "package": "R",
2026-08-14T16:23:27.2819050Z           "op": ">=",
2026-08-14T16:23:27.2819160Z           "version": "3.0.0"
2026-08-14T16:23:27.2819230Z         }
2026-08-14T16:23:27.2819290Z       ],
2026-08-14T16:23:27.2819400Z       "vignettes": false,
2026-08-14T16:23:27.2819520Z       "needscompilation": true,
2026-08-14T16:23:27.2819620Z       "metadata": {
2026-08-14T16:23:27.2819740Z         "RemoteType": "standard",
2026-08-14T16:23:27.2819860Z         "RemotePkgRef": "mnormt",
2026-08-14T16:23:27.2819970Z         "RemoteRef": "mnormt",
2026-08-14T16:23:27.2820150Z         "RemoteRepos": "https://cran.rstudio.com",
2026-08-14T16:23:27.2820410Z         "RemotePkgPlatform": "aarch64-apple-darwin23",
2026-08-14T16:23:27.2820510Z         "RemoteSha": "2.1.2"
2026-08-14T16:23:27.2820580Z       },
2026-08-14T16:23:27.2821240Z       "sources": ["https://cran.rstudio.com/bin/macosx/sonoma-arm64/contrib/4.6/mnormt_2.1.2.tgz", "https://mac.cran.dev/bin/macosx/sonoma-arm64/contrib/4.6/mnormt_2.1.2.tgz"],
2026-08-14T16:23:27.2825120Z       "target": "bin/macosx/sonoma-arm64/contrib/4.6/mnormt_2.1.2.tgz",
2026-08-14T16:23:27.2825290Z       "platform": "aarch64-apple-darwin23",
2026-08-14T16:23:27.2825390Z       "rversion": "4.6",
2026-08-14T16:23:27.2825650Z       "built": "R 4.6.0; aarch64-apple-darwin23; 2026-04-25 15:51:49 UTC; unix",
2026-08-14T16:23:27.2825750Z       "directpkg": false,
2026-08-14T16:23:27.2825860Z       "license": "GPL-2 | GPL-3",
2026-08-14T16:23:27.2826170Z       "sha256": "\n        5a3c2a0605ad1334a509822b022ecdc19c4784a45b3e0acc17bd574aca6b6a8d",
2026-08-14T16:23:27.2826340Z       "dep_types": ["Depends", "Imports", "LinkingTo"],
2026-08-14T16:23:27.2826430Z       "params": [],
2026-08-14T16:23:27.2826530Z       "install_args": [],
2026-08-14T16:23:27.2826620Z       "repotype": "cran"
2026-08-14T16:23:27.2826670Z     },
2026-08-14T16:23:27.2826720Z     {
2026-08-14T16:23:27.2826810Z       "ref": "quantreg",
2026-08-14T16:23:27.2826910Z       "package": "quantreg",
2026-08-14T16:23:27.2827000Z       "version": "6.1",
2026-08-14T16:23:27.2827100Z       "type": "standard",
2026-08-14T16:23:27.2827190Z       "direct": false,
2026-08-14T16:23:27.2827270Z       "binary": true,
2026-08-14T16:23:27.2827530Z       "dependencies": ["MASS", "Matrix", "MatrixModels", "SparseM", "survival"],
2026-08-14T16:23:27.2827610Z       "deps": [
2026-08-14T16:23:27.2827670Z         {
2026-08-14T16:23:27.2827760Z           "ref": "conquer",
2026-08-14T16:23:27.2827860Z           "type": "suggests",
2026-08-14T16:23:27.2827970Z           "package": "conquer",
2026-08-14T16:23:27.2828050Z           "op": "",
2026-08-14T16:23:27.2828140Z           "version": ""
2026-08-14T16:23:27.2828220Z         },
2026-08-14T16:23:27.2828280Z         {
2026-08-14T16:23:27.2828370Z           "ref": "Formula",
2026-08-14T16:23:27.2828480Z           "type": "suggests",
2026-08-14T16:23:27.2828700Z           "package": "Formula",
2026-08-14T16:23:27.2828790Z           "op": "",
2026-08-14T16:23:27.2828880Z           "version": ""
2026-08-14T16:23:27.2828950Z         },
2026-08-14T16:23:27.2829010Z         {
2026-08-14T16:23:27.2829110Z           "ref": "graphics",
2026-08-14T16:23:27.2829210Z           "type": "imports",
2026-08-14T16:23:27.2829320Z           "package": "graphics",
2026-08-14T16:23:27.2829390Z           "op": "",
2026-08-14T16:23:27.2829490Z           "version": ""
2026-08-14T16:23:27.2829550Z         },
2026-08-14T16:23:27.2829610Z         {
2026-08-14T16:23:27.2829720Z           "ref": "interp",
2026-08-14T16:23:27.2829840Z           "type": "suggests",
2026-08-14T16:23:27.2829970Z           "package": "interp",
2026-08-14T16:23:27.2830070Z           "op": "",
2026-08-14T16:23:27.2830180Z           "version": ""
2026-08-14T16:23:27.2830240Z         },
2026-08-14T16:23:27.2830300Z         {
2026-08-14T16:23:27.2830410Z           "ref": "logspline",
2026-08-14T16:23:27.2830530Z           "type": "suggests",
2026-08-14T16:23:27.2830680Z           "package": "logspline",
2026-08-14T16:23:27.2830780Z           "op": "",
2026-08-14T16:23:27.2830870Z           "version": ""
2026-08-14T16:23:27.2830940Z         },
2026-08-14T16:23:27.2830990Z         {
2026-08-14T16:23:27.2831080Z           "ref": "MASS",
2026-08-14T16:23:27.2831180Z           "type": "imports",
2026-08-14T16:23:27.2831280Z           "package": "MASS",
2026-08-14T16:23:27.2831350Z           "op": "",
2026-08-14T16:23:27.2831440Z           "version": ""
2026-08-14T16:23:27.2831510Z         },
2026-08-14T16:23:27.2831570Z         {
2026-08-14T16:23:27.2831660Z           "ref": "Matrix",
2026-08-14T16:23:27.2831790Z           "type": "imports",
2026-08-14T16:23:27.2831920Z           "package": "Matrix",
2026-08-14T16:23:27.2832150Z           "op": "",
2026-08-14T16:23:27.2832240Z           "version": ""
2026-08-14T16:23:27.2832310Z         },
2026-08-14T16:23:27.2832360Z         {
2026-08-14T16:23:27.2832480Z           "ref": "MatrixModels",
2026-08-14T16:23:27.2832580Z           "type": "imports",
2026-08-14T16:23:27.2832700Z           "package": "MatrixModels",
2026-08-14T16:23:27.2832780Z           "op": "",
2026-08-14T16:23:27.2832860Z           "version": ""
2026-08-14T16:23:27.2832930Z         },
2026-08-14T16:23:27.2832980Z         {
2026-08-14T16:23:27.2833080Z           "ref": "methods",
2026-08-14T16:23:27.2833180Z           "type": "imports",
2026-08-14T16:23:27.2833280Z           "package": "methods",
2026-08-14T16:23:27.2833360Z           "op": "",
2026-08-14T16:23:27.2833440Z           "version": ""
2026-08-14T16:23:27.2833510Z         },
2026-08-14T16:23:27.2833570Z         {
2026-08-14T16:23:27.2833660Z           "ref": "nor1mix",
2026-08-14T16:23:27.2833780Z           "type": "suggests",
2026-08-14T16:23:27.2834100Z           "package": "nor1mix",
2026-08-14T16:23:27.2834210Z           "op": "",
2026-08-14T16:23:27.2834300Z           "version": ""
2026-08-14T16:23:27.2834370Z         },
2026-08-14T16:23:27.2834430Z         {
2026-08-14T16:23:27.2834530Z           "ref": "R",
2026-08-14T16:23:27.2834650Z           "type": "depends",
2026-08-14T16:23:27.2834770Z           "package": "R",
2026-08-14T16:23:27.2834870Z           "op": ">=",
2026-08-14T16:23:27.2834990Z           "version": "3.5"
2026-08-14T16:23:27.2835060Z         },
2026-08-14T16:23:27.2835130Z         {
2026-08-14T16:23:27.2835250Z           "ref": "R.rsp",
2026-08-14T16:23:27.2835380Z           "type": "suggests",
2026-08-14T16:23:27.2835490Z           "package": "R.rsp",
2026-08-14T16:23:27.2835570Z           "op": "",
2026-08-14T16:23:27.2835650Z           "version": ""
2026-08-14T16:23:27.2835720Z         },
2026-08-14T16:23:27.2835770Z         {
2026-08-14T16:23:27.2835860Z           "ref": "rgl",
2026-08-14T16:23:27.2835970Z           "type": "suggests",
2026-08-14T16:23:27.2836070Z           "package": "rgl",
2026-08-14T16:23:27.2836160Z           "op": "",
2026-08-14T16:23:27.2836250Z           "version": ""
2026-08-14T16:23:27.2836420Z         },
2026-08-14T16:23:27.2836500Z         {
2026-08-14T16:23:27.2836630Z           "ref": "SparseM",
2026-08-14T16:23:27.2836730Z           "type": "depends",
2026-08-14T16:23:27.2836840Z           "package": "SparseM",
2026-08-14T16:23:27.2836920Z           "op": "",
2026-08-14T16:23:27.2837010Z           "version": ""
2026-08-14T16:23:27.2837070Z         },
2026-08-14T16:23:27.2837130Z         {
2026-08-14T16:23:27.2837220Z           "ref": "stats",
2026-08-14T16:23:27.2837340Z           "type": "depends",
2026-08-14T16:23:27.2837460Z           "package": "stats",
2026-08-14T16:23:27.2837570Z           "op": "",
2026-08-14T16:23:27.2837680Z           "version": ""
2026-08-14T16:23:27.2837740Z         },
2026-08-14T16:23:27.2837800Z         {
2026-08-14T16:23:27.2837900Z           "ref": "survival",
2026-08-14T16:23:27.2838000Z           "type": "imports",
2026-08-14T16:23:27.2838110Z           "package": "survival",
2026-08-14T16:23:27.2838190Z           "op": "",
2026-08-14T16:23:27.2838280Z           "version": ""
2026-08-14T16:23:27.2838350Z         },
2026-08-14T16:23:27.2838400Z         {
2026-08-14T16:23:27.2838490Z           "ref": "zoo",
2026-08-14T16:23:27.2838590Z           "type": "suggests",
2026-08-14T16:23:27.2838690Z           "package": "zoo",
2026-08-14T16:23:27.2838760Z           "op": "",
2026-08-14T16:23:27.2838850Z           "version": ""
2026-08-14T16:23:27.2838910Z         }
2026-08-14T16:23:27.2838960Z       ],
2026-08-14T16:23:27.2839060Z       "vignettes": false,
2026-08-14T16:23:27.2839170Z       "needscompilation": true,
2026-08-14T16:23:27.2839240Z       "metadata": {
2026-08-14T16:23:27.2839350Z         "RemoteType": "standard",
2026-08-14T16:23:27.2839470Z         "RemotePkgRef": "quantreg",
2026-08-14T16:23:27.2839580Z         "RemoteRef": "quantreg",
2026-08-14T16:23:27.2839820Z         "RemoteRepos": "https://cran.rstudio.com",
2026-08-14T16:23:27.2840000Z         "RemotePkgPlatform": "aarch64-apple-darwin23",
2026-08-14T16:23:27.2840100Z         "RemoteSha": "6.1"
2026-08-14T16:23:27.2840160Z       },
2026-08-14T16:23:27.2840800Z       "sources": ["https://cran.rstudio.com/bin/macosx/sonoma-arm64/contrib/4.6/quantreg_6.1.tgz", "https://mac.cran.dev/bin/macosx/sonoma-arm64/contrib/4.6/quantreg_6.1.tgz"],
2026-08-14T16:23:27.2841030Z       "target": "bin/macosx/sonoma-arm64/contrib/4.6/quantreg_6.1.tgz",
2026-08-14T16:23:27.2841170Z       "platform": "aarch64-apple-darwin23",
2026-08-14T16:23:27.2841250Z       "rversion": "4.6",
2026-08-14T16:23:27.2841510Z       "built": "R 4.6.0; aarch64-apple-darwin23; 2026-04-26 05:15:01 UTC; unix",
2026-08-14T16:23:27.2841610Z       "directpkg": false,
2026-08-14T16:23:27.2841710Z       "license": "GPL (>= 2)",
2026-08-14T16:23:27.2842020Z       "sha256": "\n        f0c8b223999ce5d2695bdd92d3db7784c5ec78e59b9e2b6e99b645695b79102c",
2026-08-14T16:23:27.2842190Z       "dep_types": ["Depends", "Imports", "LinkingTo"],
2026-08-14T16:23:27.2842270Z       "params": [],
2026-08-14T16:23:27.2842370Z       "install_args": [],
2026-08-14T16:23:27.2842460Z       "repotype": "cran"
2026-08-14T16:23:27.2842510Z     },
2026-08-14T16:23:27.2842560Z     {
2026-08-14T16:23:27.2842690Z       "ref": "any::sn",
2026-08-14T16:23:27.2842770Z       "package": "sn",
2026-08-14T16:23:27.2842860Z       "version": "2.1.3",
2026-08-14T16:23:27.2842950Z       "type": "any",
2026-08-14T16:23:27.2843030Z       "direct": true,
2026-08-14T16:23:27.2843120Z       "binary": true,
2026-08-14T16:23:27.2843290Z       "dependencies": ["mnormt", "numDeriv", "quantreg"],
2026-08-14T16:23:27.2843370Z       "deps": [
2026-08-14T16:23:27.2843420Z         {
2026-08-14T16:23:27.2843520Z           "ref": "methods",
2026-08-14T16:23:27.2843620Z           "type": "depends",
2026-08-14T16:23:27.2843730Z           "package": "methods",
2026-08-14T16:23:27.2843800Z           "op": "",
2026-08-14T16:23:27.2843900Z           "version": ""
2026-08-14T16:23:27.2843960Z         },
2026-08-14T16:23:27.2844020Z         {
2026-08-14T16:23:27.2844110Z           "ref": "mnormt",
2026-08-14T16:23:27.2844440Z           "type": "imports",
2026-08-14T16:23:27.2844560Z           "package": "mnormt",
2026-08-14T16:23:27.2844650Z           "op": ">=",
2026-08-14T16:23:27.2844740Z           "version": "2.0.0"
2026-08-14T16:23:27.2844810Z         },
2026-08-14T16:23:27.2844870Z         {
2026-08-14T16:23:27.2844970Z           "ref": "numDeriv",
2026-08-14T16:23:27.2845060Z           "type": "imports",
2026-08-14T16:23:27.2845170Z           "package": "numDeriv",
2026-08-14T16:23:27.2845250Z           "op": "",
2026-08-14T16:23:27.2845340Z           "version": ""
2026-08-14T16:23:27.2845410Z         },
2026-08-14T16:23:27.2845460Z         {
2026-08-14T16:23:27.2845560Z           "ref": "quantreg",
2026-08-14T16:23:27.2845660Z           "type": "imports",
2026-08-14T16:23:27.2845770Z           "package": "quantreg",
2026-08-14T16:23:27.2845850Z           "op": "",
2026-08-14T16:23:27.2846320Z           "version": ""
2026-08-14T16:23:27.2846490Z         },
2026-08-14T16:23:27.2846550Z         {
2026-08-14T16:23:27.2846650Z           "ref": "R",
2026-08-14T16:23:27.2846750Z           "type": "depends",
2026-08-14T16:23:27.2846850Z           "package": "R",
2026-08-14T16:23:27.2846940Z           "op": ">=",
2026-08-14T16:23:27.2847060Z           "version": "3.0.0"
2026-08-14T16:23:27.2847150Z         },
2026-08-14T16:23:27.2847210Z         {
2026-08-14T16:23:27.2847330Z           "ref": "R.rsp",
2026-08-14T16:23:27.2847450Z           "type": "suggests",
2026-08-14T16:23:27.2847660Z           "package": "R.rsp",
2026-08-14T16:23:27.2847760Z           "op": "",
2026-08-14T16:23:27.2847870Z           "version": ""
2026-08-14T16:23:27.2847950Z         },
2026-08-14T16:23:27.2848020Z         {
2026-08-14T16:23:27.2848120Z           "ref": "stats4",
2026-08-14T16:23:27.2848220Z           "type": "depends",
2026-08-14T16:23:27.2848540Z           "package": "stats4",
2026-08-14T16:23:27.2848670Z           "op": "",
2026-08-14T16:23:27.2848780Z           "version": ""
2026-08-14T16:23:27.2848870Z         },
2026-08-14T16:23:27.2848940Z         {
2026-08-14T16:23:27.2849030Z           "ref": "utils",
2026-08-14T16:23:27.2849150Z           "type": "imports",
2026-08-14T16:23:27.2849280Z           "package": "utils",
2026-08-14T16:23:27.2849380Z           "op": "",
2026-08-14T16:23:27.2849490Z           "version": ""
2026-08-14T16:23:27.2849560Z         }
2026-08-14T16:23:27.2849620Z       ],
2026-08-14T16:23:27.2849710Z       "vignettes": false,
2026-08-14T16:23:27.2849830Z       "needscompilation": false,
2026-08-14T16:23:27.2849910Z       "metadata": {
2026-08-14T16:23:27.2850010Z         "RemoteType": "any",
2026-08-14T16:23:27.2850150Z         "RemotePkgRef": "any::sn",
2026-08-14T16:23:27.2850250Z         "RemoteRef": "any::sn",
2026-08-14T16:23:27.2850430Z         "RemoteRepos": "https://cran.rstudio.com",
2026-08-14T16:23:27.2850610Z         "RemotePkgPlatform": "aarch64-apple-darwin23",
2026-08-14T16:23:27.2850710Z         "RemoteSha": "2.1.3"
2026-08-14T16:23:27.2850770Z       },
2026-08-14T16:23:27.2851400Z       "sources": ["https://cran.rstudio.com/bin/macosx/sonoma-arm64/contrib/4.6/sn_2.1.3.tgz", "https://mac.cran.dev/bin/macosx/sonoma-arm64/contrib/4.6/sn_2.1.3.tgz"],
2026-08-14T16:23:27.2851610Z       "target": "bin/macosx/sonoma-arm64/contrib/4.6/sn_2.1.3.tgz",
2026-08-14T16:23:27.2851750Z       "platform": "aarch64-apple-darwin23",
2026-08-14T16:23:27.2851850Z       "rversion": "4.6",
2026-08-14T16:23:27.2852020Z       "built": "R 4.6.0; ; 2026-04-26 05:17:47 UTC; unix",
2026-08-14T16:23:27.2852120Z       "directpkg": true,
2026-08-14T16:23:27.2852230Z       "license": "GPL-2 | GPL-3",
2026-08-14T16:23:27.2852540Z       "sha256": "\n        12af61f3180901aeb71743cff8b62abb138a162e903025a50200ef3689a3e9c6",
2026-08-14T16:23:27.2852710Z       "dep_types": ["Depends", "Imports", "LinkingTo"],
2026-08-14T16:23:27.2852800Z       "params": [],
2026-08-14T16:23:27.2852900Z       "install_args": [],
2026-08-14T16:23:27.2852990Z       "repotype": "cran"
2026-08-14T16:23:27.2853030Z     },
2026-08-14T16:23:27.2853170Z     {
2026-08-14T16:23:27.2853260Z       "ref": "SparseM",
2026-08-14T16:23:27.2853370Z       "package": "SparseM",
2026-08-14T16:23:27.2853460Z       "version": "1.84-2",
2026-08-14T16:23:27.2853550Z       "type": "standard",
2026-08-14T16:23:27.2853640Z       "direct": false,
2026-08-14T16:23:27.2853720Z       "binary": true,
2026-08-14T16:23:27.2853820Z       "dependencies": [],
2026-08-14T16:23:27.2853890Z       "deps": [
2026-08-14T16:23:27.2853950Z         {
2026-08-14T16:23:27.2854050Z           "ref": "graphics",
2026-08-14T16:23:27.2854150Z           "type": "imports",
2026-08-14T16:23:27.2854260Z           "package": "graphics",
2026-08-14T16:23:27.2854340Z           "op": "",
2026-08-14T16:23:27.2854430Z           "version": ""
2026-08-14T16:23:27.2854490Z         },
2026-08-14T16:23:27.2854550Z         {
2026-08-14T16:23:27.2854640Z           "ref": "knitr",
2026-08-14T16:23:27.2854740Z           "type": "suggests",
2026-08-14T16:23:27.2854850Z           "package": "knitr",
2026-08-14T16:23:27.2854930Z           "op": "",
2026-08-14T16:23:27.2855030Z           "version": ""
2026-08-14T16:23:27.2855090Z         },
2026-08-14T16:23:27.2855150Z         {
2026-08-14T16:23:27.2855240Z           "ref": "methods",
2026-08-14T16:23:27.2855340Z           "type": "depends",
2026-08-14T16:23:27.2855450Z           "package": "methods",
2026-08-14T16:23:27.2855530Z           "op": "",
2026-08-14T16:23:27.2855620Z           "version": ""
2026-08-14T16:23:27.2855690Z         },
2026-08-14T16:23:27.2855740Z         {
2026-08-14T16:23:27.2855830Z           "ref": "R",
2026-08-14T16:23:27.2855930Z           "type": "depends",
2026-08-14T16:23:27.2856030Z           "package": "R",
2026-08-14T16:23:27.2856120Z           "op": ">=",
2026-08-14T16:23:27.2856210Z           "version": "2.15"
2026-08-14T16:23:27.2856290Z         },
2026-08-14T16:23:27.2856410Z         {
2026-08-14T16:23:27.2856500Z           "ref": "stats",
2026-08-14T16:23:27.2856600Z           "type": "imports",
2026-08-14T16:23:27.2856710Z           "package": "stats",
2026-08-14T16:23:27.2856790Z           "op": "",
2026-08-14T16:23:27.2856890Z           "version": ""
2026-08-14T16:23:27.2856960Z         },
2026-08-14T16:23:27.2857020Z         {
2026-08-14T16:23:27.2857110Z           "ref": "utils",
2026-08-14T16:23:27.2857210Z           "type": "imports",
2026-08-14T16:23:27.2857320Z           "package": "utils",
2026-08-14T16:23:27.2857400Z           "op": "",
2026-08-14T16:23:27.2857490Z           "version": ""
2026-08-14T16:23:27.2857550Z         }
2026-08-14T16:23:27.2857610Z       ],
2026-08-14T16:23:27.2857700Z       "vignettes": false,
2026-08-14T16:23:27.2857820Z       "needscompilation": true,
2026-08-14T16:23:27.2857900Z       "metadata": {
2026-08-14T16:23:27.2858020Z         "RemoteType": "standard",
2026-08-14T16:23:27.2858130Z         "RemotePkgRef": "SparseM",
2026-08-14T16:23:27.2858240Z         "RemoteRef": "SparseM",
2026-08-14T16:23:27.2858410Z         "RemoteRepos": "https://cran.rstudio.com",
2026-08-14T16:23:27.2858590Z         "RemotePkgPlatform": "aarch64-apple-darwin23",
2026-08-14T16:23:27.2858700Z         "RemoteSha": "1.84-2"
2026-08-14T16:23:27.2858760Z       },
2026-08-14T16:23:27.2859440Z       "sources": ["https://cran.rstudio.com/bin/macosx/sonoma-arm64/contrib/4.6/SparseM_1.84-2.tgz", "https://mac.cran.dev/bin/macosx/sonoma-arm64/contrib/4.6/SparseM_1.84-2.tgz"],
2026-08-14T16:23:27.2859690Z       "target": "bin/macosx/sonoma-arm64/contrib/4.6/SparseM_1.84-2.tgz",
2026-08-14T16:23:27.2859830Z       "platform": "aarch64-apple-darwin23",
2026-08-14T16:23:27.2859930Z       "rversion": "4.6",
2026-08-14T16:23:27.2860190Z       "built": "R 4.6.0; aarch64-apple-darwin23; 2026-04-25 15:43:24 UTC; unix",
2026-08-14T16:23:27.2860290Z       "directpkg": false,
2026-08-14T16:23:27.2860400Z       "license": "GPL (>= 2)",
2026-08-14T16:23:27.2860720Z       "sha256": "\n        0cafc127cb7881d03c4462eceeb604d63512ae6b5b2b66d3253262ffd7ae2903",
2026-08-14T16:23:27.2860900Z       "dep_types": ["Depends", "Imports", "LinkingTo"],
2026-08-14T16:23:27.2861050Z       "params": [],
2026-08-14T16:23:27.2861160Z       "install_args": [],
2026-08-14T16:23:27.2861250Z       "repotype": "cran"
2026-08-14T16:23:27.2861300Z     },
2026-08-14T16:23:27.2861350Z     {
2026-08-14T16:23:27.2861480Z       "ref": "any::LaplacesDemon",
2026-08-14T16:23:27.2861600Z       "package": "LaplacesDemon",
2026-08-14T16:23:27.2861700Z       "version": "16.1.8",
2026-08-14T16:23:27.2861780Z       "type": "any",
2026-08-14T16:23:27.2861880Z       "direct": true,
2026-08-14T16:23:27.2861960Z       "binary": true,
2026-08-14T16:23:27.2862060Z       "dependencies": [],
2026-08-14T16:23:27.2862140Z       "deps": [
2026-08-14T16:23:27.2862200Z         {
2026-08-14T16:23:27.2862300Z           "ref": "graphics",
2026-08-14T16:23:27.2862400Z           "type": "imports",
2026-08-14T16:23:27.2862520Z           "package": "graphics",
2026-08-14T16:23:27.2862600Z           "op": "",
2026-08-14T16:23:27.2862690Z           "version": ""
2026-08-14T16:23:27.2862760Z         },
2026-08-14T16:23:27.2862820Z         {
2026-08-14T16:23:27.2862920Z           "ref": "grDevices",
2026-08-14T16:23:27.2863030Z           "type": "imports",
2026-08-14T16:23:27.2863140Z           "package": "grDevices",
2026-08-14T16:23:27.2863220Z           "op": "",
2026-08-14T16:23:27.2863310Z           "version": ""
2026-08-14T16:23:27.2863380Z         },
2026-08-14T16:23:27.2863440Z         {
2026-08-14T16:23:27.2863550Z           "ref": "KernSmooth",
2026-08-14T16:23:27.2863660Z           "type": "suggests",
2026-08-14T16:23:27.2863810Z           "package": "KernSmooth",
2026-08-14T16:23:27.2863900Z           "op": "",
2026-08-14T16:23:27.2864020Z           "version": ""
2026-08-14T16:23:27.2864100Z         },
2026-08-14T16:23:27.2864150Z         {
2026-08-14T16:23:27.2864250Z           "ref": "parallel",
2026-08-14T16:23:27.2864500Z           "type": "imports",
2026-08-14T16:23:27.2864610Z           "package": "parallel",
2026-08-14T16:23:27.2864690Z           "op": "",
2026-08-14T16:23:27.2864780Z           "version": ""
2026-08-14T16:23:27.2864860Z         },
2026-08-14T16:23:27.2864920Z         {
2026-08-14T16:23:27.2865010Z           "ref": "R",
2026-08-14T16:23:27.2865110Z           "type": "depends",
2026-08-14T16:23:27.2865210Z           "package": "R",
2026-08-14T16:23:27.2865290Z           "op": ">=",
2026-08-14T16:23:27.2865390Z           "version": "3.0.0"
2026-08-14T16:23:27.2865460Z         },
2026-08-14T16:23:27.2865510Z         {
2026-08-14T16:23:27.2865600Z           "ref": "stats",
2026-08-14T16:23:27.2865700Z           "type": "imports",
2026-08-14T16:23:27.2865800Z           "package": "stats",
2026-08-14T16:23:27.2865890Z           "op": "",
2026-08-14T16:23:27.2865980Z           "version": ""
2026-08-14T16:23:27.2866040Z         },
2026-08-14T16:23:27.2866100Z         {
2026-08-14T16:23:27.2866190Z           "ref": "utils",
2026-08-14T16:23:27.2866290Z           "type": "imports",
2026-08-14T16:23:27.2866390Z           "package": "utils",
2026-08-14T16:23:27.2866470Z           "op": "",
2026-08-14T16:23:27.2866560Z           "version": ""
2026-08-14T16:23:27.2866620Z         }
2026-08-14T16:23:27.2866670Z       ],
2026-08-14T16:23:27.2866780Z       "vignettes": false,
2026-08-14T16:23:27.2866890Z       "needscompilation": false,
2026-08-14T16:23:27.2866970Z       "metadata": {
2026-08-14T16:23:27.2867070Z         "RemoteType": "any",
2026-08-14T16:23:27.2867230Z         "RemotePkgRef": "any::LaplacesDemon",
2026-08-14T16:23:27.2867370Z         "RemoteRef": "any::LaplacesDemon",
2026-08-14T16:23:27.2867530Z         "RemoteRepos": "https://cran.rstudio.com",
2026-08-14T16:23:27.2867720Z         "RemotePkgPlatform": "aarch64-apple-darwin23",
2026-08-14T16:23:27.2867820Z         "RemoteSha": "16.1.8"
2026-08-14T16:23:27.2867880Z       },
2026-08-14T16:23:27.2868600Z       "sources": ["https://cran.rstudio.com/bin/macosx/sonoma-arm64/contrib/4.6/LaplacesDemon_16.1.8.tgz", "https://mac.cran.dev/bin/macosx/sonoma-arm64/contrib/4.6/LaplacesDemon_16.1.8.tgz"],
2026-08-14T16:23:27.2868940Z       "target": "bin/macosx/sonoma-arm64/contrib/4.6/LaplacesDemon_16.1.8.tgz",
2026-08-14T16:23:27.2869090Z       "platform": "aarch64-apple-darwin23",
2026-08-14T16:23:27.2869200Z       "rversion": "4.6",
2026-08-14T16:23:27.2869410Z       "built": "R 4.6.0; ; 2026-04-25 16:47:34 UTC; unix",
2026-08-14T16:23:27.2869530Z       "directpkg": true,
2026-08-14T16:23:27.2869680Z       "license": "MIT + file LICENSE",
2026-08-14T16:23:27.2869990Z       "sha256": "\n        74208a0f8f8a2cc78f285f97164195c9e0dd138593d83b8937b9e29e39fbf6ec",
2026-08-14T16:23:27.2870160Z       "dep_types": ["Depends", "Imports", "LinkingTo"],
2026-08-14T16:23:27.2870240Z       "params": [],
2026-08-14T16:23:27.2870340Z       "install_args": [],
2026-08-14T16:23:27.2870430Z       "repotype": "cran"
2026-08-14T16:23:27.2870490Z     },
2026-08-14T16:23:27.2870530Z     {
2026-08-14T16:23:27.2870640Z       "ref": "ADGofTest",
2026-08-14T16:23:27.2870740Z       "package": "ADGofTest",
2026-08-14T16:23:27.2870830Z       "version": "0.3",
2026-08-14T16:23:27.2870930Z       "type": "standard",
2026-08-14T16:23:27.2871020Z       "direct": false,
2026-08-14T16:23:27.2871140Z       "binary": true,
2026-08-14T16:23:27.2871250Z       "dependencies": [],
2026-08-14T16:23:27.2871330Z       "deps": [],
2026-08-14T16:23:27.2871450Z       "vignettes": false,
2026-08-14T16:23:27.2871570Z       "needscompilation": false,
2026-08-14T16:23:27.2871670Z       "metadata": {
2026-08-14T16:23:27.2871790Z         "RemoteType": "standard",
2026-08-14T16:23:27.2871920Z         "RemotePkgRef": "ADGofTest",
2026-08-14T16:23:27.2872050Z         "RemoteRef": "ADGofTest",
2026-08-14T16:23:27.2872220Z         "RemoteRepos": "https://cran.rstudio.com",
2026-08-14T16:23:27.2872400Z         "RemotePkgPlatform": "aarch64-apple-darwin23",
2026-08-14T16:23:27.2872500Z         "RemoteSha": "0.3"
2026-08-14T16:23:27.2872640Z       },
2026-08-14T16:23:27.2873320Z       "sources": ["https://cran.rstudio.com/bin/macosx/sonoma-arm64/contrib/4.6/ADGofTest_0.3.tgz", "https://mac.cran.dev/bin/macosx/sonoma-arm64/contrib/4.6/ADGofTest_0.3.tgz"],
2026-08-14T16:23:27.2873550Z       "target": "bin/macosx/sonoma-arm64/contrib/4.6/ADGofTest_0.3.tgz",
2026-08-14T16:23:27.2873690Z       "platform": "aarch64-apple-darwin23",
2026-08-14T16:23:27.2873790Z       "rversion": "4.6",
2026-08-14T16:23:27.2873960Z       "built": "R 4.6.0; ; 2026-04-25 16:04:58 UTC; unix",
2026-08-14T16:23:27.2874060Z       "directpkg": false,
2026-08-14T16:23:27.2874150Z       "license": "GPL",
2026-08-14T16:23:27.2874460Z       "sha256": "\n        4109f3871166a50a69fea354d44078abdf4ac5419b4323771f6ecf71510d6390",
2026-08-14T16:23:27.2874860Z       "dep_types": ["Depends", "Imports", "LinkingTo"],
2026-08-14T16:23:27.2874980Z       "params": [],
2026-08-14T16:23:27.2875100Z       "install_args": [],
2026-08-14T16:23:27.2875200Z       "repotype": "cran"
2026-08-14T16:23:27.2875260Z     },
2026-08-14T16:23:27.2875300Z     {
2026-08-14T16:23:27.2875400Z       "ref": "colorspace",
2026-08-14T16:23:27.2875510Z       "package": "colorspace",
2026-08-14T16:23:27.2875610Z       "version": "2.1-3",
2026-08-14T16:23:27.2875700Z       "type": "standard",
2026-08-14T16:23:27.2875790Z       "direct": false,
2026-08-14T16:23:27.2875880Z       "binary": true,
2026-08-14T16:23:27.2875980Z       "dependencies": [],
2026-08-14T16:23:27.2876060Z       "deps": [
2026-08-14T16:23:27.2876110Z         {
2026-08-14T16:23:27.2876210Z           "ref": "datasets",
2026-08-14T16:23:27.2876320Z           "type": "suggests",
2026-08-14T16:23:27.2876430Z           "package": "datasets",
2026-08-14T16:23:27.2876510Z           "op": "",
2026-08-14T16:23:27.2876590Z           "version": ""
2026-08-14T16:23:27.2876670Z         },
2026-08-14T16:23:27.2876720Z         {
2026-08-14T16:23:27.2876810Z           "ref": "dplyr",
2026-08-14T16:23:27.2876920Z           "type": "suggests",
2026-08-14T16:23:27.2877030Z           "package": "dplyr",
2026-08-14T16:23:27.2877110Z           "op": "",
2026-08-14T16:23:27.2877200Z           "version": ""
2026-08-14T16:23:27.2877260Z         },
2026-08-14T16:23:27.2877510Z         {
2026-08-14T16:23:27.2877640Z           "ref": "ggplot2",
2026-08-14T16:23:27.2877740Z           "type": "suggests",
2026-08-14T16:23:27.2877850Z           "package": "ggplot2",
2026-08-14T16:23:27.2877930Z           "op": "",
2026-08-14T16:23:27.2878030Z           "version": ""
2026-08-14T16:23:27.2878090Z         },
2026-08-14T16:23:27.2878150Z         {
2026-08-14T16:23:27.2878250Z           "ref": "graphics",
2026-08-14T16:23:27.2878350Z           "type": "imports",
2026-08-14T16:23:27.2878460Z           "package": "graphics",
2026-08-14T16:23:27.2878550Z           "op": "",
2026-08-14T16:23:27.2878640Z           "version": ""
2026-08-14T16:23:27.2878710Z         },
2026-08-14T16:23:27.2878770Z         {
2026-08-14T16:23:27.2878880Z           "ref": "grDevices",
2026-08-14T16:23:27.2878980Z           "type": "imports",
2026-08-14T16:23:27.2879090Z           "package": "grDevices",
2026-08-14T16:23:27.2879170Z           "op": "",
2026-08-14T16:23:27.2879270Z           "version": ""
2026-08-14T16:23:27.2879340Z         },
2026-08-14T16:23:27.2879410Z         {
2026-08-14T16:23:27.2879510Z           "ref": "grid",
2026-08-14T16:23:27.2879610Z           "type": "suggests",
2026-08-14T16:23:27.2879710Z           "package": "grid",
2026-08-14T16:23:27.2879790Z           "op": "",
2026-08-14T16:23:27.2879890Z           "version": ""
2026-08-14T16:23:27.2879950Z         },
2026-08-14T16:23:27.2880010Z         {
2026-08-14T16:23:27.2880100Z           "ref": "jpeg",
2026-08-14T16:23:27.2880210Z           "type": "suggests",
2026-08-14T16:23:27.2880310Z           "package": "jpeg",
2026-08-14T16:23:27.2880390Z           "op": "",
2026-08-14T16:23:27.2880480Z           "version": ""
2026-08-14T16:23:27.2880550Z         },
2026-08-14T16:23:27.2880610Z         {
2026-08-14T16:23:27.2880700Z           "ref": "kernlab",
2026-08-14T16:23:27.2885320Z           "type": "suggests",
2026-08-14T16:23:27.2885510Z           "package": "kernlab",
2026-08-14T16:23:27.2885590Z           "op": "",
2026-08-14T16:23:27.2886250Z           "version": ""
2026-08-14T16:23:27.2886390Z         },
2026-08-14T16:23:27.2886450Z         {
2026-08-14T16:23:27.2886570Z           "ref": "KernSmooth",
2026-08-14T16:23:27.2886690Z           "type": "suggests",
2026-08-14T16:23:27.2886810Z           "package": "KernSmooth",
2026-08-14T16:23:27.2886900Z           "op": "",
2026-08-14T16:23:27.2886990Z           "version": ""
2026-08-14T16:23:27.2887060Z         },
2026-08-14T16:23:27.2887120Z         {
2026-08-14T16:23:27.2887220Z           "ref": "knitr",
2026-08-14T16:23:27.2887320Z           "type": "suggests",
2026-08-14T16:23:27.2887430Z           "package": "knitr",
2026-08-14T16:23:27.2887510Z           "op": "",
2026-08-14T16:23:27.2887770Z           "version": ""
2026-08-14T16:23:27.2887860Z         },
2026-08-14T16:23:27.2887940Z         {
2026-08-14T16:23:27.2888070Z           "ref": "MASS",
2026-08-14T16:23:27.2888180Z           "type": "suggests",
2026-08-14T16:23:27.2888290Z           "package": "MASS",
2026-08-14T16:23:27.2888380Z           "op": "",
2026-08-14T16:23:27.2888470Z           "version": ""
2026-08-14T16:23:27.2888540Z         },
2026-08-14T16:23:27.2888600Z         {
2026-08-14T16:23:27.2888700Z           "ref": "methods",
2026-08-14T16:23:27.2888810Z           "type": "depends",
2026-08-14T16:23:27.2888910Z           "package": "methods",
2026-08-14T16:23:27.2889000Z           "op": "",
2026-08-14T16:23:27.2889090Z           "version": ""
2026-08-14T16:23:27.2889160Z         },
2026-08-14T16:23:27.2889220Z         {
2026-08-14T16:23:27.2889320Z           "ref": "mvtnorm",
2026-08-14T16:23:27.2889440Z           "type": "suggests",
2026-08-14T16:23:27.2889580Z           "package": "mvtnorm",
2026-08-14T16:23:27.2889680Z           "op": "",
2026-08-14T16:23:27.2889790Z           "version": ""
2026-08-14T16:23:27.2889870Z         },
2026-08-14T16:23:27.2889940Z         {
2026-08-14T16:23:27.2890030Z           "ref": "png",
2026-08-14T16:23:27.2890130Z           "type": "suggests",
2026-08-14T16:23:27.2890630Z           "package": "png",
2026-08-14T16:23:27.2890720Z           "op": "",
2026-08-14T16:23:27.2890810Z           "version": ""
2026-08-14T16:23:27.2890880Z         },
2026-08-14T16:23:27.2890930Z         {
2026-08-14T16:23:27.2891020Z           "ref": "R",
2026-08-14T16:23:27.2891120Z           "type": "depends",
2026-08-14T16:23:27.2891210Z           "package": "R",
2026-08-14T16:23:27.2891300Z           "op": ">=",
2026-08-14T16:23:27.2891400Z           "version": "3.0.0"
2026-08-14T16:23:27.2891470Z         },
2026-08-14T16:23:27.2891530Z         {
2026-08-14T16:23:27.2891630Z           "ref": "rcartocolor",
2026-08-14T16:23:27.2891730Z           "type": "suggests",
2026-08-14T16:23:27.2891850Z           "package": "rcartocolor",
2026-08-14T16:23:27.2891950Z           "op": "",
2026-08-14T16:23:27.2892060Z           "version": ""
2026-08-14T16:23:27.2892150Z         },
2026-08-14T16:23:27.2892220Z         {
2026-08-14T16:23:27.2892350Z           "ref": "RColorBrewer",
2026-08-14T16:23:27.2892460Z           "type": "suggests",
2026-08-14T16:23:27.2892580Z           "package": "RColorBrewer",
2026-08-14T16:23:27.2892670Z           "op": "",
2026-08-14T16:23:27.2892770Z           "version": ""
2026-08-14T16:23:27.2892830Z         },
2026-08-14T16:23:27.2892890Z         {
2026-08-14T16:23:27.2892990Z           "ref": "rmarkdown",
2026-08-14T16:23:27.2893100Z           "type": "suggests",
2026-08-14T16:23:27.2893210Z           "package": "rmarkdown",
2026-08-14T16:23:27.2893290Z           "op": "",
2026-08-14T16:23:27.2893380Z           "version": ""
2026-08-14T16:23:27.2893450Z         },
2026-08-14T16:23:27.2893510Z         {
2026-08-14T16:23:27.2893630Z           "ref": "scales",
2026-08-14T16:23:27.2893750Z           "type": "suggests",
2026-08-14T16:23:27.2893890Z           "package": "scales",
2026-08-14T16:23:27.2894110Z           "op": "",
2026-08-14T16:23:27.2894230Z           "version": ""
2026-08-14T16:23:27.2894310Z         },
2026-08-14T16:23:27.2894380Z         {
2026-08-14T16:23:27.2894490Z           "ref": "scico",
2026-08-14T16:23:27.2894600Z           "type": "suggests",
2026-08-14T16:23:27.2894700Z           "package": "scico",
2026-08-14T16:23:27.2894780Z           "op": "",
2026-08-14T16:23:27.2894870Z           "version": ""
2026-08-14T16:23:27.2894940Z         },
2026-08-14T16:23:27.2895000Z         {
2026-08-14T16:23:27.2895110Z           "ref": "shiny",
2026-08-14T16:23:27.2895240Z           "type": "suggests",
2026-08-14T16:23:27.2895360Z           "package": "shiny",
2026-08-14T16:23:27.2895450Z           "op": "",
2026-08-14T16:23:27.2895540Z           "version": ""
2026-08-14T16:23:27.2895610Z         },
2026-08-14T16:23:27.2895670Z         {
2026-08-14T16:23:27.2895770Z           "ref": "shinyjs",
2026-08-14T16:23:27.2895870Z           "type": "suggests",
2026-08-14T16:23:27.2895970Z           "package": "shinyjs",
2026-08-14T16:23:27.2896060Z           "op": "",
2026-08-14T16:23:27.2896150Z           "version": ""
2026-08-14T16:23:27.2896220Z         },
2026-08-14T16:23:27.2896280Z         {
2026-08-14T16:23:27.2896370Z           "ref": "stats",
2026-08-14T16:23:27.2896470Z           "type": "imports",
2026-08-14T16:23:27.2896570Z           "package": "stats",
2026-08-14T16:23:27.2896660Z           "op": "",
2026-08-14T16:23:27.2896750Z           "version": ""
2026-08-14T16:23:27.2896810Z         },
2026-08-14T16:23:27.2896870Z         {
2026-08-14T16:23:27.2896960Z           "ref": "tcltk",
2026-08-14T16:23:27.2897070Z           "type": "suggests",
2026-08-14T16:23:27.2897170Z           "package": "tcltk",
2026-08-14T16:23:27.2897250Z           "op": "",
2026-08-14T16:23:27.2897340Z           "version": ""
2026-08-14T16:23:27.2897410Z         },
2026-08-14T16:23:27.2897470Z         {
2026-08-14T16:23:27.2897570Z           "ref": "utils",
2026-08-14T16:23:27.2897670Z           "type": "suggests",
2026-08-14T16:23:27.2897780Z           "package": "utils",
2026-08-14T16:23:27.2897860Z           "op": "",
2026-08-14T16:23:27.2897950Z           "version": ""
2026-08-14T16:23:27.2898020Z         },
2026-08-14T16:23:27.2898150Z         {
2026-08-14T16:23:27.2898250Z           "ref": "vcd",
2026-08-14T16:23:27.2898360Z           "type": "suggests",
2026-08-14T16:23:27.2898460Z           "package": "vcd",
2026-08-14T16:23:27.2898540Z           "op": "",
2026-08-14T16:23:27.2898620Z           "version": ""
2026-08-14T16:23:27.2898690Z         },
2026-08-14T16:23:27.2898750Z         {
2026-08-14T16:23:27.2898840Z           "ref": "viridis",
2026-08-14T16:23:27.2898950Z           "type": "suggests",
2026-08-14T16:23:27.2899060Z           "package": "viridis",
2026-08-14T16:23:27.2899140Z           "op": "",
2026-08-14T16:23:27.2899230Z           "version": ""
2026-08-14T16:23:27.2899300Z         },
2026-08-14T16:23:27.2899350Z         {
2026-08-14T16:23:27.2899460Z           "ref": "wesanderson",
2026-08-14T16:23:27.2899560Z           "type": "suggests",
2026-08-14T16:23:27.2899670Z           "package": "wesanderson",
2026-08-14T16:23:27.2899750Z           "op": "",
2026-08-14T16:23:27.2899850Z           "version": ""
2026-08-14T16:23:27.2899900Z         }
2026-08-14T16:23:27.2899960Z       ],
2026-08-14T16:23:27.2900050Z       "vignettes": false,
2026-08-14T16:23:27.2900170Z       "needscompilation": true,
2026-08-14T16:23:27.2900240Z       "metadata": {
2026-08-14T16:23:27.2900360Z         "RemoteType": "standard",
2026-08-14T16:23:27.2900490Z         "RemotePkgRef": "colorspace",
2026-08-14T16:23:27.2900600Z         "RemoteRef": "colorspace",
2026-08-14T16:23:27.2900780Z         "RemoteRepos": "https://cran.rstudio.com",
2026-08-14T16:23:27.2900970Z         "RemotePkgPlatform": "aarch64-apple-darwin23",
2026-08-14T16:23:27.2901070Z         "RemoteSha": "2.1-3"
2026-08-14T16:23:27.2901130Z       },
2026-08-14T16:23:27.2901850Z       "sources": ["https://cran.rstudio.com/bin/macosx/sonoma-arm64/contrib/4.6/colorspace_2.1-3.tgz", "https://mac.cran.dev/bin/macosx/sonoma-arm64/contrib/4.6/colorspace_2.1-3.tgz"],
2026-08-14T16:23:27.2902220Z       "target": "bin/macosx/sonoma-arm64/contrib/4.6/colorspace_2.1-3.tgz",
2026-08-14T16:23:27.2902370Z       "platform": "aarch64-apple-darwin23",
2026-08-14T16:23:27.2902460Z       "rversion": "4.6",
2026-08-14T16:23:27.2902730Z       "built": "R 4.6.1; aarch64-apple-darwin23; 2026-07-12 10:21:47 UTC; unix",
2026-08-14T16:23:27.2902830Z       "directpkg": false,
2026-08-14T16:23:27.2902980Z       "license": "BSD_3_clause + file LICENSE",
2026-08-14T16:23:27.2903290Z       "sha256": "\n        ac5c54571d97f1fc5b4f29a75d806b020b7d2654845957dff7b0613a0b06afab",
2026-08-14T16:23:27.2903470Z       "dep_types": ["Depends", "Imports", "LinkingTo"],
2026-08-14T16:23:27.2903550Z       "params": [],
2026-08-14T16:23:27.2903650Z       "install_args": [],
2026-08-14T16:23:27.2903740Z       "repotype": "cran"
2026-08-14T16:23:27.2903790Z     },
2026-08-14T16:23:27.2903840Z     {
2026-08-14T16:23:27.2904020Z       "ref": "any::copula",
2026-08-14T16:23:27.2904130Z       "package": "copula",
2026-08-14T16:23:27.2904220Z       "version": "1.1-7",
2026-08-14T16:23:27.2904310Z       "type": "any",
2026-08-14T16:23:27.2904390Z       "direct": true,
2026-08-14T16:23:27.2904480Z       "binary": true,
2026-08-14T16:23:27.2905010Z       "dependencies": ["ADGofTest", "cluster", "colorspace", "gsl", "lattice", "Matrix", "mvtnorm", "numDeriv", "pcaPP", "pspline", "stabledist"],
2026-08-14T16:23:27.2905080Z       "deps": [
2026-08-14T16:23:27.2905140Z         {
2026-08-14T16:23:27.2905230Z           "ref": "abind",
2026-08-14T16:23:27.2905330Z           "type": "suggests",
2026-08-14T16:23:27.2905430Z           "package": "abind",
2026-08-14T16:23:27.2905510Z           "op": "",
2026-08-14T16:23:27.2905600Z           "version": ""
2026-08-14T16:23:27.2905660Z         },
2026-08-14T16:23:27.2905720Z         {
2026-08-14T16:23:27.2905850Z           "ref": "ADGofTest",
2026-08-14T16:23:27.2905970Z           "type": "imports",
2026-08-14T16:23:27.2906110Z           "package": "ADGofTest",
2026-08-14T16:23:27.2906200Z           "op": "",
2026-08-14T16:23:27.2906290Z           "version": ""
2026-08-14T16:23:27.2906420Z         },
2026-08-14T16:23:27.2906480Z         {
2026-08-14T16:23:27.2906580Z           "ref": "animation",
2026-08-14T16:23:27.2906680Z           "type": "suggests",
2026-08-14T16:23:27.2906790Z           "package": "animation",
2026-08-14T16:23:27.2906870Z           "op": "",
2026-08-14T16:23:27.2906960Z           "version": ""
2026-08-14T16:23:27.2907030Z         },
2026-08-14T16:23:27.2907080Z         {
2026-08-14T16:23:27.2907180Z           "ref": "bbmle",
2026-08-14T16:23:27.2907280Z           "type": "suggests",
2026-08-14T16:23:27.2907380Z           "package": "bbmle",
2026-08-14T16:23:27.2907460Z           "op": "",
2026-08-14T16:23:27.2907550Z           "version": ""
2026-08-14T16:23:27.2907610Z         },
2026-08-14T16:23:27.2907670Z         {
2026-08-14T16:23:27.2907760Z           "ref": "cluster",
2026-08-14T16:23:27.2907870Z           "type": "imports",
2026-08-14T16:23:27.2907970Z           "package": "cluster",
2026-08-14T16:23:27.2908050Z           "op": "",
2026-08-14T16:23:27.2908140Z           "version": ""
2026-08-14T16:23:27.2908200Z         },
2026-08-14T16:23:27.2908260Z         {
2026-08-14T16:23:27.2908360Z           "ref": "colorspace",
2026-08-14T16:23:27.2908460Z           "type": "imports",
2026-08-14T16:23:27.2908580Z           "package": "colorspace",
2026-08-14T16:23:27.2908670Z           "op": "",
2026-08-14T16:23:27.2908780Z           "version": ""
2026-08-14T16:23:27.2908860Z         },
2026-08-14T16:23:27.2908930Z         {
2026-08-14T16:23:27.2909060Z           "ref": "copulaData",
2026-08-14T16:23:27.2909160Z           "type": "enhances",
2026-08-14T16:23:27.2909280Z           "package": "copulaData",
2026-08-14T16:23:27.2909360Z           "op": "",
2026-08-14T16:23:27.2909450Z           "version": ""
2026-08-14T16:23:27.2909510Z         },
2026-08-14T16:23:27.2909580Z         {
2026-08-14T16:23:27.2909740Z           "ref": "crop",
2026-08-14T16:23:27.2909850Z           "type": "suggests",
2026-08-14T16:23:27.2909950Z           "package": "crop",
2026-08-14T16:23:27.2910040Z           "op": "",
2026-08-14T16:23:27.2910140Z           "version": ""
2026-08-14T16:23:27.2910210Z         },
2026-08-14T16:23:27.2910270Z         {
2026-08-14T16:23:27.2910370Z           "ref": "graphics",
2026-08-14T16:23:27.2910470Z           "type": "imports",
2026-08-14T16:23:27.2910580Z           "package": "graphics",
2026-08-14T16:23:27.2910660Z           "op": "",
2026-08-14T16:23:27.2910760Z           "version": ""
2026-08-14T16:23:27.2910830Z         },
2026-08-14T16:23:27.2910890Z         {
2026-08-14T16:23:27.2911000Z           "ref": "gridExtra",
2026-08-14T16:23:27.2911100Z           "type": "suggests",
2026-08-14T16:23:27.2911220Z           "package": "gridExtra",
2026-08-14T16:23:27.2911300Z           "op": "",
2026-08-14T16:23:27.2911390Z           "version": ""
2026-08-14T16:23:27.2911460Z         },
2026-08-14T16:23:27.2911520Z         {
2026-08-14T16:23:27.2911610Z           "ref": "gsl",
2026-08-14T16:23:27.2911720Z           "type": "imports",
2026-08-14T16:23:27.2911810Z           "package": "gsl",
2026-08-14T16:23:27.2911900Z           "op": "",
2026-08-14T16:23:27.2911990Z           "version": ""
2026-08-14T16:23:27.2912060Z         },
2026-08-14T16:23:27.2912120Z         {
2026-08-14T16:23:27.2912210Z           "ref": "HAC",
2026-08-14T16:23:27.2912310Z           "type": "suggests",
2026-08-14T16:23:27.2912410Z           "package": "HAC",
2026-08-14T16:23:27.2912500Z           "op": "",
2026-08-14T16:23:27.2912590Z           "version": ""
2026-08-14T16:23:27.2912660Z         },
2026-08-14T16:23:27.2912720Z         {
2026-08-14T16:23:27.2912820Z           "ref": "KernSmooth",
2026-08-14T16:23:27.2912930Z           "type": "suggests",
2026-08-14T16:23:27.2913050Z           "package": "KernSmooth",
2026-08-14T16:23:27.2913130Z           "op": "",
2026-08-14T16:23:27.2913230Z           "version": ""
2026-08-14T16:23:27.2913290Z         },
2026-08-14T16:23:27.2913350Z         {
2026-08-14T16:23:27.2913440Z           "ref": "knitr",
2026-08-14T16:23:27.2913630Z           "type": "suggests",
2026-08-14T16:23:27.2913740Z           "package": "knitr",
2026-08-14T16:23:27.2913830Z           "op": "",
2026-08-14T16:23:27.2913920Z           "version": ""
2026-08-14T16:23:27.2913990Z         },
2026-08-14T16:23:27.2914050Z         {
2026-08-14T16:23:27.2914150Z           "ref": "lattice",
2026-08-14T16:23:27.2914250Z           "type": "imports",
2026-08-14T16:23:27.2914360Z           "package": "lattice",
2026-08-14T16:23:27.2914440Z           "op": "",
2026-08-14T16:23:27.2914530Z           "version": ""
2026-08-14T16:23:27.2914600Z         },
2026-08-14T16:23:27.2914650Z         {
2026-08-14T16:23:27.2914750Z           "ref": "lcopula",
2026-08-14T16:23:27.2914860Z           "type": "suggests",
2026-08-14T16:23:27.2914990Z           "package": "lcopula",
2026-08-14T16:23:27.2915100Z           "op": "",
2026-08-14T16:23:27.2915220Z           "version": ""
2026-08-14T16:23:27.2915310Z         },
2026-08-14T16:23:27.2915360Z         {
2026-08-14T16:23:27.2915450Z           "ref": "MASS",
2026-08-14T16:23:27.2915570Z           "type": "suggests",
2026-08-14T16:23:27.2915670Z           "package": "MASS",
2026-08-14T16:23:27.2915750Z           "op": "",
2026-08-14T16:23:27.2915840Z           "version": ""
2026-08-14T16:23:27.2915910Z         },
2026-08-14T16:23:27.2915970Z         {
2026-08-14T16:23:27.2916060Z           "ref": "Matrix",
2026-08-14T16:23:27.2916170Z           "type": "imports",
2026-08-14T16:23:27.2916280Z           "package": "Matrix",
2026-08-14T16:23:27.2916370Z           "op": ">=",
2026-08-14T16:23:27.2916470Z           "version": "1.5-0"
2026-08-14T16:23:27.2916540Z         },
2026-08-14T16:23:27.2916600Z         {
2026-08-14T16:23:27.2916700Z           "ref": "methods",
2026-08-14T16:23:27.2916800Z           "type": "imports",
2026-08-14T16:23:27.2916910Z           "package": "methods",
2026-08-14T16:23:27.2917050Z           "op": "",
2026-08-14T16:23:27.2917140Z           "version": ""
2026-08-14T16:23:27.2917220Z         },
2026-08-14T16:23:27.2917280Z         {
2026-08-14T16:23:27.2917370Z           "ref": "mev",
2026-08-14T16:23:27.2917480Z           "type": "suggests",
2026-08-14T16:23:27.2917580Z           "package": "mev",
2026-08-14T16:23:27.2917660Z           "op": "",
2026-08-14T16:23:27.2917750Z           "version": ""
2026-08-14T16:23:27.2917820Z         },
2026-08-14T16:23:27.2917880Z         {
2026-08-14T16:23:27.2917990Z           "ref": "mvnormtest",
2026-08-14T16:23:27.2918090Z           "type": "suggests",
2026-08-14T16:23:27.2918200Z           "package": "mvnormtest",
2026-08-14T16:23:27.2918290Z           "op": "",
2026-08-14T16:23:27.2918380Z           "version": ""
2026-08-14T16:23:27.2918450Z         },
2026-08-14T16:23:27.2918500Z         {
2026-08-14T16:23:27.2918600Z           "ref": "mvtnorm",
2026-08-14T16:23:27.2918700Z           "type": "imports",
2026-08-14T16:23:27.2918810Z           "package": "mvtnorm",
2026-08-14T16:23:27.2918900Z           "op": "",
2026-08-14T16:23:27.2918980Z           "version": ""
2026-08-14T16:23:27.2919050Z         },
2026-08-14T16:23:27.2919110Z         {
2026-08-14T16:23:27.2919210Z           "ref": "nor1mix",
2026-08-14T16:23:27.2919310Z           "type": "enhances",
2026-08-14T16:23:27.2919420Z           "package": "nor1mix",
2026-08-14T16:23:27.2919500Z           "op": "",
2026-08-14T16:23:27.2919590Z           "version": ""
2026-08-14T16:23:27.2919650Z         },
2026-08-14T16:23:27.2919710Z         {
2026-08-14T16:23:27.2919800Z           "ref": "numDeriv",
2026-08-14T16:23:27.2919900Z           "type": "imports",
2026-08-14T16:23:27.2920010Z           "package": "numDeriv",
2026-08-14T16:23:27.2920080Z           "op": "",
2026-08-14T16:23:27.2920170Z           "version": ""
2026-08-14T16:23:27.2920240Z         },
2026-08-14T16:23:27.2920290Z         {
2026-08-14T16:23:27.2920390Z           "ref": "parallel",
2026-08-14T16:23:27.2920500Z           "type": "suggests",
2026-08-14T16:23:27.2920600Z           "package": "parallel",
2026-08-14T16:23:27.2920690Z           "op": "",
2026-08-14T16:23:27.2920820Z           "version": ""
2026-08-14T16:23:27.2920900Z         },
2026-08-14T16:23:27.2920950Z         {
2026-08-14T16:23:27.2921060Z           "ref": "partitions",
2026-08-14T16:23:27.2921160Z           "type": "suggests",
2026-08-14T16:23:27.2921280Z           "package": "partitions",
2026-08-14T16:23:27.2921360Z           "op": "",
2026-08-14T16:23:27.2921450Z           "version": ""
2026-08-14T16:23:27.2921510Z         },
2026-08-14T16:23:27.2921570Z         {
2026-08-14T16:23:27.2921660Z           "ref": "pcaPP",
2026-08-14T16:23:27.2921760Z           "type": "imports",
2026-08-14T16:23:27.2921860Z           "package": "pcaPP",
2026-08-14T16:23:27.2921940Z           "op": "",
2026-08-14T16:23:27.2922030Z           "version": ""
2026-08-14T16:23:27.2922090Z         },
2026-08-14T16:23:27.2922160Z         {
2026-08-14T16:23:27.2922260Z           "ref": "polynom",
2026-08-14T16:23:27.2922360Z           "type": "suggests",
2026-08-14T16:23:27.2922470Z           "package": "polynom",
2026-08-14T16:23:27.2922570Z           "op": "",
2026-08-14T16:23:27.2922680Z           "version": ""
2026-08-14T16:23:27.2922760Z         },
2026-08-14T16:23:27.2922830Z         {
2026-08-14T16:23:27.2922950Z           "ref": "pspline",
2026-08-14T16:23:27.2923080Z           "type": "imports",
2026-08-14T16:23:27.2923210Z           "package": "pspline",
2026-08-14T16:23:27.2923310Z           "op": "",
2026-08-14T16:23:27.2923430Z           "version": ""
2026-08-14T16:23:27.2923490Z         },
2026-08-14T16:23:27.2923550Z         {
2026-08-14T16:23:27.2923640Z           "ref": "qrng",
2026-08-14T16:23:27.2923750Z           "type": "suggests",
2026-08-14T16:23:27.2923850Z           "package": "qrng",
2026-08-14T16:23:27.2923930Z           "op": "",
2026-08-14T16:23:27.2924020Z           "version": ""
2026-08-14T16:23:27.2924080Z         },
2026-08-14T16:23:27.2924200Z         {
2026-08-14T16:23:27.2924280Z           "ref": "R",
2026-08-14T16:23:27.2924380Z           "type": "depends",
2026-08-14T16:23:27.2924470Z           "package": "R",
2026-08-14T16:23:27.2924560Z           "op": ">=",
2026-08-14T16:23:27.2924660Z           "version": "3.5.0"
2026-08-14T16:23:27.2924730Z         },
2026-08-14T16:23:27.2924780Z         {
2026-08-14T16:23:27.2924890Z           "ref": "randtoolbox",
2026-08-14T16:23:27.2924990Z           "type": "suggests",
2026-08-14T16:23:27.2925120Z           "package": "randtoolbox",
2026-08-14T16:23:27.2925190Z           "op": "",
2026-08-14T16:23:27.2925290Z           "version": ""
2026-08-14T16:23:27.2925350Z         },
2026-08-14T16:23:27.2925410Z         {
2026-08-14T16:23:27.2925510Z           "ref": "rmarkdown",
2026-08-14T16:23:27.2925610Z           "type": "suggests",
2026-08-14T16:23:27.2925730Z           "package": "rmarkdown",
2026-08-14T16:23:27.2925810Z           "op": "",
2026-08-14T16:23:27.2925900Z           "version": ""
2026-08-14T16:23:27.2925970Z         },
2026-08-14T16:23:27.2926030Z         {
2026-08-14T16:23:27.2926130Z           "ref": "Rmpfr",
2026-08-14T16:23:27.2926230Z           "type": "suggests",
2026-08-14T16:23:27.2926330Z           "package": "Rmpfr",
2026-08-14T16:23:27.2926410Z           "op": "",
2026-08-14T16:23:27.2926490Z           "version": ""
2026-08-14T16:23:27.2926570Z         },
2026-08-14T16:23:27.2926620Z         {
2026-08-14T16:23:27.2926720Z           "ref": "rugarch",
2026-08-14T16:23:27.2926820Z           "type": "suggests",
2026-08-14T16:23:27.2926940Z           "package": "rugarch",
2026-08-14T16:23:27.2927020Z           "op": "",
2026-08-14T16:23:27.2927100Z           "version": ""
2026-08-14T16:23:27.2927170Z         },
2026-08-14T16:23:27.2927220Z         {
2026-08-14T16:23:27.2927320Z           "ref": "Runuran",
2026-08-14T16:23:27.2927420Z           "type": "suggests",
2026-08-14T16:23:27.2927530Z           "package": "Runuran",
2026-08-14T16:23:27.2927610Z           "op": "",
2026-08-14T16:23:27.2927800Z           "version": ""
2026-08-14T16:23:27.2927890Z         },
2026-08-14T16:23:27.2927960Z         {
2026-08-14T16:23:27.2928100Z           "ref": "scatterplot3d",
2026-08-14T16:23:27.2928320Z           "type": "suggests",
2026-08-14T16:23:27.2928450Z           "package": "scatterplot3d",
2026-08-14T16:23:27.2928530Z           "op": "",
2026-08-14T16:23:27.2928620Z           "version": ""
2026-08-14T16:23:27.2928680Z         },
2026-08-14T16:23:27.2928740Z         {
2026-08-14T16:23:27.2928830Z           "ref": "sfsmisc",
2026-08-14T16:23:27.2928930Z           "type": "suggests",
2026-08-14T16:23:27.2929040Z           "package": "sfsmisc",
2026-08-14T16:23:27.2929120Z           "op": "",
2026-08-14T16:23:27.2929210Z           "version": ""
2026-08-14T16:23:27.2929280Z         },
2026-08-14T16:23:27.2929330Z         {
2026-08-14T16:23:27.2929430Z           "ref": "stabledist",
2026-08-14T16:23:27.2929540Z           "type": "imports",
2026-08-14T16:23:27.2929650Z           "package": "stabledist",
2026-08-14T16:23:27.2929740Z           "op": ">=",
2026-08-14T16:23:27.2929830Z           "version": "0.6-4"
2026-08-14T16:23:27.2929900Z         },
2026-08-14T16:23:27.2929950Z         {
2026-08-14T16:23:27.2930050Z           "ref": "stats",
2026-08-14T16:23:27.2930150Z           "type": "imports",
2026-08-14T16:23:27.2930280Z           "package": "stats",
2026-08-14T16:23:27.2930380Z           "op": "",
2026-08-14T16:23:27.2930490Z           "version": ""
2026-08-14T16:23:27.2930570Z         },
2026-08-14T16:23:27.2930630Z         {
2026-08-14T16:23:27.2930730Z           "ref": "stats4",
2026-08-14T16:23:27.2930850Z           "type": "imports",
2026-08-14T16:23:27.2930980Z           "package": "stats4",
2026-08-14T16:23:27.2931080Z           "op": "",
2026-08-14T16:23:27.2931190Z           "version": ""
2026-08-14T16:23:27.2931260Z         },
2026-08-14T16:23:27.2931320Z         {
2026-08-14T16:23:27.2931410Z           "ref": "tseries",
2026-08-14T16:23:27.2931520Z           "type": "suggests",
2026-08-14T16:23:27.2931870Z           "package": "tseries",
2026-08-14T16:23:27.2931960Z           "op": "",
2026-08-14T16:23:27.2932050Z           "version": ""
2026-08-14T16:23:27.2932120Z         },
2026-08-14T16:23:27.2932170Z         {
2026-08-14T16:23:27.2932270Z           "ref": "VGAM",
2026-08-14T16:23:27.2932370Z           "type": "suggests",
2026-08-14T16:23:27.2932470Z           "package": "VGAM",
2026-08-14T16:23:27.2932550Z           "op": "",
2026-08-14T16:23:27.2932650Z           "version": ""
2026-08-14T16:23:27.2932710Z         },
2026-08-14T16:23:27.2932770Z         {
2026-08-14T16:23:27.2932880Z           "ref": "VineCopula",
2026-08-14T16:23:27.2932980Z           "type": "suggests",
2026-08-14T16:23:27.2933090Z           "package": "VineCopula",
2026-08-14T16:23:27.2933180Z           "op": "",
2026-08-14T16:23:27.2933270Z           "version": ""
2026-08-14T16:23:27.2933340Z         },
2026-08-14T16:23:27.2933390Z         {
2026-08-14T16:23:27.2933480Z           "ref": "zoo",
2026-08-14T16:23:27.2933590Z           "type": "suggests",
2026-08-14T16:23:27.2933690Z           "package": "zoo",
2026-08-14T16:23:27.2933770Z           "op": "",
2026-08-14T16:23:27.2933860Z           "version": ""
2026-08-14T16:23:27.2933920Z         }
2026-08-14T16:23:27.2933980Z       ],
2026-08-14T16:23:27.2934080Z       "vignettes": false,
2026-08-14T16:23:27.2934190Z       "needscompilation": true,
2026-08-14T16:23:27.2934270Z       "metadata": {
2026-08-14T16:23:27.2934370Z         "RemoteType": "any",
2026-08-14T16:23:27.2934530Z         "RemotePkgRef": "any::copula",
2026-08-14T16:23:27.2934650Z         "RemoteRef": "any::copula",
2026-08-14T16:23:27.2934820Z         "RemoteRepos": "https://cran.rstudio.com",
2026-08-14T16:23:27.2935010Z         "RemotePkgPlatform": "aarch64-apple-darwin23",
2026-08-14T16:23:27.2935120Z         "RemoteSha": "1.1-7"
2026-08-14T16:23:27.2939130Z       },
2026-08-14T16:23:27.2939870Z       "sources": ["https://cran.rstudio.com/bin/macosx/sonoma-arm64/contrib/4.6/copula_1.1-7.tgz", "https://mac.cran.dev/bin/macosx/sonoma-arm64/contrib/4.6/copula_1.1-7.tgz"],
2026-08-14T16:23:27.2940120Z       "target": "bin/macosx/sonoma-arm64/contrib/4.6/copula_1.1-7.tgz",
2026-08-14T16:23:27.2940420Z       "platform": "aarch64-apple-darwin23",
2026-08-14T16:23:27.2940520Z       "rversion": "4.6",
2026-08-14T16:23:27.2940800Z       "built": "R 4.6.0; aarch64-apple-darwin23; 2026-04-25 23:56:51 UTC; unix",
2026-08-14T16:23:27.2940900Z       "directpkg": true,
2026-08-14T16:23:27.2941050Z       "license": "GPL (>= 3) | file LICENCE",
2026-08-14T16:23:27.2941370Z       "sha256": "\n        9c754951df89ed58ce2187541731ffe455b572c3c747c2cf81d36939f056284e",
2026-08-14T16:23:27.2941540Z       "dep_types": ["Depends", "Imports", "LinkingTo"],
2026-08-14T16:23:27.2941630Z       "params": [],
2026-08-14T16:23:27.2941730Z       "install_args": [],
2026-08-14T16:23:27.2941830Z       "repotype": "cran"
2026-08-14T16:23:27.2941880Z     },
2026-08-14T16:23:27.2941930Z     {
2026-08-14T16:23:27.2942020Z       "ref": "gsl",
2026-08-14T16:23:27.2942110Z       "package": "gsl",
2026-08-14T16:23:27.2942210Z       "version": "2.1-9",
2026-08-14T16:23:27.2942310Z       "type": "standard",
2026-08-14T16:23:27.2942400Z       "direct": false,
2026-08-14T16:23:27.2942480Z       "binary": true,
2026-08-14T16:23:27.2942590Z       "dependencies": [],
2026-08-14T16:23:27.2942670Z       "deps": [
2026-08-14T16:23:27.2942720Z         {
2026-08-14T16:23:27.2942810Z           "ref": "R",
2026-08-14T16:23:27.2942920Z           "type": "depends",
2026-08-14T16:23:27.2943010Z           "package": "R",
2026-08-14T16:23:27.2943100Z           "op": ">=",
2026-08-14T16:23:27.2943190Z           "version": "4.5.0"
2026-08-14T16:23:27.2943250Z         }
2026-08-14T16:23:27.2943310Z       ],
2026-08-14T16:23:27.2943410Z       "vignettes": false,
2026-08-14T16:23:27.2943520Z       "needscompilation": true,
2026-08-14T16:23:27.2943600Z       "metadata": {
2026-08-14T16:23:27.2943720Z         "RemoteType": "standard",
2026-08-14T16:23:27.2943860Z         "RemotePkgRef": "gsl",
2026-08-14T16:23:27.2944080Z         "RemoteRef": "gsl",
2026-08-14T16:23:27.2944270Z         "RemoteRepos": "https://cran.rstudio.com",
2026-08-14T16:23:27.2944450Z         "RemotePkgPlatform": "aarch64-apple-darwin23",
2026-08-14T16:23:27.2944560Z         "RemoteSha": "2.1-9"
2026-08-14T16:23:27.2944610Z       },
2026-08-14T16:23:27.2945270Z       "sources": ["https://cran.rstudio.com/bin/macosx/sonoma-arm64/contrib/4.6/gsl_2.1-9.tgz", "https://mac.cran.dev/bin/macosx/sonoma-arm64/contrib/4.6/gsl_2.1-9.tgz"],
2026-08-14T16:23:27.2945540Z       "target": "bin/macosx/sonoma-arm64/contrib/4.6/gsl_2.1-9.tgz",
2026-08-14T16:23:27.2945700Z       "platform": "aarch64-apple-darwin23",
2026-08-14T16:23:27.2945800Z       "rversion": "4.6",
2026-08-14T16:23:27.2946110Z       "built": "R 4.6.0; aarch64-apple-darwin23; 2026-04-25 16:20:27 UTC; unix",
2026-08-14T16:23:27.2946280Z       "directpkg": false,
2026-08-14T16:23:27.2946380Z       "license": "GPL-3",
2026-08-14T16:23:27.2946780Z       "sha256": "\n        2e7be25fcd241de56e06c325425409e3bd67877b50ebc892e7c1fb2820c83ba1",
2026-08-14T16:23:27.2946970Z       "dep_types": ["Depends", "Imports", "LinkingTo"],
2026-08-14T16:23:27.2947060Z       "params": [],
2026-08-14T16:23:27.2947160Z       "install_args": [],
2026-08-14T16:23:27.2947250Z       "repotype": "cran"
2026-08-14T16:23:27.2947300Z     },
2026-08-14T16:23:27.2947350Z     {
2026-08-14T16:23:27.2947440Z       "ref": "mvtnorm",
2026-08-14T16:23:27.2947540Z       "package": "mvtnorm",
2026-08-14T16:23:27.2947630Z       "version": "1.4-2",
2026-08-14T16:23:27.2947720Z       "type": "standard",
2026-08-14T16:23:27.2947810Z       "direct": false,
2026-08-14T16:23:27.2947900Z       "binary": true,
2026-08-14T16:23:27.2948000Z       "dependencies": [],
2026-08-14T16:23:27.2948080Z       "deps": [
2026-08-14T16:23:27.2948130Z         {
2026-08-14T16:23:27.2948230Z           "ref": "bibtex",
2026-08-14T16:23:27.2948340Z           "type": "suggests",
2026-08-14T16:23:27.2948440Z           "package": "bibtex",
2026-08-14T16:23:27.2948530Z           "op": "",
2026-08-14T16:23:27.2948620Z           "version": ""
2026-08-14T16:23:27.2948690Z         },
2026-08-14T16:23:27.2948740Z         {
2026-08-14T16:23:27.2948960Z           "ref": "numDeriv",
2026-08-14T16:23:27.2949080Z           "type": "suggests",
2026-08-14T16:23:27.2949190Z           "package": "numDeriv",
2026-08-14T16:23:27.2949270Z           "op": "",
2026-08-14T16:23:27.2949370Z           "version": ""
2026-08-14T16:23:27.2949430Z         },
2026-08-14T16:23:27.2949490Z         {
2026-08-14T16:23:27.2949580Z           "ref": "qrng",
2026-08-14T16:23:27.2949690Z           "type": "suggests",
2026-08-14T16:23:27.2949780Z           "package": "qrng",
2026-08-14T16:23:27.2949860Z           "op": "",
2026-08-14T16:23:27.2949960Z           "version": ""
2026-08-14T16:23:27.2950020Z         },
2026-08-14T16:23:27.2950090Z         {
2026-08-14T16:23:27.2950170Z           "ref": "R",
2026-08-14T16:23:27.2950280Z           "type": "depends",
2026-08-14T16:23:27.2950380Z           "package": "R",
2026-08-14T16:23:27.2950470Z           "op": ">=",
2026-08-14T16:23:27.2950570Z           "version": "3.5.0"
2026-08-14T16:23:27.2950640Z         },
2026-08-14T16:23:27.2950700Z         {
2026-08-14T16:23:27.2950800Z           "ref": "stats",
2026-08-14T16:23:27.2950890Z           "type": "imports",
2026-08-14T16:23:27.2951000Z           "package": "stats",
2026-08-14T16:23:27.2951080Z           "op": "",
2026-08-14T16:23:27.2951170Z           "version": ""
2026-08-14T16:23:27.2951240Z         },
2026-08-14T16:23:27.2951300Z         {
2026-08-14T16:23:27.2951390Z           "ref": "utils",
2026-08-14T16:23:27.2951490Z           "type": "imports",
2026-08-14T16:23:27.2951590Z           "package": "utils",
2026-08-14T16:23:27.2951670Z           "op": "",
2026-08-14T16:23:27.2951760Z           "version": ""
2026-08-14T16:23:27.2951810Z         }
2026-08-14T16:23:27.2951870Z       ],
2026-08-14T16:23:27.2951960Z       "vignettes": false,
2026-08-14T16:23:27.2952080Z       "needscompilation": true,
2026-08-14T16:23:27.2952230Z       "metadata": {
2026-08-14T16:23:27.2952340Z         "RemoteType": "standard",
2026-08-14T16:23:27.2952460Z         "RemotePkgRef": "mvtnorm",
2026-08-14T16:23:27.2952570Z         "RemoteRef": "mvtnorm",
2026-08-14T16:23:27.2952720Z         "RemoteRepos": "https://cran.rstudio.com",
2026-08-14T16:23:27.2952900Z         "RemotePkgPlatform": "aarch64-apple-darwin23",
2026-08-14T16:23:27.2952990Z         "RemoteSha": "1.4-2"
2026-08-14T16:23:27.2953050Z       },
2026-08-14T16:23:27.2953710Z       "sources": ["https://cran.rstudio.com/bin/macosx/sonoma-arm64/contrib/4.6/mvtnorm_1.4-2.tgz", "https://mac.cran.dev/bin/macosx/sonoma-arm64/contrib/4.6/mvtnorm_1.4-2.tgz"],
2026-08-14T16:23:27.2953940Z       "target": "bin/macosx/sonoma-arm64/contrib/4.6/mvtnorm_1.4-2.tgz",
2026-08-14T16:23:27.2954080Z       "platform": "aarch64-apple-darwin23",
2026-08-14T16:23:27.2954170Z       "rversion": "4.6",
2026-08-14T16:23:27.2954420Z       "built": "R 4.6.1; aarch64-apple-darwin23; 2026-07-12 10:23:18 UTC; unix",
2026-08-14T16:23:27.2954520Z       "directpkg": false,
2026-08-14T16:23:27.2954610Z       "license": "GPL-2",
2026-08-14T16:23:27.2954910Z       "sha256": "\n        3b756221c8458289ee8b3385185995de84094924ed9b8e6ba2e9e3109b21be85",
2026-08-14T16:23:27.2955080Z       "dep_types": ["Depends", "Imports", "LinkingTo"],
2026-08-14T16:23:27.2955160Z       "params": [],
2026-08-14T16:23:27.2955270Z       "install_args": [],
2026-08-14T16:23:27.2955360Z       "repotype": "cran"
2026-08-14T16:23:27.2955400Z     },
2026-08-14T16:23:27.2955450Z     {
2026-08-14T16:23:27.2955540Z       "ref": "pcaPP",
2026-08-14T16:23:27.2955630Z       "package": "pcaPP",
2026-08-14T16:23:27.2955720Z       "version": "2.0-5",
2026-08-14T16:23:27.2955810Z       "type": "standard",
2026-08-14T16:23:27.2955900Z       "direct": false,
2026-08-14T16:23:27.2955990Z       "binary": true,
2026-08-14T16:23:27.2956100Z       "dependencies": ["mvtnorm"],
2026-08-14T16:23:27.2956180Z       "deps": [
2026-08-14T16:23:27.2956250Z         {
2026-08-14T16:23:27.2956340Z           "ref": "methods",
2026-08-14T16:23:27.2956440Z           "type": "imports",
2026-08-14T16:23:27.2956600Z           "package": "methods",
2026-08-14T16:23:27.2956690Z           "op": "",
2026-08-14T16:23:27.2956780Z           "version": ""
2026-08-14T16:23:27.2956850Z         },
2026-08-14T16:23:27.2956910Z         {
2026-08-14T16:23:27.2957000Z           "ref": "mvtnorm",
2026-08-14T16:23:27.2957100Z           "type": "imports",
2026-08-14T16:23:27.2957210Z           "package": "mvtnorm",
2026-08-14T16:23:27.2957290Z           "op": "",
2026-08-14T16:23:27.2957380Z           "version": ""
2026-08-14T16:23:27.2957450Z         },
2026-08-14T16:23:27.2957500Z         {
2026-08-14T16:23:27.2957590Z           "ref": "R",
2026-08-14T16:23:27.2957690Z           "type": "depends",
2026-08-14T16:23:27.2957790Z           "package": "R",
2026-08-14T16:23:27.2957870Z           "op": ">=",
2026-08-14T16:23:27.2957970Z           "version": "3.6.2"
2026-08-14T16:23:27.2958040Z         },
2026-08-14T16:23:27.2958100Z         {
2026-08-14T16:23:27.2958200Z           "ref": "robustbase",
2026-08-14T16:23:27.2958310Z           "type": "suggests",
2026-08-14T16:23:27.2958420Z           "package": "robustbase",
2026-08-14T16:23:27.2958510Z           "op": "",
2026-08-14T16:23:27.2958590Z           "version": ""
2026-08-14T16:23:27.2958650Z         }
2026-08-14T16:23:27.2958710Z       ],
2026-08-14T16:23:27.2958800Z       "vignettes": false,
2026-08-14T16:23:27.2958920Z       "needscompilation": true,
2026-08-14T16:23:27.2959000Z       "metadata": {
2026-08-14T16:23:27.2959120Z         "RemoteType": "standard",
2026-08-14T16:23:27.2959240Z         "RemotePkgRef": "pcaPP",
2026-08-14T16:23:27.2959340Z         "RemoteRef": "pcaPP",
2026-08-14T16:23:27.2959510Z         "RemoteRepos": "https://cran.rstudio.com",
2026-08-14T16:23:27.2959680Z         "RemotePkgPlatform": "aarch64-apple-darwin23",
2026-08-14T16:23:27.2959780Z         "RemoteSha": "2.0-5"
2026-08-14T16:23:27.2959900Z       },
2026-08-14T16:23:27.2960550Z       "sources": ["https://cran.rstudio.com/bin/macosx/sonoma-arm64/contrib/4.6/pcaPP_2.0-5.tgz", "https://mac.cran.dev/bin/macosx/sonoma-arm64/contrib/4.6/pcaPP_2.0-5.tgz"],
2026-08-14T16:23:27.2960780Z       "target": "bin/macosx/sonoma-arm64/contrib/4.6/pcaPP_2.0-5.tgz",
2026-08-14T16:23:27.2960920Z       "platform": "aarch64-apple-darwin23",
2026-08-14T16:23:27.2961030Z       "rversion": "4.6",
2026-08-14T16:23:27.2961290Z       "built": "R 4.6.0; aarch64-apple-darwin23; 2026-04-25 15:51:14 UTC; unix",
2026-08-14T16:23:27.2961390Z       "directpkg": false,
2026-08-14T16:23:27.2961500Z       "license": "GPL (>= 3)",
2026-08-14T16:23:27.2961800Z       "sha256": "\n        95d270992914c042c40000a70f83ee3c5e8234f3c630e4b75729face813efeb4",
2026-08-14T16:23:27.2961980Z       "dep_types": ["Depends", "Imports", "LinkingTo"],
2026-08-14T16:23:27.2962060Z       "params": [],
2026-08-14T16:23:27.2962160Z       "install_args": [],
2026-08-14T16:23:27.2962260Z       "repotype": "cran"
2026-08-14T16:23:27.2962310Z     },
2026-08-14T16:23:27.2962350Z     {
2026-08-14T16:23:27.2962440Z       "ref": "pspline",
2026-08-14T16:23:27.2962540Z       "package": "pspline",
2026-08-14T16:23:27.2962650Z       "version": "1.0-21",
2026-08-14T16:23:27.2962740Z       "type": "standard",
2026-08-14T16:23:27.2962830Z       "direct": false,
2026-08-14T16:23:27.2962920Z       "binary": true,
2026-08-14T16:23:27.2963020Z       "dependencies": [],
2026-08-14T16:23:27.2963090Z       "deps": [
2026-08-14T16:23:27.2963150Z         {
2026-08-14T16:23:27.2963250Z           "ref": "graphics",
2026-08-14T16:23:27.2963350Z           "type": "depends",
2026-08-14T16:23:27.2963460Z           "package": "graphics",
2026-08-14T16:23:27.2963550Z           "op": "",
2026-08-14T16:23:27.2963640Z           "version": ""
2026-08-14T16:23:27.2963700Z         },
2026-08-14T16:23:27.2963760Z         {
2026-08-14T16:23:27.2963850Z           "ref": "R",
2026-08-14T16:23:27.2963950Z           "type": "depends",
2026-08-14T16:23:27.2964040Z           "package": "R",
2026-08-14T16:23:27.2964130Z           "op": ">=",
2026-08-14T16:23:27.2964230Z           "version": "2.0.0"
2026-08-14T16:23:27.2964350Z         },
2026-08-14T16:23:27.2964410Z         {
2026-08-14T16:23:27.2964510Z           "ref": "stats",
2026-08-14T16:23:27.2964600Z           "type": "depends",
2026-08-14T16:23:27.2964710Z           "package": "stats",
2026-08-14T16:23:27.2964790Z           "op": "",
2026-08-14T16:23:27.2964880Z           "version": ""
2026-08-14T16:23:27.2964930Z         }
2026-08-14T16:23:27.2964990Z       ],
2026-08-14T16:23:27.2965080Z       "vignettes": false,
2026-08-14T16:23:27.2965190Z       "needscompilation": true,
2026-08-14T16:23:27.2965280Z       "metadata": {
2026-08-14T16:23:27.2965400Z         "RemoteType": "standard",
2026-08-14T16:23:27.2965510Z         "RemotePkgRef": "pspline",
2026-08-14T16:23:27.2965620Z         "RemoteRef": "pspline",
2026-08-14T16:23:27.2965780Z         "RemoteRepos": "https://cran.rstudio.com",
2026-08-14T16:23:27.2965960Z         "RemotePkgPlatform": "aarch64-apple-darwin23",
2026-08-14T16:23:27.2966070Z         "RemoteSha": "1.0-21"
2026-08-14T16:23:27.2966120Z       },
2026-08-14T16:23:27.2966860Z       "sources": ["https://cran.rstudio.com/bin/macosx/sonoma-arm64/contrib/4.6/pspline_1.0-21.tgz", "https://mac.cran.dev/bin/macosx/sonoma-arm64/contrib/4.6/pspline_1.0-21.tgz"],
2026-08-14T16:23:27.2967140Z       "target": "bin/macosx/sonoma-arm64/contrib/4.6/pspline_1.0-21.tgz",
2026-08-14T16:23:27.2967280Z       "platform": "aarch64-apple-darwin23",
2026-08-14T16:23:27.2967370Z       "rversion": "4.6",
2026-08-14T16:23:27.2967680Z       "built": "R 4.6.0; aarch64-apple-darwin23; 2026-04-25 16:59:00 UTC; unix",
2026-08-14T16:23:27.2967890Z       "directpkg": false,
2026-08-14T16:23:27.2968010Z       "license": "Unlimited",
2026-08-14T16:23:27.2968310Z       "sha256": "\n        b81f2abfb5ee8945d41721070d86973dc8009b291e09223d6c5019985311b941",
2026-08-14T16:23:27.2968480Z       "dep_types": ["Depends", "Imports", "LinkingTo"],
2026-08-14T16:23:27.2968690Z       "params": [],
2026-08-14T16:23:27.2968790Z       "install_args": [],
2026-08-14T16:23:27.2968880Z       "repotype": "cran"
2026-08-14T16:23:27.2968930Z     },
2026-08-14T16:23:27.2968980Z     {
2026-08-14T16:23:27.2969080Z       "ref": "stabledist",
2026-08-14T16:23:27.2969180Z       "package": "stabledist",
2026-08-14T16:23:27.2969270Z       "version": "0.7-2",
2026-08-14T16:23:27.2969370Z       "type": "standard",
2026-08-14T16:23:27.2969450Z       "direct": false,
2026-08-14T16:23:27.2969540Z       "binary": true,
2026-08-14T16:23:27.2969630Z       "dependencies": [],
2026-08-14T16:23:27.2969710Z       "deps": [
2026-08-14T16:23:27.2969760Z         {
2026-08-14T16:23:27.2969860Z           "ref": "fBasics",
2026-08-14T16:23:27.2969960Z           "type": "suggests",
2026-08-14T16:23:27.2970060Z           "package": "fBasics",
2026-08-14T16:23:27.2970140Z           "op": "",
2026-08-14T16:23:27.2970230Z           "version": ""
2026-08-14T16:23:27.2970300Z         },
2026-08-14T16:23:27.2970360Z         {
2026-08-14T16:23:27.2970470Z           "ref": "FMStable",
2026-08-14T16:23:27.2970570Z           "type": "suggests",
2026-08-14T16:23:27.2970680Z           "package": "FMStable",
2026-08-14T16:23:27.2970760Z           "op": "",
2026-08-14T16:23:27.2970840Z           "version": ""
2026-08-14T16:23:27.2970910Z         },
2026-08-14T16:23:27.2970960Z         {
2026-08-14T16:23:27.2971070Z           "ref": "libstable4u",
2026-08-14T16:23:27.2971170Z           "type": "suggests",
2026-08-14T16:23:27.2971280Z           "package": "libstable4u",
2026-08-14T16:23:27.2971360Z           "op": "",
2026-08-14T16:23:27.2971450Z           "version": ""
2026-08-14T16:23:27.2971520Z         },
2026-08-14T16:23:27.2971570Z         {
2026-08-14T16:23:27.2971670Z           "ref": "Matrix",
2026-08-14T16:23:27.2971770Z           "type": "suggests",
2026-08-14T16:23:27.2971870Z           "package": "Matrix",
2026-08-14T16:23:27.2971950Z           "op": "",
2026-08-14T16:23:27.2972050Z           "version": ""
2026-08-14T16:23:27.2972110Z         },
2026-08-14T16:23:27.2972170Z         {
2026-08-14T16:23:27.2972250Z           "ref": "R",
2026-08-14T16:23:27.2972400Z           "type": "depends",
2026-08-14T16:23:27.2972500Z           "package": "R",
2026-08-14T16:23:27.2972590Z           "op": ">=",
2026-08-14T16:23:27.2972680Z           "version": "3.1.0"
2026-08-14T16:23:27.2972750Z         },
2026-08-14T16:23:27.2972800Z         {
2026-08-14T16:23:27.2972910Z           "ref": "Rmpfr",
2026-08-14T16:23:27.2973000Z           "type": "suggests",
2026-08-14T16:23:27.2973100Z           "package": "Rmpfr",
2026-08-14T16:23:27.2973180Z           "op": "",
2026-08-14T16:23:27.2973270Z           "version": ""
2026-08-14T16:23:27.2973340Z         },
2026-08-14T16:23:27.2973400Z         {
2026-08-14T16:23:27.2973490Z           "ref": "RUnit",
2026-08-14T16:23:27.2973590Z           "type": "suggests",
2026-08-14T16:23:27.2973690Z           "package": "RUnit",
2026-08-14T16:23:27.2973780Z           "op": "",
2026-08-14T16:23:27.2973880Z           "version": ""
2026-08-14T16:23:27.2973940Z         },
2026-08-14T16:23:27.2974000Z         {
2026-08-14T16:23:27.2974090Z           "ref": "sfsmisc",
2026-08-14T16:23:27.2974190Z           "type": "suggests",
2026-08-14T16:23:27.2974290Z           "package": "sfsmisc",
2026-08-14T16:23:27.2974380Z           "op": "",
2026-08-14T16:23:27.2974470Z           "version": ""
2026-08-14T16:23:27.2974540Z         },
2026-08-14T16:23:27.2974590Z         {
2026-08-14T16:23:27.2974680Z           "ref": "stats",
2026-08-14T16:23:27.2974780Z           "type": "imports",
2026-08-14T16:23:27.2974880Z           "package": "stats",
2026-08-14T16:23:27.2974960Z           "op": "",
2026-08-14T16:23:27.2975050Z           "version": ""
2026-08-14T16:23:27.2975110Z         }
2026-08-14T16:23:27.2975170Z       ],
2026-08-14T16:23:27.2975270Z       "vignettes": false,
2026-08-14T16:23:27.2975380Z       "needscompilation": false,
2026-08-14T16:23:27.2975460Z       "metadata": {
2026-08-14T16:23:27.2975620Z         "RemoteType": "standard",
2026-08-14T16:23:27.2975750Z         "RemotePkgRef": "stabledist",
2026-08-14T16:23:27.2975860Z         "RemoteRef": "stabledist",
2026-08-14T16:23:27.2976020Z         "RemoteRepos": "https://cran.rstudio.com",
2026-08-14T16:23:27.2976190Z         "RemotePkgPlatform": "aarch64-apple-darwin23",
2026-08-14T16:23:27.2976300Z         "RemoteSha": "0.7-2"
2026-08-14T16:23:27.2976360Z       },
2026-08-14T16:23:27.2977040Z       "sources": ["https://cran.rstudio.com/bin/macosx/sonoma-arm64/contrib/4.6/stabledist_0.7-2.tgz", "https://mac.cran.dev/bin/macosx/sonoma-arm64/contrib/4.6/stabledist_0.7-2.tgz"],
2026-08-14T16:23:27.2977290Z       "target": "bin/macosx/sonoma-arm64/contrib/4.6/stabledist_0.7-2.tgz",
2026-08-14T16:23:27.2977430Z       "platform": "aarch64-apple-darwin23",
2026-08-14T16:23:27.2977520Z       "rversion": "4.6",
2026-08-14T16:23:27.2977690Z       "built": "R 4.6.0; ; 2026-04-25 16:17:25 UTC; unix",
2026-08-14T16:23:27.2977800Z       "directpkg": false,
2026-08-14T16:23:27.2977910Z       "license": "GPL (>= 2)",
2026-08-14T16:23:27.2978210Z       "sha256": "\n        64f80573f310fd443d0fb19aa28938da4e1bca83242a9670fda7475edfc8f544",
2026-08-14T16:23:27.2978380Z       "dep_types": ["Depends", "Imports", "LinkingTo"],
2026-08-14T16:23:27.2978460Z       "params": [],
2026-08-14T16:23:27.2978550Z       "install_args": [],
2026-08-14T16:23:27.2978650Z       "repotype": "cran"
2026-08-14T16:23:27.2978690Z     },
2026-08-14T16:23:27.2978740Z     {
2026-08-14T16:23:27.2978870Z       "ref": "any::patchwork",
2026-08-14T16:23:27.2978980Z       "package": "patchwork",
2026-08-14T16:23:27.2979070Z       "version": "1.3.2",
2026-08-14T16:23:27.2979160Z       "type": "any",
2026-08-14T16:23:27.2979240Z       "direct": true,
2026-08-14T16:23:27.2979320Z       "binary": true,
2026-08-14T16:23:27.2979550Z       "dependencies": ["cli", "farver", "ggplot2", "gtable", "rlang"],
2026-08-14T16:23:27.2979620Z       "deps": [
2026-08-14T16:23:27.2979680Z         {
2026-08-14T16:23:27.2979770Z           "ref": "cli",
2026-08-14T16:23:27.2979870Z           "type": "imports",
2026-08-14T16:23:27.2979960Z           "package": "cli",
2026-08-14T16:23:27.2980290Z           "op": "",
2026-08-14T16:23:27.2980400Z           "version": ""
2026-08-14T16:23:27.2980470Z         },
2026-08-14T16:23:27.2980530Z         {
2026-08-14T16:23:27.2980620Z           "ref": "covr",
2026-08-14T16:23:27.2980720Z           "type": "suggests",
2026-08-14T16:23:27.2980820Z           "package": "covr",
2026-08-14T16:23:27.2980900Z           "op": "",
2026-08-14T16:23:27.2980990Z           "version": ""
2026-08-14T16:23:27.2981060Z         },
2026-08-14T16:23:27.2981110Z         {
2026-08-14T16:23:27.2981200Z           "ref": "farver",
2026-08-14T16:23:27.2981300Z           "type": "imports",
2026-08-14T16:23:27.2981400Z           "package": "farver",
2026-08-14T16:23:27.2981480Z           "op": "",
2026-08-14T16:23:27.2981570Z           "version": ""
2026-08-14T16:23:27.2981630Z         },
2026-08-14T16:23:27.2981690Z         {
2026-08-14T16:23:27.2981800Z           "ref": "ggplot2",
2026-08-14T16:23:27.2981890Z           "type": "imports",
2026-08-14T16:23:27.2982000Z           "package": "ggplot2",
2026-08-14T16:23:27.2982080Z           "op": ">=",
2026-08-14T16:23:27.2982210Z           "version": "3.0.0"
2026-08-14T16:23:27.2982290Z         },
2026-08-14T16:23:27.2982360Z         {
2026-08-14T16:23:27.2982480Z           "ref": "graphics",
2026-08-14T16:23:27.2982600Z           "type": "imports",
2026-08-14T16:23:27.2982720Z           "package": "graphics",
2026-08-14T16:23:27.2982800Z           "op": "",
2026-08-14T16:23:27.2982890Z           "version": ""
2026-08-14T16:23:27.2982950Z         },
2026-08-14T16:23:27.2983000Z         {
2026-08-14T16:23:27.2983120Z           "ref": "grDevices",
2026-08-14T16:23:27.2983240Z           "type": "imports",
2026-08-14T16:23:27.2983370Z           "package": "grDevices",
2026-08-14T16:23:27.2983470Z           "op": "",
2026-08-14T16:23:27.2983630Z           "version": ""
2026-08-14T16:23:27.2983700Z         },
2026-08-14T16:23:27.2983760Z         {
2026-08-14T16:23:27.2983850Z           "ref": "grid",
2026-08-14T16:23:27.2983950Z           "type": "imports",
2026-08-14T16:23:27.2984060Z           "package": "grid",
2026-08-14T16:23:27.2984140Z           "op": "",
2026-08-14T16:23:27.2984230Z           "version": ""
2026-08-14T16:23:27.2984300Z         },
2026-08-14T16:23:27.2984350Z         {
2026-08-14T16:23:27.2984450Z           "ref": "gridExtra",
2026-08-14T16:23:27.2984570Z           "type": "suggests",
2026-08-14T16:23:27.2984680Z           "package": "gridExtra",
2026-08-14T16:23:27.2984760Z           "op": "",
2026-08-14T16:23:27.2984850Z           "version": ""
2026-08-14T16:23:27.2984920Z         },
2026-08-14T16:23:27.2984970Z         {
2026-08-14T16:23:27.2985080Z           "ref": "gridGraphics",
2026-08-14T16:23:27.2985190Z           "type": "suggests",
2026-08-14T16:23:27.2985300Z           "package": "gridGraphics",
2026-08-14T16:23:27.2985390Z           "op": "",
2026-08-14T16:23:27.2985480Z           "version": ""
2026-08-14T16:23:27.2985550Z         },
2026-08-14T16:23:27.2985600Z         {
2026-08-14T16:23:27.2985690Z           "ref": "gt",
2026-08-14T16:23:27.2985790Z           "type": "suggests",
2026-08-14T16:23:27.2985890Z           "package": "gt",
2026-08-14T16:23:27.2985970Z           "op": ">=",
2026-08-14T16:23:27.2986080Z           "version": "0.11.0"
2026-08-14T16:23:27.2986140Z         },
2026-08-14T16:23:27.2986200Z         {
2026-08-14T16:23:27.2986290Z           "ref": "gtable",
2026-08-14T16:23:27.2986390Z           "type": "imports",
2026-08-14T16:23:27.2986490Z           "package": "gtable",
2026-08-14T16:23:27.2986580Z           "op": ">=",
2026-08-14T16:23:27.2986680Z           "version": "0.3.6"
2026-08-14T16:23:27.2986750Z         },
2026-08-14T16:23:27.2986800Z         {
2026-08-14T16:23:27.2986890Z           "ref": "knitr",
2026-08-14T16:23:27.2987000Z           "type": "suggests",
2026-08-14T16:23:27.2987090Z           "package": "knitr",
2026-08-14T16:23:27.2987180Z           "op": "",
2026-08-14T16:23:27.2987270Z           "version": ""
2026-08-14T16:23:27.2987340Z         },
2026-08-14T16:23:27.2987450Z         {
2026-08-14T16:23:27.2987540Z           "ref": "png",
2026-08-14T16:23:27.2987640Z           "type": "suggests",
2026-08-14T16:23:27.2987760Z           "package": "png",
2026-08-14T16:23:27.2987870Z           "op": "",
2026-08-14T16:23:27.2987980Z           "version": ""
2026-08-14T16:23:27.2988070Z         },
2026-08-14T16:23:27.2988140Z         {
2026-08-14T16:23:27.2988240Z           "ref": "ragg",
2026-08-14T16:23:27.2988340Z           "type": "suggests",
2026-08-14T16:23:27.2988440Z           "package": "ragg",
2026-08-14T16:23:27.2988520Z           "op": "",
2026-08-14T16:23:27.2988610Z           "version": ""
2026-08-14T16:23:27.2988680Z         },
2026-08-14T16:23:27.2988740Z         {
2026-08-14T16:23:27.2988830Z           "ref": "rlang",
2026-08-14T16:23:27.2988930Z           "type": "imports",
2026-08-14T16:23:27.2989030Z           "package": "rlang",
2026-08-14T16:23:27.2989120Z           "op": ">=",
2026-08-14T16:23:27.2989220Z           "version": "1.0.0"
2026-08-14T16:23:27.2989290Z         },
2026-08-14T16:23:27.2989350Z         {
2026-08-14T16:23:27.2989450Z           "ref": "rmarkdown",
2026-08-14T16:23:27.2989550Z           "type": "suggests",
2026-08-14T16:23:27.2989660Z           "package": "rmarkdown",
2026-08-14T16:23:27.2989740Z           "op": "",
2026-08-14T16:23:27.2989830Z           "version": ""
2026-08-14T16:23:27.2989900Z         },
2026-08-14T16:23:27.2989960Z         {
2026-08-14T16:23:27.2990050Z           "ref": "stats",
2026-08-14T16:23:27.2990150Z           "type": "imports",
2026-08-14T16:23:27.2990260Z           "package": "stats",
2026-08-14T16:23:27.2990340Z           "op": "",
2026-08-14T16:23:27.2990440Z           "version": ""
2026-08-14T16:23:27.2990500Z         },
2026-08-14T16:23:27.2990560Z         {
2026-08-14T16:23:27.2990670Z           "ref": "testthat",
2026-08-14T16:23:27.2990820Z           "type": "suggests",
2026-08-14T16:23:27.2990940Z           "package": "testthat",
2026-08-14T16:23:27.2991020Z           "op": ">=",
2026-08-14T16:23:27.2991130Z           "version": "2.1.0"
2026-08-14T16:23:27.2991200Z         },
2026-08-14T16:23:27.2991260Z         {
2026-08-14T16:23:27.2991350Z           "ref": "utils",
2026-08-14T16:23:27.2991450Z           "type": "imports",
2026-08-14T16:23:27.2991560Z           "package": "utils",
2026-08-14T16:23:27.2991640Z           "op": "",
2026-08-14T16:23:27.2991730Z           "version": ""
2026-08-14T16:23:27.2991790Z         },
2026-08-14T16:23:27.2991850Z         {
2026-08-14T16:23:27.2991940Z           "ref": "vdiffr",
2026-08-14T16:23:27.2992050Z           "type": "suggests",
2026-08-14T16:23:27.2992150Z           "package": "vdiffr",
2026-08-14T16:23:27.2992230Z           "op": "",
2026-08-14T16:23:27.2992320Z           "version": ""
2026-08-14T16:23:27.2992380Z         }
2026-08-14T16:23:27.2992430Z       ],
2026-08-14T16:23:27.2992540Z       "vignettes": false,
2026-08-14T16:23:27.2992650Z       "needscompilation": false,
2026-08-14T16:23:27.2992730Z       "metadata": {
2026-08-14T16:23:27.2992830Z         "RemoteType": "any",
2026-08-14T16:23:27.2992980Z         "RemotePkgRef": "any::patchwork",
2026-08-14T16:23:27.2993110Z         "RemoteRef": "any::patchwork",
2026-08-14T16:23:27.2993280Z         "RemoteRepos": "https://cran.rstudio.com",
2026-08-14T16:23:27.2993460Z         "RemotePkgPlatform": "aarch64-apple-darwin23",
2026-08-14T16:23:27.2993560Z         "RemoteSha": "1.3.2"
2026-08-14T16:23:27.2993630Z       },
2026-08-14T16:23:27.2994300Z       "sources": ["https://cran.rstudio.com/bin/macosx/sonoma-arm64/contrib/4.6/patchwork_1.3.2.tgz", "https://mac.cran.dev/bin/macosx/sonoma-arm64/contrib/4.6/patchwork_1.3.2.tgz"],
2026-08-14T16:23:27.2994540Z       "target": "bin/macosx/sonoma-arm64/contrib/4.6/patchwork_1.3.2.tgz",
2026-08-14T16:23:27.2998090Z       "platform": "aarch64-apple-darwin23",
2026-08-14T16:23:27.2998240Z       "rversion": "4.6",
2026-08-14T16:23:27.2998430Z       "built": "R 4.6.0; ; 2026-04-26 05:20:41 UTC; unix",
2026-08-14T16:23:27.2998530Z       "directpkg": true,
2026-08-14T16:23:27.2998840Z       "license": "MIT + file LICENSE",
2026-08-14T16:23:27.2999160Z       "sha256": "\n        85310d884b2927ec56c89d41c494b7c39db76f61ebb515954a62a1be389363ac",
2026-08-14T16:23:27.2999330Z       "dep_types": ["Depends", "Imports", "LinkingTo"],
2026-08-14T16:23:27.2999420Z       "params": [],
2026-08-14T16:23:27.2999510Z       "install_args": [],
2026-08-14T16:23:27.2999610Z       "repotype": "cran"
2026-08-14T16:23:27.2999660Z     },
2026-08-14T16:23:27.2999710Z     {
2026-08-14T16:23:27.2999840Z       "ref": "any::deconvolveR",
2026-08-14T16:23:27.2999950Z       "package": "deconvolveR",
2026-08-14T16:23:27.3000050Z       "version": "1.2-1",
2026-08-14T16:23:27.3000130Z       "type": "any",
2026-08-14T16:23:27.3000220Z       "direct": true,
2026-08-14T16:23:27.3000310Z       "binary": true,
2026-08-14T16:23:27.3000410Z       "dependencies": [],
2026-08-14T16:23:27.3000480Z       "deps": [
2026-08-14T16:23:27.3000540Z         {
2026-08-14T16:23:27.3000630Z           "ref": "cowplot",
2026-08-14T16:23:27.3000740Z           "type": "suggests",
2026-08-14T16:23:27.3000850Z           "package": "cowplot",
2026-08-14T16:23:27.3000930Z           "op": "",
2026-08-14T16:23:27.3001020Z           "version": ""
2026-08-14T16:23:27.3001090Z         },
2026-08-14T16:23:27.3001140Z         {
2026-08-14T16:23:27.3001240Z           "ref": "ggplot2",
2026-08-14T16:23:27.3001340Z           "type": "suggests",
2026-08-14T16:23:27.3001450Z           "package": "ggplot2",
2026-08-14T16:23:27.3001530Z           "op": "",
2026-08-14T16:23:27.3001620Z           "version": ""
2026-08-14T16:23:27.3001690Z         },
2026-08-14T16:23:27.3001750Z         {
2026-08-14T16:23:27.3001840Z           "ref": "knitr",
2026-08-14T16:23:27.3001940Z           "type": "suggests",
2026-08-14T16:23:27.3002040Z           "package": "knitr",
2026-08-14T16:23:27.3002210Z           "op": "",
2026-08-14T16:23:27.3002300Z           "version": ""
2026-08-14T16:23:27.3002370Z         },
2026-08-14T16:23:27.3002420Z         {
2026-08-14T16:23:27.3002510Z           "ref": "R",
2026-08-14T16:23:27.3002620Z           "type": "depends",
2026-08-14T16:23:27.3002720Z           "package": "R",
2026-08-14T16:23:27.3002810Z           "op": ">=",
2026-08-14T16:23:27.3002900Z           "version": "3.0"
2026-08-14T16:23:27.3002970Z         },
2026-08-14T16:23:27.3003030Z         {
2026-08-14T16:23:27.3003130Z           "ref": "rmarkdown",
2026-08-14T16:23:27.3003230Z           "type": "suggests",
2026-08-14T16:23:27.3003350Z           "package": "rmarkdown",
2026-08-14T16:23:27.3003430Z           "op": "",
2026-08-14T16:23:27.3003550Z           "version": ""
2026-08-14T16:23:27.3003630Z         },
2026-08-14T16:23:27.3003700Z         {
2026-08-14T16:23:27.3003820Z           "ref": "splines",
2026-08-14T16:23:27.3003950Z           "type": "imports",
2026-08-14T16:23:27.3004060Z           "package": "splines",
2026-08-14T16:23:27.3004150Z           "op": "",
2026-08-14T16:23:27.3004240Z           "version": ""
2026-08-14T16:23:27.3004300Z         },
2026-08-14T16:23:27.3004360Z         {
2026-08-14T16:23:27.3004450Z           "ref": "stats",
2026-08-14T16:23:27.3004710Z           "type": "imports",
2026-08-14T16:23:27.3004840Z           "package": "stats",
2026-08-14T16:23:27.3004940Z           "op": "",
2026-08-14T16:23:27.3005050Z           "version": ""
2026-08-14T16:23:27.3005120Z         }
2026-08-14T16:23:27.3005170Z       ],
2026-08-14T16:23:27.3005270Z       "vignettes": false,
2026-08-14T16:23:27.3005380Z       "needscompilation": false,
2026-08-14T16:23:27.3005470Z       "metadata": {
2026-08-14T16:23:27.3005570Z         "RemoteType": "any",
2026-08-14T16:23:27.3005860Z         "RemotePkgRef": "any::deconvolveR",
2026-08-14T16:23:27.3006020Z         "RemoteRef": "any::deconvolveR",
2026-08-14T16:23:27.3006200Z         "RemoteRepos": "https://cran.rstudio.com",
2026-08-14T16:23:27.3006370Z         "RemotePkgPlatform": "aarch64-apple-darwin23",
2026-08-14T16:23:27.3006470Z         "RemoteSha": "1.2-1"
2026-08-14T16:23:27.3006530Z       },
2026-08-14T16:23:27.3007380Z       "sources": ["https://cran.rstudio.com/bin/macosx/sonoma-arm64/contrib/4.6/deconvolveR_1.2-1.tgz", "https://mac.cran.dev/bin/macosx/sonoma-arm64/contrib/4.6/deconvolveR_1.2-1.tgz"],
2026-08-14T16:23:27.3007690Z       "target": "bin/macosx/sonoma-arm64/contrib/4.6/deconvolveR_1.2-1.tgz",
2026-08-14T16:23:27.3007930Z       "platform": "aarch64-apple-darwin23",
2026-08-14T16:23:27.3008030Z       "rversion": "4.6",
2026-08-14T16:23:27.3008210Z       "built": "R 4.6.0; ; 2026-04-25 18:10:18 UTC; unix",
2026-08-14T16:23:27.3008310Z       "directpkg": true,
2026-08-14T16:23:27.3008420Z       "license": "GPL (>= 2)",
2026-08-14T16:23:27.3008740Z       "sha256": "\n        05d18d06705ae92efb7daf1a8e92164c9bfb8ead48fd995f0a4693b7668460c7",
2026-08-14T16:23:27.3008910Z       "dep_types": ["Depends", "Imports", "LinkingTo"],
2026-08-14T16:23:27.3009000Z       "params": [],
2026-08-14T16:23:27.3009100Z       "install_args": [],
2026-08-14T16:23:27.3009200Z       "repotype": "cran"
2026-08-14T16:23:27.3009250Z     },
2026-08-14T16:23:27.3009300Z     {
2026-08-14T16:23:27.3009410Z       "ref": "any::moments",
2026-08-14T16:23:27.3009510Z       "package": "moments",
2026-08-14T16:23:27.3009610Z       "version": "0.14.1",
2026-08-14T16:23:27.3009690Z       "type": "any",
2026-08-14T16:23:27.3009780Z       "direct": true,
2026-08-14T16:23:27.3009870Z       "binary": true,
2026-08-14T16:23:27.3009970Z       "dependencies": [],
2026-08-14T16:23:27.3010050Z       "deps": [],
2026-08-14T16:23:27.3010150Z       "vignettes": false,
2026-08-14T16:23:27.3010270Z       "needscompilation": false,
2026-08-14T16:23:27.3010350Z       "metadata": {
2026-08-14T16:23:27.3010450Z         "RemoteType": "any",
2026-08-14T16:23:27.3010580Z         "RemotePkgRef": "any::moments",
2026-08-14T16:23:27.3010700Z         "RemoteRef": "any::moments",
2026-08-14T16:23:27.3010930Z         "RemoteRepos": "https://cran.rstudio.com",
2026-08-14T16:23:27.3011100Z         "RemotePkgPlatform": "aarch64-apple-darwin23",
2026-08-14T16:23:27.3011210Z         "RemoteSha": "0.14.1"
2026-08-14T16:23:27.3011260Z       },
2026-08-14T16:23:27.3012030Z       "sources": ["https://cran.rstudio.com/bin/macosx/sonoma-arm64/contrib/4.6/moments_0.14.1.tgz", "https://mac.cran.dev/bin/macosx/sonoma-arm64/contrib/4.6/moments_0.14.1.tgz"],
2026-08-14T16:23:27.3012270Z       "target": "bin/macosx/sonoma-arm64/contrib/4.6/moments_0.14.1.tgz",
2026-08-14T16:23:27.3012410Z       "platform": "aarch64-apple-darwin23",
2026-08-14T16:23:27.3012500Z       "rversion": "4.6",
2026-08-14T16:23:27.3012680Z       "built": "R 4.6.0; ; 2026-04-25 16:22:19 UTC; unix",
2026-08-14T16:23:27.3012780Z       "directpkg": true,
2026-08-14T16:23:27.3012880Z       "license": "GPL (>= 2)",
2026-08-14T16:23:27.3013200Z       "sha256": "\n        9f9469c76761ec97cdc755aa26071d015f3df43bf4199cfc0fe7da355931a3b6",
2026-08-14T16:23:27.3013410Z       "dep_types": ["Depends", "Imports", "LinkingTo"],
2026-08-14T16:23:27.3013520Z       "params": [],
2026-08-14T16:23:27.3013640Z       "install_args": [],
2026-08-14T16:23:27.3013740Z       "repotype": "cran"
2026-08-14T16:23:27.3013780Z     },
2026-08-14T16:23:27.3013840Z     {
2026-08-14T16:23:27.3014160Z       "ref": "installed::/Library/Frameworks/R.framework/Resources/library/lattice",
2026-08-14T16:23:27.3014290Z       "package": "lattice",
2026-08-14T16:23:27.3014410Z       "version": "0.22-9",
2026-08-14T16:23:27.3014540Z       "type": "installed",
2026-08-14T16:23:27.3014630Z       "direct": false,
2026-08-14T16:23:27.3014720Z       "binary": true,
2026-08-14T16:23:27.3014810Z       "dependencies": [],
2026-08-14T16:23:27.3014890Z       "deps": [
2026-08-14T16:23:27.3014950Z         {
2026-08-14T16:23:27.3015030Z           "ref": "R",
2026-08-14T16:23:27.3015130Z           "type": "depends",
2026-08-14T16:23:27.3015230Z           "package": "R",
2026-08-14T16:23:27.3015330Z           "op": ">=",
2026-08-14T16:23:27.3015450Z           "version": "4.0.0"
2026-08-14T16:23:27.3015540Z         },
2026-08-14T16:23:27.3015610Z         {
2026-08-14T16:23:27.3015810Z           "ref": "grid",
2026-08-14T16:23:27.3015920Z           "type": "imports",
2026-08-14T16:23:27.3016030Z           "package": "grid",
2026-08-14T16:23:27.3016110Z           "op": "",
2026-08-14T16:23:27.3016200Z           "version": ""
2026-08-14T16:23:27.3016270Z         },
2026-08-14T16:23:27.3016330Z         {
2026-08-14T16:23:27.3016460Z           "ref": "grDevices",
2026-08-14T16:23:27.3016590Z           "type": "imports",
2026-08-14T16:23:27.3016740Z           "package": "grDevices",
2026-08-14T16:23:27.3016830Z           "op": "",
2026-08-14T16:23:27.3016920Z           "version": ""
2026-08-14T16:23:27.3016990Z         },
2026-08-14T16:23:27.3017050Z         {
2026-08-14T16:23:27.3017150Z           "ref": "graphics",
2026-08-14T16:23:27.3017250Z           "type": "imports",
2026-08-14T16:23:27.3017360Z           "package": "graphics",
2026-08-14T16:23:27.3017440Z           "op": "",
2026-08-14T16:23:27.3017530Z           "version": ""
2026-08-14T16:23:27.3017600Z         },
2026-08-14T16:23:27.3017670Z         {
2026-08-14T16:23:27.3017790Z           "ref": "stats",
2026-08-14T16:23:27.3017910Z           "type": "imports",
2026-08-14T16:23:27.3018050Z           "package": "stats",
2026-08-14T16:23:27.3018140Z           "op": "",
2026-08-14T16:23:27.3018230Z           "version": ""
2026-08-14T16:23:27.3018290Z         },
2026-08-14T16:23:27.3018350Z         {
2026-08-14T16:23:27.3018440Z           "ref": "utils",
2026-08-14T16:23:27.3018540Z           "type": "imports",
2026-08-14T16:23:27.3018640Z           "package": "utils",
2026-08-14T16:23:27.3018720Z           "op": "",
2026-08-14T16:23:27.3018810Z           "version": ""
2026-08-14T16:23:27.3018880Z         }
2026-08-14T16:23:27.3018950Z       ],
2026-08-14T16:23:27.3019070Z       "vignettes": false,
2026-08-14T16:23:27.3019220Z       "needscompilation": true,
2026-08-14T16:23:27.3019380Z       "metadata": {
2026-08-14T16:23:27.3019500Z         "RemoteType": "installed",
2026-08-14T16:23:27.3019850Z         "RemotePkgRef": "installed::/Library/Frameworks/R.framework/Resources/library/lattice",
2026-08-14T16:23:27.3020040Z         "RemotePkgPlatform": "aarch64-apple-darwin23",
2026-08-14T16:23:27.3020140Z         "RemoteSha": "0.22-9"
2026-08-14T16:23:27.3020200Z       },
2026-08-14T16:23:27.3020280Z       "sources": [],
2026-08-14T16:23:27.3020440Z       "target": "src/contrib/lattice_0.22-9.tar.gz",
2026-08-14T16:23:27.3020580Z       "platform": "aarch64-apple-darwin23",
2026-08-14T16:23:27.3020700Z       "rversion": "R 4.6.1",
2026-08-14T16:23:27.3021010Z       "built": "R 4.6.1; aarch64-apple-darwin23; 2026-06-25 21:54:07 UTC; unix",
2026-08-14T16:23:27.3021130Z       "directpkg": false,
2026-08-14T16:23:27.3021230Z       "license": "GPL (>= 2)",
2026-08-14T16:23:27.3021410Z       "dep_types": ["Depends", "Imports", "LinkingTo"],
2026-08-14T16:23:27.3021490Z       "params": [],
2026-08-14T16:23:27.3021590Z       "install_args": [],
2026-08-14T16:23:27.3021680Z       "repotype": "cran"
2026-08-14T16:23:27.3021720Z     },
2026-08-14T16:23:27.3021770Z     {
2026-08-14T16:23:27.3022050Z       "ref": "installed::/Library/Frameworks/R.framework/Resources/library/Matrix",
2026-08-14T16:23:27.3022150Z       "package": "Matrix",
2026-08-14T16:23:27.3022240Z       "version": "1.7-5",
2026-08-14T16:23:27.3022360Z       "type": "installed",
2026-08-14T16:23:27.3022460Z       "direct": false,
2026-08-14T16:23:27.3022570Z       "binary": true,
2026-08-14T16:23:27.3022720Z       "dependencies": ["lattice"],
2026-08-14T16:23:27.3022800Z       "deps": [
2026-08-14T16:23:27.3022860Z         {
2026-08-14T16:23:27.3022940Z           "ref": "R",
2026-08-14T16:23:27.3023040Z           "type": "depends",
2026-08-14T16:23:27.3023140Z           "package": "R",
2026-08-14T16:23:27.3023220Z           "op": ">=",
2026-08-14T16:23:27.3023310Z           "version": "4.4"
2026-08-14T16:23:27.3023380Z         },
2026-08-14T16:23:27.3023440Z         {
2026-08-14T16:23:27.3023530Z           "ref": "methods",
2026-08-14T16:23:27.3023630Z           "type": "depends",
2026-08-14T16:23:27.3023780Z           "package": "methods",
2026-08-14T16:23:27.3023870Z           "op": "",
2026-08-14T16:23:27.3023960Z           "version": ""
2026-08-14T16:23:27.3024020Z         },
2026-08-14T16:23:27.3024080Z         {
2026-08-14T16:23:27.3024180Z           "ref": "grDevices",
2026-08-14T16:23:27.3024280Z           "type": "imports",
2026-08-14T16:23:27.3024390Z           "package": "grDevices",
2026-08-14T16:23:27.3024470Z           "op": "",
2026-08-14T16:23:27.3024550Z           "version": ""
2026-08-14T16:23:27.3024620Z         },
2026-08-14T16:23:27.3024670Z         {
2026-08-14T16:23:27.3024770Z           "ref": "graphics",
2026-08-14T16:23:27.3024870Z           "type": "imports",
2026-08-14T16:23:27.3024980Z           "package": "graphics",
2026-08-14T16:23:27.3025060Z           "op": "",
2026-08-14T16:23:27.3025160Z           "version": ""
2026-08-14T16:23:27.3025220Z         },
2026-08-14T16:23:27.3025280Z         {
2026-08-14T16:23:27.3025370Z           "ref": "grid",
2026-08-14T16:23:27.3025480Z           "type": "imports",
2026-08-14T16:23:27.3025600Z           "package": "grid",
2026-08-14T16:23:27.3025710Z           "op": "",
2026-08-14T16:23:27.3025820Z           "version": ""
2026-08-14T16:23:27.3025910Z         },
2026-08-14T16:23:27.3025960Z         {
2026-08-14T16:23:27.3026060Z           "ref": "lattice",
2026-08-14T16:23:27.3026160Z           "type": "imports",
2026-08-14T16:23:27.3026270Z           "package": "lattice",
2026-08-14T16:23:27.3026360Z           "op": "",
2026-08-14T16:23:27.3026440Z           "version": ""
2026-08-14T16:23:27.3026510Z         },
2026-08-14T16:23:27.3026560Z         {
2026-08-14T16:23:27.3026660Z           "ref": "stats",
2026-08-14T16:23:27.3026750Z           "type": "imports",
2026-08-14T16:23:27.3026860Z           "package": "stats",
2026-08-14T16:23:27.3026930Z           "op": "",
2026-08-14T16:23:27.3027080Z           "version": ""
2026-08-14T16:23:27.3027150Z         },
2026-08-14T16:23:27.3027210Z         {
2026-08-14T16:23:27.3027300Z           "ref": "utils",
2026-08-14T16:23:27.3027410Z           "type": "imports",
2026-08-14T16:23:27.3027510Z           "package": "utils",
2026-08-14T16:23:27.3027590Z           "op": "",
2026-08-14T16:23:27.3027680Z           "version": ""
2026-08-14T16:23:27.3027740Z         }
2026-08-14T16:23:27.3027790Z       ],
2026-08-14T16:23:27.3027890Z       "vignettes": false,
2026-08-14T16:23:27.3028000Z       "needscompilation": true,
2026-08-14T16:23:27.3028090Z       "metadata": {
2026-08-14T16:23:27.3028210Z         "RemoteType": "installed",
2026-08-14T16:23:27.3028550Z         "RemotePkgRef": "installed::/Library/Frameworks/R.framework/Resources/library/Matrix",
2026-08-14T16:23:27.3028730Z         "RemotePkgPlatform": "aarch64-apple-darwin23",
2026-08-14T16:23:27.3028830Z         "RemoteSha": "1.7-5"
2026-08-14T16:23:27.3028880Z       },
2026-08-14T16:23:27.3028970Z       "sources": [],
2026-08-14T16:23:27.3029130Z       "target": "src/contrib/Matrix_1.7-5.tar.gz",
2026-08-14T16:23:27.3029260Z       "platform": "aarch64-apple-darwin23",
2026-08-14T16:23:27.3029360Z       "rversion": "R 4.6.1",
2026-08-14T16:23:27.3029610Z       "built": "R 4.6.1; aarch64-apple-darwin23; 2026-06-25 21:54:11 UTC; unix",
2026-08-14T16:23:27.3029710Z       "directpkg": false,
2026-08-14T16:23:27.3029840Z       "license": "GPL (>= 2) | file LICENCE",
2026-08-14T16:23:27.3030020Z       "dep_types": ["Depends", "Imports", "LinkingTo"],
2026-08-14T16:23:27.3030100Z       "params": [],
2026-08-14T16:23:27.3030200Z       "install_args": [],
2026-08-14T16:23:27.3030290Z       "repotype": "cran"
2026-08-14T16:23:27.3030340Z     },
2026-08-14T16:23:27.3030390Z     {
2026-08-14T16:23:27.3030700Z       "ref": "installed::/Library/Frameworks/R.framework/Resources/library/nlme",
2026-08-14T16:23:27.3030820Z       "package": "nlme",
2026-08-14T16:23:27.3030940Z       "version": "3.1-169",
2026-08-14T16:23:27.3031030Z       "type": "installed",
2026-08-14T16:23:27.3031120Z       "direct": false,
2026-08-14T16:23:27.3031200Z       "binary": true,
2026-08-14T16:23:27.3031360Z       "dependencies": ["lattice"],
2026-08-14T16:23:27.3031450Z       "deps": [
2026-08-14T16:23:27.3031510Z         {
2026-08-14T16:23:27.3031590Z           "ref": "R",
2026-08-14T16:23:27.3031690Z           "type": "depends",
2026-08-14T16:23:27.3031780Z           "package": "R",
2026-08-14T16:23:27.3031860Z           "op": ">=",
2026-08-14T16:23:27.3031960Z           "version": "3.6.0"
2026-08-14T16:23:27.3032020Z         },
2026-08-14T16:23:27.3032080Z         {
2026-08-14T16:23:27.3032180Z           "ref": "graphics",
2026-08-14T16:23:27.3032270Z           "type": "imports",
2026-08-14T16:23:27.3032380Z           "package": "graphics",
2026-08-14T16:23:27.3032460Z           "op": "",
2026-08-14T16:23:27.3032550Z           "version": ""
2026-08-14T16:23:27.3032610Z         },
2026-08-14T16:23:27.3032670Z         {
2026-08-14T16:23:27.3032760Z           "ref": "stats",
2026-08-14T16:23:27.3032860Z           "type": "imports",
2026-08-14T16:23:27.3032960Z           "package": "stats",
2026-08-14T16:23:27.3033040Z           "op": "",
2026-08-14T16:23:27.3033130Z           "version": ""
2026-08-14T16:23:27.3033190Z         },
2026-08-14T16:23:27.3033250Z         {
2026-08-14T16:23:27.3033340Z           "ref": "utils",
2026-08-14T16:23:27.3033430Z           "type": "imports",
2026-08-14T16:23:27.3033530Z           "package": "utils",
2026-08-14T16:23:27.3033610Z           "op": "",
2026-08-14T16:23:27.3033700Z           "version": ""
2026-08-14T16:23:27.3033760Z         },
2026-08-14T16:23:27.3033820Z         {
2026-08-14T16:23:27.3033910Z           "ref": "lattice",
2026-08-14T16:23:27.3034010Z           "type": "imports",
2026-08-14T16:23:27.3034110Z           "package": "lattice",
2026-08-14T16:23:27.3034210Z           "op": "",
2026-08-14T16:23:27.3034300Z           "version": ""
2026-08-14T16:23:27.3034440Z         }
2026-08-14T16:23:27.3034490Z       ],
2026-08-14T16:23:27.3034590Z       "vignettes": false,
2026-08-14T16:23:27.3034700Z       "needscompilation": true,
2026-08-14T16:23:27.3034780Z       "metadata": {
2026-08-14T16:23:27.3034900Z         "RemoteType": "installed",
2026-08-14T16:23:27.3035210Z         "RemotePkgRef": "installed::/Library/Frameworks/R.framework/Resources/library/nlme",
2026-08-14T16:23:27.3035390Z         "RemotePkgPlatform": "aarch64-apple-darwin23",
2026-08-14T16:23:27.3035490Z         "RemoteSha": "3.1-169"
2026-08-14T16:23:27.3035550Z       },
2026-08-14T16:23:27.3035630Z       "sources": [],
2026-08-14T16:23:27.3035780Z       "target": "src/contrib/nlme_3.1-169.tar.gz",
2026-08-14T16:23:27.3035920Z       "platform": "aarch64-apple-darwin23",
2026-08-14T16:23:27.3036020Z       "rversion": "R 4.6.1",
2026-08-14T16:23:27.3036270Z       "built": "R 4.6.1; aarch64-apple-darwin23; 2026-06-25 21:54:11 UTC; unix",
2026-08-14T16:23:27.3036370Z       "directpkg": false,
2026-08-14T16:23:27.3036470Z       "license": "GPL (>= 2)",
2026-08-14T16:23:27.3036650Z       "dep_types": ["Depends", "Imports", "LinkingTo"],
2026-08-14T16:23:27.3036740Z       "params": [],
2026-08-14T16:23:27.3036830Z       "install_args": [],
2026-08-14T16:23:27.3036920Z       "repotype": "cran"
2026-08-14T16:23:27.3036970Z     },
2026-08-14T16:23:27.3037010Z     {
2026-08-14T16:23:27.3037310Z       "ref": "installed::/Library/Frameworks/R.framework/Resources/library/MASS",
2026-08-14T16:23:27.3037440Z       "package": "MASS",
2026-08-14T16:23:27.3037560Z       "version": "7.3-65",
2026-08-14T16:23:27.3037680Z       "type": "installed",
2026-08-14T16:23:27.3037800Z       "direct": false,
2026-08-14T16:23:27.3037890Z       "binary": true,
2026-08-14T16:23:27.3037980Z       "dependencies": [],
2026-08-14T16:23:27.3038060Z       "deps": [
2026-08-14T16:23:27.3038120Z         {
2026-08-14T16:23:27.3038200Z           "ref": "R",
2026-08-14T16:23:27.3038300Z           "type": "depends",
2026-08-14T16:23:27.3038390Z           "package": "R",
2026-08-14T16:23:27.3038470Z           "op": ">=",
2026-08-14T16:23:27.3038570Z           "version": "4.4.0"
2026-08-14T16:23:27.3038640Z         },
2026-08-14T16:23:27.3038780Z         {
2026-08-14T16:23:27.3038880Z           "ref": "grDevices",
2026-08-14T16:23:27.3038990Z           "type": "depends",
2026-08-14T16:23:27.3039100Z           "package": "grDevices",
2026-08-14T16:23:27.3039180Z           "op": "",
2026-08-14T16:23:27.3039270Z           "version": ""
2026-08-14T16:23:27.3039340Z         },
2026-08-14T16:23:27.3039400Z         {
2026-08-14T16:23:27.3039490Z           "ref": "graphics",
2026-08-14T16:23:27.3039600Z           "type": "depends",
2026-08-14T16:23:27.3039710Z           "package": "graphics",
2026-08-14T16:23:27.3039790Z           "op": "",
2026-08-14T16:23:27.3039870Z           "version": ""
2026-08-14T16:23:27.3039940Z         },
2026-08-14T16:23:27.3040000Z         {
2026-08-14T16:23:27.3040090Z           "ref": "stats",
2026-08-14T16:23:27.3040180Z           "type": "depends",
2026-08-14T16:23:27.3040280Z           "package": "stats",
2026-08-14T16:23:27.3040360Z           "op": "",
2026-08-14T16:23:27.3040450Z           "version": ""
2026-08-14T16:23:27.3040520Z         },
2026-08-14T16:23:27.3040570Z         {
2026-08-14T16:23:27.3040660Z           "ref": "utils",
2026-08-14T16:23:27.3040760Z           "type": "depends",
2026-08-14T16:23:27.3040870Z           "package": "utils",
2026-08-14T16:23:27.3040950Z           "op": "",
2026-08-14T16:23:27.3041040Z           "version": ""
2026-08-14T16:23:27.3041110Z         },
2026-08-14T16:23:27.3041160Z         {
2026-08-14T16:23:27.3041260Z           "ref": "methods",
2026-08-14T16:23:27.3041350Z           "type": "imports",
2026-08-14T16:23:27.3041460Z           "package": "methods",
2026-08-14T16:23:27.3041530Z           "op": "",
2026-08-14T16:23:27.3041620Z           "version": ""
2026-08-14T16:23:27.3041680Z         }
2026-08-14T16:23:27.3041730Z       ],
2026-08-14T16:23:27.3041830Z       "vignettes": false,
2026-08-14T16:23:27.3042000Z       "needscompilation": true,
2026-08-14T16:23:27.3042080Z       "metadata": {
2026-08-14T16:23:27.3042200Z         "RemoteType": "installed",
2026-08-14T16:23:27.3042520Z         "RemotePkgRef": "installed::/Library/Frameworks/R.framework/Resources/library/MASS",
2026-08-14T16:23:27.3042690Z         "RemotePkgPlatform": "aarch64-apple-darwin23",
2026-08-14T16:23:27.3042800Z         "RemoteSha": "7.3-65"
2026-08-14T16:23:27.3042850Z       },
2026-08-14T16:23:27.3042930Z       "sources": [],
2026-08-14T16:23:27.3043080Z       "target": "src/contrib/MASS_7.3-65.tar.gz",
2026-08-14T16:23:27.3043240Z       "platform": "aarch64-apple-darwin23",
2026-08-14T16:23:27.3043360Z       "rversion": "R 4.6.1",
2026-08-14T16:23:27.3043670Z       "built": "R 4.6.1; aarch64-apple-darwin23; 2026-06-25 21:54:07 UTC; unix",
2026-08-14T16:23:27.3043770Z       "directpkg": false,
2026-08-14T16:23:27.3043880Z       "license": "GPL-2 | GPL-3",
2026-08-14T16:23:27.3044050Z       "dep_types": ["Depends", "Imports", "LinkingTo"],
2026-08-14T16:23:27.3044130Z       "params": [],
2026-08-14T16:23:27.3044230Z       "install_args": [],
2026-08-14T16:23:27.3044320Z       "repotype": "cran"
2026-08-14T16:23:27.3044360Z     },
2026-08-14T16:23:27.3044410Z     {
2026-08-14T16:23:27.3044720Z       "ref": "installed::/Library/Frameworks/R.framework/Resources/library/survival",
2026-08-14T16:23:27.3044850Z       "package": "survival",
2026-08-14T16:23:27.3044970Z       "version": "3.8-6",
2026-08-14T16:23:27.3045090Z       "type": "installed",
2026-08-14T16:23:27.3045180Z       "direct": false,
2026-08-14T16:23:27.3045270Z       "binary": true,
2026-08-14T16:23:27.3045390Z       "dependencies": ["Matrix"],
2026-08-14T16:23:27.3045460Z       "deps": [
2026-08-14T16:23:27.3045520Z         {
2026-08-14T16:23:27.3045620Z           "ref": "R",
2026-08-14T16:23:27.3045740Z           "type": "depends",
2026-08-14T16:23:27.3045850Z           "package": "R",
2026-08-14T16:23:27.3045930Z           "op": ">=",
2026-08-14T16:23:27.3046030Z           "version": "3.5.0"
2026-08-14T16:23:27.3046100Z         },
2026-08-14T16:23:27.3046150Z         {
2026-08-14T16:23:27.3046240Z           "ref": "graphics",
2026-08-14T16:23:27.3046460Z           "type": "imports",
2026-08-14T16:23:27.3046580Z           "package": "graphics",
2026-08-14T16:23:27.3046670Z           "op": "",
2026-08-14T16:23:27.3046750Z           "version": ""
2026-08-14T16:23:27.3046820Z         },
2026-08-14T16:23:27.3046880Z         {
2026-08-14T16:23:27.3046970Z           "ref": "Matrix",
2026-08-14T16:23:27.3047070Z           "type": "imports",
2026-08-14T16:23:27.3047200Z           "package": "Matrix",
2026-08-14T16:23:27.3047300Z           "op": "",
2026-08-14T16:23:27.3047410Z           "version": ""
2026-08-14T16:23:27.3047490Z         },
2026-08-14T16:23:27.3047560Z         {
2026-08-14T16:23:27.3047660Z           "ref": "methods",
2026-08-14T16:23:27.3047790Z           "type": "imports",
2026-08-14T16:23:27.3047980Z           "package": "methods",
2026-08-14T16:23:27.3048090Z           "op": "",
2026-08-14T16:23:27.3048180Z           "version": ""
2026-08-14T16:23:27.3048250Z         },
2026-08-14T16:23:27.3048320Z         {
2026-08-14T16:23:27.3048770Z           "ref": "splines",
2026-08-14T16:23:27.3048920Z           "type": "imports",
2026-08-14T16:23:27.3049050Z           "package": "splines",
2026-08-14T16:23:27.3049160Z           "op": "",
2026-08-14T16:23:27.3049270Z           "version": ""
2026-08-14T16:23:27.3049360Z         },
2026-08-14T16:23:27.3049430Z         {
2026-08-14T16:23:27.3049520Z           "ref": "stats",
2026-08-14T16:23:27.3049620Z           "type": "imports",
2026-08-14T16:23:27.3049740Z           "package": "stats",
2026-08-14T16:23:27.3049840Z           "op": "",
2026-08-14T16:23:27.3049950Z           "version": ""
2026-08-14T16:23:27.3050030Z         },
2026-08-14T16:23:27.3050100Z         {
2026-08-14T16:23:27.3050210Z           "ref": "utils",
2026-08-14T16:23:27.3050310Z           "type": "imports",
2026-08-14T16:23:27.3050410Z           "package": "utils",
2026-08-14T16:23:27.3050740Z           "op": "",
2026-08-14T16:23:27.3050840Z           "version": ""
2026-08-14T16:23:27.3050900Z         }
2026-08-14T16:23:27.3050950Z       ],
2026-08-14T16:23:27.3051050Z       "vignettes": false,
2026-08-14T16:23:27.3051170Z       "needscompilation": true,
2026-08-14T16:23:27.3051250Z       "metadata": {
2026-08-14T16:23:27.3051370Z         "RemoteType": "installed",
2026-08-14T16:23:27.3051840Z         "RemotePkgRef": "installed::/Library/Frameworks/R.framework/Resources/library/survival",
2026-08-14T16:23:27.3052060Z         "RemotePkgPlatform": "aarch64-apple-darwin23",
2026-08-14T16:23:27.3052190Z         "RemoteSha": "3.8-6"
2026-08-14T16:23:27.3052260Z       },
2026-08-14T16:23:27.3052360Z       "sources": [],
2026-08-14T16:23:27.3052520Z       "target": "src/contrib/survival_3.8-6.tar.gz",
2026-08-14T16:23:27.3052660Z       "platform": "aarch64-apple-darwin23",
2026-08-14T16:23:27.3052790Z       "rversion": "R 4.6.1",
2026-08-14T16:23:27.3053110Z       "built": "R 4.6.1; aarch64-apple-darwin23; 2026-06-25 21:54:33 UTC; unix",
2026-08-14T16:23:27.3053380Z       "directpkg": false,
2026-08-14T16:23:27.3053500Z       "license": "LGPL (>= 2)",
2026-08-14T16:23:27.3053700Z       "dep_types": ["Depends", "Imports", "LinkingTo"],
2026-08-14T16:23:27.3053780Z       "params": [],
2026-08-14T16:23:27.3053880Z       "install_args": [],
2026-08-14T16:23:27.3053970Z       "repotype": "cran"
2026-08-14T16:23:27.3054020Z     },
2026-08-14T16:23:27.3054060Z     {
2026-08-14T16:23:27.3054350Z       "ref": "installed::/Library/Frameworks/R.framework/Resources/library/cluster",
2026-08-14T16:23:27.3054450Z       "package": "cluster",
2026-08-14T16:23:27.3058240Z       "version": "2.1.8.2",
2026-08-14T16:23:27.3058380Z       "type": "installed",
2026-08-14T16:23:27.3058490Z       "direct": false,
2026-08-14T16:23:27.3058600Z       "binary": true,
2026-08-14T16:23:27.3058700Z       "dependencies": [],
2026-08-14T16:23:27.3058770Z       "deps": [
2026-08-14T16:23:27.3058830Z         {
2026-08-14T16:23:27.3058920Z           "ref": "R",
2026-08-14T16:23:27.3059010Z           "type": "depends",
2026-08-14T16:23:27.3059110Z           "package": "R",
2026-08-14T16:23:27.3059300Z           "op": ">=",
2026-08-14T16:23:27.3059410Z           "version": "3.5.0"
2026-08-14T16:23:27.3059480Z         },
2026-08-14T16:23:27.3059540Z         {
2026-08-14T16:23:27.3059630Z           "ref": "graphics",
2026-08-14T16:23:27.3059730Z           "type": "imports",
2026-08-14T16:23:27.3059840Z           "package": "graphics",
2026-08-14T16:23:27.3059930Z           "op": "",
2026-08-14T16:23:27.3060020Z           "version": ""
2026-08-14T16:23:27.3060080Z         },
2026-08-14T16:23:27.3060140Z         {
2026-08-14T16:23:27.3060240Z           "ref": "grDevices",
2026-08-14T16:23:27.3060330Z           "type": "imports",
2026-08-14T16:23:27.3060450Z           "package": "grDevices",
2026-08-14T16:23:27.3060520Z           "op": "",
2026-08-14T16:23:27.3060610Z           "version": ""
2026-08-14T16:23:27.3060680Z         },
2026-08-14T16:23:27.3060740Z         {
2026-08-14T16:23:27.3060840Z           "ref": "stats",
2026-08-14T16:23:27.3060930Z           "type": "imports",
2026-08-14T16:23:27.3061030Z           "package": "stats",
2026-08-14T16:23:27.3061110Z           "op": "",
2026-08-14T16:23:27.3061210Z           "version": ""
2026-08-14T16:23:27.3061270Z         },
2026-08-14T16:23:27.3061330Z         {
2026-08-14T16:23:27.3061420Z           "ref": "utils",
2026-08-14T16:23:27.3061520Z           "type": "imports",
2026-08-14T16:23:27.3061620Z           "package": "utils",
2026-08-14T16:23:27.3061700Z           "op": "",
2026-08-14T16:23:27.3061780Z           "version": ""
2026-08-14T16:23:27.3061840Z         }
2026-08-14T16:23:27.3061890Z       ],
2026-08-14T16:23:27.3061990Z       "vignettes": false,
2026-08-14T16:23:27.3062100Z       "needscompilation": true,
2026-08-14T16:23:27.3062190Z       "metadata": {
2026-08-14T16:23:27.3062300Z         "RemoteType": "installed",
2026-08-14T16:23:27.3062640Z         "RemotePkgRef": "installed::/Library/Frameworks/R.framework/Resources/library/cluster",
2026-08-14T16:23:27.3062870Z         "RemotePkgPlatform": "aarch64-apple-darwin23",
2026-08-14T16:23:27.3062980Z         "RemoteSha": "2.1.8.2"
2026-08-14T16:23:27.3063040Z       },
2026-08-14T16:23:27.3063120Z       "sources": [],
2026-08-14T16:23:27.3063280Z       "target": "src/contrib/cluster_2.1.8.2.tar.gz",
2026-08-14T16:23:27.3063420Z       "platform": "aarch64-apple-darwin23",
2026-08-14T16:23:27.3063520Z       "rversion": "R 4.6.1",
2026-08-14T16:23:27.3063780Z       "built": "R 4.6.1; aarch64-apple-darwin23; 2026-06-25 21:54:10 UTC; unix",
2026-08-14T16:23:27.3063880Z       "directpkg": false,
2026-08-14T16:23:27.3063980Z       "license": "GPL (>= 2)",
2026-08-14T16:23:27.3064150Z       "dep_types": ["Depends", "Imports", "LinkingTo"],
2026-08-14T16:23:27.3064230Z       "params": [],
2026-08-14T16:23:27.3064330Z       "install_args": [],
2026-08-14T16:23:27.3064420Z       "repotype": "cran"
2026-08-14T16:23:27.3064470Z     }
2026-08-14T16:23:27.3064520Z   ]
2026-08-14T16:23:27.3064570Z }
2026-08-14T16:23:27.3065000Z ##[endgroup]
2026-08-14T16:23:27.3083110Z ##[end-action id=__r-lib_actions_2.install;outcome=success;conclusion=success;duration_ms=12124]
2026-08-14T16:23:27.3086000Z ##[start-action display=Adjust PATH to avoid using zstd from Rtools;id=__r-lib_actions_2.__run_5]
2026-08-14T16:23:27.3088870Z ##[end-action id=__r-lib_actions_2.__run_5;outcome=skipped;conclusion=skipped;duration_ms=0]
2026-08-14T16:23:27.3090050Z ##[start-action display=R package cache;id=__r-lib_actions_2.__actions_cache]
2026-08-14T16:23:27.5784400Z ##[group]Run actions/cache@27d5ce7f107fe9357f9df03efb73ab90386fccae
2026-08-14T16:23:27.5784750Z with:
2026-08-14T16:23:27.5785170Z   path: /Users/runner/work/_temp/Library/*
renv/library
!/Users/runner/work/_temp/Library/pak
!/Users/runner/work/_temp/Library/_cache

2026-08-14T16:23:27.5785900Z   key: macOS Tahoe 26.5.2-R version 4.6.1 (2026-06-24)-aarch64-1-e66a447fe6158e4792870a9c60ae55074e0d17cb39f2c67e251415d5263f6522
2026-08-14T16:23:27.5786480Z   restore-keys: macOS Tahoe 26.5.2-R version 4.6.1 (2026-06-24)-aarch64-1-
2026-08-14T16:23:27.5786930Z   enableCrossOsArchive: false
2026-08-14T16:23:27.5787140Z   fail-on-cache-miss: false
2026-08-14T16:23:27.5787330Z   lookup-only: false
2026-08-14T16:23:27.5787490Z   save-always: false
2026-08-14T16:23:27.5787640Z env:
2026-08-14T16:23:27.5787790Z   _R_CHECK_FORCE_SUGGESTS_: false
2026-08-14T16:23:27.5787980Z   NOT_CRAN: true
2026-08-14T16:23:27.5788160Z   TZ: UTC
2026-08-14T16:23:27.5788300Z   R_KEEP_PKG_SOURCE: yes
2026-08-14T16:23:27.5788490Z   MULTISITEDGP_RUN_SLOW: true
2026-08-14T16:23:27.5788680Z   MULTISITEDGP_RUN_PROPERTY: false
2026-08-14T16:23:27.5788900Z   MULTISITEDGP_RUN_VALIDATION: false
2026-08-14T16:23:27.5789210Z   MULTISITEDGP_REPRODUCIBILITY_POLICY: linux-strict-hash-cross-os-demoted
2026-08-14T16:23:27.5789560Z   MULTISITEDGP_ALLOW_NON_LINUX_PRINT_REGEN: false
2026-08-14T16:23:27.5789830Z   R_LIBS_USER: /Users/runner/work/_temp/Library
2026-08-14T16:23:27.5790070Z   _R_CHECK_SYSTEM_CLOCK_: FALSE
2026-08-14T16:23:27.5790350Z   R_LIB_FOR_PAK: /Library/Frameworks/R.framework/Resources/site-library
2026-08-14T16:23:27.5790730Z ##[endgroup]
2026-08-14T16:23:28.0871350Z Cache not found for input keys: macOS Tahoe 26.5.2-R version 4.6.1 (2026-06-24)-aarch64-1-e66a447fe6158e4792870a9c60ae55074e0d17cb39f2c67e251415d5263f6522, macOS Tahoe 26.5.2-R version 4.6.1 (2026-06-24)-aarch64-1-
2026-08-14T16:23:28.0899000Z ##[end-action id=__r-lib_actions_2.__actions_cache;outcome=success;conclusion=success;duration_ms=780]
2026-08-14T16:23:28.0901090Z ##[start-action display=R package cache restore;id=__r-lib_actions_2.cache-packages-restore]
2026-08-14T16:23:28.0904500Z ##[end-action id=__r-lib_actions_2.cache-packages-restore;outcome=skipped;conclusion=skipped;duration_ms=0]
2026-08-14T16:23:28.0905980Z ##[start-action display=Install dependencies;id=__r-lib_actions_2.__run_6]
2026-08-14T16:23:28.0928760Z ##[group]Run # Install/Update packages
2026-08-14T16:23:28.0929330Z [36;1m# Install/Update packages[0m
2026-08-14T16:23:28.0929600Z [36;1mcat("::group::Install/update packages\n")[0m
2026-08-14T16:23:28.0929900Z [36;1mSys.setenv("PKGCACHE_HTTP_VERSION" = "2")[0m
2026-08-14T16:23:28.0930200Z [36;1mlibrary(pak, lib.loc = Sys.getenv("R_LIB_FOR_PAK"))[0m
2026-08-14T16:23:28.0930500Z [36;1mpak::lockfile_install(".github/pkg.lock")[0m
2026-08-14T16:23:28.0930750Z [36;1m## Clean up lock file[0m
2026-08-14T16:23:28.0930940Z [36;1munlink(".github/pkg.lock")[0m
2026-08-14T16:23:28.0931160Z [36;1mcat("::endgroup::\n")[0m
2026-08-14T16:23:28.0954240Z shell: /usr/local/bin/Rscript {0}
2026-08-14T16:23:28.0954490Z env:
2026-08-14T16:23:28.0954650Z   _R_CHECK_FORCE_SUGGESTS_: false
2026-08-14T16:23:28.0954850Z   NOT_CRAN: true
2026-08-14T16:23:28.0955000Z   TZ: UTC
2026-08-14T16:23:28.0955140Z   R_KEEP_PKG_SOURCE: yes
2026-08-14T16:23:28.0955320Z   MULTISITEDGP_RUN_SLOW: true
2026-08-14T16:23:28.0955510Z   MULTISITEDGP_RUN_PROPERTY: false
2026-08-14T16:23:28.0955740Z   MULTISITEDGP_RUN_VALIDATION: false
2026-08-14T16:23:28.0956070Z   MULTISITEDGP_REPRODUCIBILITY_POLICY: linux-strict-hash-cross-os-demoted
2026-08-14T16:23:28.0956440Z   MULTISITEDGP_ALLOW_NON_LINUX_PRINT_REGEN: false
2026-08-14T16:23:28.0956700Z   R_LIBS_USER: /Users/runner/work/_temp/Library
2026-08-14T16:23:28.0956950Z   _R_CHECK_SYSTEM_CLOCK_: FALSE
2026-08-14T16:23:28.0957250Z   R_LIB_FOR_PAK: /Library/Frameworks/R.framework/Resources/site-library
2026-08-14T16:23:28.0957540Z ##[endgroup]
2026-08-14T16:23:28.2443240Z ##[group]Install/update packages
2026-08-14T16:23:28.8060700Z ℹ Installing lockfile '.github/pkg.lock'
2026-08-14T16:23:28.9490380Z  
2026-08-14T16:23:28.9579980Z → Package library at '/Users/runner/work/_temp/Library'.
2026-08-14T16:23:28.9604740Z → Will install 124 packages.
2026-08-14T16:23:28.9683720Z → Will download 124 packages with unknown size.
2026-08-14T16:23:28.9718440Z + abind            1.4-8       ⬇
2026-08-14T16:23:28.9719340Z + ADGofTest        0.3         ⬇
2026-08-14T16:23:28.9719760Z + backports        1.5.1      🔧 ⬇
2026-08-14T16:23:28.9720050Z + baggr            0.8.2      🔧 ⬇
2026-08-14T16:23:28.9720730Z + base64enc        0.1-6      🔧 ⬇
2026-08-14T16:23:28.9721020Z + bayesplot        1.15.0      ⬇
2026-08-14T16:23:28.9721300Z + brio             1.1.5      🔧 ⬇
2026-08-14T16:23:28.9721570Z + bslib            0.12.0      ⬇
2026-08-14T16:23:28.9721830Z + cachem           1.1.0      🔧 ⬇
2026-08-14T16:23:28.9722140Z + callr            3.8.0       ⬇
2026-08-14T16:23:28.9722450Z + checkmate        2.3.4      🔧 ⬇
2026-08-14T16:23:28.9722720Z + cli              3.6.6      🔧 ⬇
2026-08-14T16:23:28.9722980Z + colorspace       2.1-3      🔧 ⬇
2026-08-14T16:23:28.9723260Z + copula           1.1-7      🔧 ⬇
2026-08-14T16:23:28.9723500Z + crayon           1.5.3       ⬇
2026-08-14T16:23:28.9723770Z + curl             7.1.0      🔧 ⬇
2026-08-14T16:23:28.9724020Z + deconvolveR      1.2-1       ⬇
2026-08-14T16:23:28.9724280Z + desc             1.4.3       ⬇
2026-08-14T16:23:28.9724550Z + diffobj          0.3.8      🔧 ⬇
2026-08-14T16:23:28.9724820Z + digest           0.6.39     🔧 ⬇
2026-08-14T16:23:28.9725110Z + distributional   0.8.1       ⬇
2026-08-14T16:23:28.9725450Z + dplyr            1.2.1      🔧 ⬇
2026-08-14T16:23:28.9725710Z + evaluate         1.0.5       ⬇
2026-08-14T16:23:28.9725980Z + farver           2.1.2      🔧 ⬇
2026-08-14T16:23:28.9726250Z + fastmap          1.2.0      🔧 ⬇
2026-08-14T16:23:28.9726500Z + fontawesome      0.5.3       ⬇
2026-08-14T16:23:28.9726780Z + forestplot       3.2.0       ⬇
2026-08-14T16:23:28.9727050Z + fs               2.1.0      🔧 ⬇
2026-08-14T16:23:28.9727300Z + generics         0.1.4       ⬇
2026-08-14T16:23:28.9727540Z + ggplot2          4.0.3       ⬇
2026-08-14T16:23:28.9727800Z + ggplotify        0.1.3       ⬇
2026-08-14T16:23:28.9728060Z + ggrepel          0.9.8      🔧 ⬇
2026-08-14T16:23:28.9728310Z + ggridges         0.5.7       ⬇
2026-08-14T16:23:28.9728570Z + glue             1.8.1      🔧 ⬇
2026-08-14T16:23:28.9729010Z + gridExtra        2.3.1       ⬇
2026-08-14T16:23:28.9729260Z + gridGraphics     0.5-1       ⬇
2026-08-14T16:23:28.9729560Z + gsl              2.1-9      🔧 ⬇
2026-08-14T16:23:28.9729810Z + gtable           0.3.6       ⬇
2026-08-14T16:23:28.9730060Z + highr            0.12        ⬇
2026-08-14T16:23:28.9730320Z + htmltools        0.5.9      🔧 ⬇
2026-08-14T16:23:28.9730570Z + inline           0.3.21      ⬇
2026-08-14T16:23:28.9730830Z + isoband          0.3.0      🔧 ⬇
2026-08-14T16:23:28.9731070Z + jquerylib        0.1.4       ⬇
2026-08-14T16:23:28.9731390Z + jsonlite         2.0.0      🔧 ⬇
2026-08-14T16:23:28.9731690Z + knitr            1.51        ⬇
2026-08-14T16:23:28.9731950Z + labeling         0.4.3       ⬇
2026-08-14T16:23:28.9732230Z + LaplacesDemon    16.1.8      ⬇
2026-08-14T16:23:28.9732480Z + lifecycle        1.0.5       ⬇
2026-08-14T16:23:28.9732750Z + loo              2.10.1      ⬇
2026-08-14T16:23:28.9733020Z + magrittr         2.0.5      🔧 ⬇
2026-08-14T16:23:28.9733290Z + mathjaxr         2.0-0       ⬇
2026-08-14T16:23:28.9733560Z + MatrixModels     0.5-4       ⬇
2026-08-14T16:23:28.9733830Z + matrixStats      1.5.0      🔧 ⬇
2026-08-14T16:23:28.9734100Z + memoise          2.0.1       ⬇
2026-08-14T16:23:28.9734350Z + metadat          1.6-0       ⬇
2026-08-14T16:23:28.9734620Z + metafor          5.0-1       ⬇
2026-08-14T16:23:28.9734880Z + mime             0.13       🔧 ⬇
2026-08-14T16:23:28.9735160Z + mnormt           2.1.2      🔧 ⬇
2026-08-14T16:23:28.9735430Z + moments          0.14.1      ⬇
2026-08-14T16:23:28.9735700Z + mvtnorm          1.4-2      🔧 ⬇
2026-08-14T16:23:28.9735960Z + nleqslv          3.3.7      🔧 ⬇
2026-08-14T16:23:28.9736270Z + numDeriv         2016.8-1.1  ⬇
2026-08-14T16:23:28.9736510Z + otel             0.2.0       ⬇
2026-08-14T16:23:28.9736770Z + patchwork        1.3.2       ⬇
2026-08-14T16:23:28.9737010Z + pbapply          1.7-4       ⬇
2026-08-14T16:23:28.9737310Z + pcaPP            2.0-5      🔧 ⬇
2026-08-14T16:23:28.9737560Z + pillar           1.11.1      ⬇
2026-08-14T16:23:28.9737810Z + pkgbuild         1.4.8       ⬇
2026-08-14T16:23:28.9738080Z + pkgconfig        2.0.3       ⬇
2026-08-14T16:23:28.9738370Z + pkgload          1.5.3       ⬇
2026-08-14T16:23:28.9738840Z + plyr             1.8.9      🔧 ⬇
2026-08-14T16:23:28.9739160Z + posterior        1.7.0       ⬇
2026-08-14T16:23:28.9739400Z + praise           1.0.0       ⬇
2026-08-14T16:23:28.9739660Z + prettyunits      1.2.0       ⬇
2026-08-14T16:23:28.9739920Z + processx         3.9.0      🔧 ⬇
2026-08-14T16:23:28.9740190Z + ps               1.9.3      🔧 ⬇
2026-08-14T16:23:28.9740450Z + pspline          1.0-21     🔧 ⬇
2026-08-14T16:23:28.9740720Z + purrr            1.2.2      🔧 ⬇
2026-08-14T16:23:28.9740970Z + quantreg         6.1        🔧 ⬇
2026-08-14T16:23:28.9741270Z + QuickJSR         1.10.0     🔧 ⬇
2026-08-14T16:23:28.9741510Z + R6               2.6.1       ⬇
2026-08-14T16:23:28.9741770Z + rappdirs         0.3.4      🔧 ⬇
2026-08-14T16:23:28.9742020Z + rcmdcheck        1.4.0       ⬇
2026-08-14T16:23:28.9742310Z + RColorBrewer     1.1-3       ⬇
2026-08-14T16:23:28.9742570Z + Rcpp             1.1.2      🔧 ⬇
2026-08-14T16:23:28.9742850Z + RcppParallel     6.2.0      🔧 ⬇
2026-08-14T16:23:28.9743120Z + reshape2         1.4.5      🔧 ⬇
2026-08-14T16:23:28.9743380Z + rlang            1.3.0      🔧 ⬇
2026-08-14T16:23:28.9743630Z + rmarkdown        2.31        ⬇
2026-08-14T16:23:28.9743880Z + rprojroot        2.1.1       ⬇
2026-08-14T16:23:28.9744150Z + rstan            2.32.7     🔧 ⬇
2026-08-14T16:23:28.9744430Z + rstantools       2.7.0       ⬇
2026-08-14T16:23:28.9744690Z + S7               0.2.2      🔧 ⬇
2026-08-14T16:23:28.9744960Z + sass             0.4.10     🔧 ⬇
2026-08-14T16:23:28.9745200Z + scales           1.4.0       ⬇
2026-08-14T16:23:28.9745460Z + sessioninfo      1.2.4       ⬇
2026-08-14T16:23:28.9745700Z + sn               2.1.3       ⬇
2026-08-14T16:23:28.9745960Z + SparseM          1.84-2     🔧 ⬇
2026-08-14T16:23:28.9746210Z + stabledist       0.7-2       ⬇
2026-08-14T16:23:28.9746600Z + StanHeaders      2.32.10    🔧 ⬇
2026-08-14T16:23:28.9746900Z + stringi          1.8.9      🔧 ⬇
2026-08-14T16:23:28.9747170Z + stringr          1.6.0       ⬇
2026-08-14T16:23:28.9747450Z + tensorA          0.36.2.1   🔧 ⬇
2026-08-14T16:23:28.9747750Z + testthat         3.3.2      🔧 ⬇
2026-08-14T16:23:28.9748010Z + tibble           3.3.1      🔧 ⬇
2026-08-14T16:23:28.9748270Z + tidyr            1.3.2      🔧 ⬇
2026-08-14T16:23:28.9748520Z + tidyselect       1.2.1       ⬇
2026-08-14T16:23:28.9748770Z + tinytex          0.60        ⬇
2026-08-14T16:23:28.9749060Z + utf8             1.2.6      🔧 ⬇
2026-08-14T16:23:28.9749320Z + vctrs            0.7.3      🔧 ⬇
2026-08-14T16:23:28.9749570Z + viridisLite      0.4.3       ⬇
2026-08-14T16:23:28.9749850Z + waldo            0.6.2       ⬇
2026-08-14T16:23:28.9750100Z + withr            3.0.3       ⬇
2026-08-14T16:23:28.9750360Z + xfun             0.60       🔧 ⬇
2026-08-14T16:23:28.9750600Z + xopen            1.0.1       ⬇
2026-08-14T16:23:28.9750870Z + yaml             2.3.12     🔧 ⬇
2026-08-14T16:23:28.9751130Z + yulab.utils      0.2.4       ⬇
2026-08-14T16:23:28.9751320Z   
2026-08-14T16:23:28.9783550Z ℹ Getting 117 pkgs with unknown sizes
2026-08-14T16:23:29.4903370Z ✔ Cached copy of lattice 0.22-9 (aarch64-apple-darwin23) is the latest build
2026-08-14T16:23:29.4987670Z ✔ Cached copy of Matrix 1.7-5 (aarch64-apple-darwin23) is the latest build
2026-08-14T16:23:29.5026540Z ✔ Cached copy of nlme 3.1-169 (aarch64-apple-darwin23) is the latest build
2026-08-14T16:23:29.5068010Z ✔ Cached copy of MASS 7.3-65 (aarch64-apple-darwin23) is the latest build
2026-08-14T16:23:29.5108020Z ✔ Cached copy of survival 3.8-6 (aarch64-apple-darwin23) is the latest build
2026-08-14T16:23:29.5167630Z ✔ Cached copy of cluster 2.1.8.2 (aarch64-apple-darwin23) is the latest build
2026-08-14T16:23:30.5133720Z ✔ Got generics 0.1.4 (aarch64-apple-darwin23) (82.64 kB)
2026-08-14T16:23:30.6693710Z ✔ Got digest 0.6.39 (aarch64-apple-darwin23) (390.07 kB)
2026-08-14T16:23:30.6788950Z ✔ Got glue 1.8.1 (aarch64-apple-darwin23) (182.88 kB)
2026-08-14T16:23:30.7639070Z ✔ Got gtable 0.3.6 (aarch64-apple-darwin23) (226.75 kB)
2026-08-14T16:23:30.8193670Z ✔ Got labeling 0.4.3 (aarch64-apple-darwin23) (61.23 kB)
2026-08-14T16:23:30.8272600Z ✔ Got cli 3.6.6 (aarch64-apple-darwin23) (1.49 MB)
2026-08-14T16:23:30.8347500Z ✔ Got lifecycle 1.0.5 (aarch64-apple-darwin23) (133.80 kB)
2026-08-14T16:23:30.9160250Z ✔ Got nleqslv 3.3.7 (aarch64-apple-darwin23) (164.58 kB)
2026-08-14T16:23:30.9260160Z ✔ Got magrittr 2.0.5 (aarch64-apple-darwin23) (234.92 kB)
2026-08-14T16:23:30.9905490Z ✔ Got pkgconfig 2.0.3 (aarch64-apple-darwin23) (18.45 kB)
2026-08-14T16:23:31.0006460Z ✔ Got dplyr 1.2.1 (aarch64-apple-darwin23) (1.66 MB)
2026-08-14T16:23:31.0715230Z ✔ Got farver 2.1.2 (aarch64-apple-darwin23) (1.98 MB)
2026-08-14T16:23:31.0795200Z ✔ Got pillar 1.11.1 (aarch64-apple-darwin23) (661.97 kB)
2026-08-14T16:23:31.0864500Z ✔ Got R6 2.6.1 (aarch64-apple-darwin23) (88.14 kB)
2026-08-14T16:23:31.0970390Z ✔ Got RColorBrewer 1.1-3 (aarch64-apple-darwin23) (51.84 kB)
2026-08-14T16:23:31.1767200Z ✔ Got purrr 1.2.2 (aarch64-apple-darwin23) (587.80 kB)
2026-08-14T16:23:31.1882240Z ✔ Got isoband 0.3.0 (aarch64-apple-darwin23) (1.98 MB)
2026-08-14T16:23:31.1993230Z ✔ Got S7 0.2.2 (aarch64-apple-darwin23) (346.79 kB)
2026-08-14T16:23:31.3284830Z ✔ Got stringr 1.6.0 (aarch64-apple-darwin23) (338.01 kB)
2026-08-14T16:23:31.3348120Z ✔ Got scales 1.4.0 (aarch64-apple-darwin23) (873.09 kB)
2026-08-14T16:23:31.3413090Z ✔ Got tibble 3.3.1 (aarch64-apple-darwin23) (661.97 kB)
2026-08-14T16:23:31.4076380Z ✔ Got tidyselect 1.2.1 (aarch64-apple-darwin23) (226.62 kB)
2026-08-14T16:23:31.4142380Z ✔ Got utf8 1.2.6 (aarch64-apple-darwin23) (216.16 kB)
2026-08-14T16:23:31.5326390Z ✔ Got rlang 1.3.0 (aarch64-apple-darwin23) (1.94 MB)
2026-08-14T16:23:31.6233010Z ✔ Got tidyr 1.3.2 (aarch64-apple-darwin23) (1.33 MB)
2026-08-14T16:23:31.6300680Z ✔ Got withr 3.0.3 (aarch64-apple-darwin23) (225.06 kB)
2026-08-14T16:23:31.6899750Z ✔ Got sessioninfo 1.2.4 (aarch64-apple-darwin23) (199.25 kB)
2026-08-14T16:23:31.6968550Z ✔ Got callr 3.8.0 (aarch64-apple-darwin23) (479.08 kB)
2026-08-14T16:23:31.7588410Z ✔ Got viridisLite 0.4.3 (aarch64-apple-darwin23) (1.30 MB)
2026-08-14T16:23:31.7696970Z ✔ Got desc 1.4.3 (aarch64-apple-darwin23) (339.74 kB)
2026-08-14T16:23:31.8240210Z ✔ Got otel 0.2.0 (aarch64-apple-darwin23) (282.02 kB)
2026-08-14T16:23:31.8321370Z ✔ Got pkgbuild 1.4.8 (aarch64-apple-darwin23) (210.80 kB)
2026-08-14T16:23:31.9005820Z ✔ Got prettyunits 1.2.0 (aarch64-apple-darwin23) (156.18 kB)
2026-08-14T16:23:31.9076110Z ✔ Got curl 7.1.0 (aarch64-apple-darwin23) (1.19 MB)
2026-08-14T16:23:31.9693170Z ✔ Got processx 3.9.0 (aarch64-apple-darwin23) (401.11 kB)
2026-08-14T16:23:31.9767810Z ✔ Got vctrs 0.7.3 (aarch64-apple-darwin23) (2.67 MB)
2026-08-14T16:23:31.9864940Z ✔ Got ps 1.9.3 (aarch64-apple-darwin23) (418.21 kB)
2026-08-14T16:23:31.9936060Z ✔ Got rcmdcheck 1.4.0 (aarch64-apple-darwin23) (174.17 kB)
2026-08-14T16:23:32.0004820Z ✔ Got rprojroot 2.1.1 (aarch64-apple-darwin23) (114.86 kB)
2026-08-14T16:23:32.1370040Z ✔ Got xopen 1.0.1 (aarch64-apple-darwin23) (26.08 kB)
2026-08-14T16:23:32.1458830Z ✔ Got brio 1.1.5 (aarch64-apple-darwin23) (49.33 kB)
2026-08-14T16:23:32.1531730Z ✔ Got crayon 1.5.3 (aarch64-apple-darwin23) (166.32 kB)
2026-08-14T16:23:32.1590160Z ✔ Got evaluate 1.0.5 (aarch64-apple-darwin23) (103.96 kB)
2026-08-14T16:23:32.2290300Z ✔ Got fs 2.1.0 (aarch64-apple-darwin23) (461.14 kB)
2026-08-14T16:23:32.2352600Z ✔ Got pkgload 1.5.3 (aarch64-apple-darwin23) (225.74 kB)
2026-08-14T16:23:32.2907850Z ✔ Got praise 1.0.0 (aarch64-apple-darwin23) (16.70 kB)
2026-08-14T16:23:32.3557600Z ✔ Got diffobj 0.3.8 (aarch64-apple-darwin23) (1.04 MB)
2026-08-14T16:23:32.3704180Z ✔ Got waldo 0.6.2 (aarch64-apple-darwin23) (136.93 kB)
2026-08-14T16:23:32.3784980Z ✔ Got highr 0.12 (aarch64-apple-darwin23) (37.91 kB)
2026-08-14T16:23:32.4359020Z ✔ Got jsonlite 2.0.0 (aarch64-apple-darwin23) (1.11 MB)
2026-08-14T16:23:32.5077890Z ✔ Got ggplot2 4.0.3 (aarch64-apple-darwin23) (8.47 MB)
2026-08-14T16:23:32.5161570Z ✔ Got yaml 2.3.12 (aarch64-apple-darwin23) (233.52 kB)
2026-08-14T16:23:32.5232980Z ✔ Got xfun 0.60 (aarch64-apple-darwin23) (658.29 kB)
2026-08-14T16:23:32.5321510Z ✔ Got base64enc 0.1-6 (aarch64-apple-darwin23) (38.77 kB)
2026-08-14T16:23:32.6260970Z ✔ Got knitr 1.51 (aarch64-apple-darwin23) (1.06 MB)
2026-08-14T16:23:32.6395140Z ✔ Got cachem 1.1.0 (aarch64-apple-darwin23) (78.06 kB)
2026-08-14T16:23:32.6467690Z ✔ Got fastmap 1.2.0 (aarch64-apple-darwin23) (223.27 kB)
2026-08-14T16:23:32.7088790Z ✔ Got htmltools 0.5.9 (aarch64-apple-darwin23) (360.87 kB)
2026-08-14T16:23:32.7639330Z ✔ Got jquerylib 0.1.4 (aarch64-apple-darwin23) (526.99 kB)
2026-08-14T16:23:32.7713740Z ✔ Got memoise 2.0.1 (aarch64-apple-darwin23) (51.78 kB)
2026-08-14T16:23:32.7758960Z ✔ Got mime 0.13 (aarch64-apple-darwin23) (49.00 kB)
2026-08-14T16:23:32.7857480Z ✔ Got rappdirs 0.3.4 (aarch64-apple-darwin23) (50.21 kB)
2026-08-14T16:23:32.9119080Z ✔ Got fontawesome 0.5.3 (aarch64-apple-darwin23) (1.40 MB)
2026-08-14T16:23:32.9893670Z ✔ Got tinytex 0.60 (aarch64-apple-darwin23) (149.93 kB)
2026-08-14T16:23:32.9956680Z ✔ Got testthat 3.3.2 (aarch64-apple-darwin23) (3.54 MB)
2026-08-14T16:23:33.2057760Z ✔ Got metadat 1.6-0 (aarch64-apple-darwin23) (1.09 MB)
2026-08-14T16:23:33.2174820Z ✔ Got sass 0.4.10 (aarch64-apple-darwin23) (2.42 MB)
2026-08-14T16:23:33.2719760Z ✔ Got rmarkdown 2.31 (aarch64-apple-darwin23) (2.63 MB)
2026-08-14T16:23:33.2805890Z ✔ Got numDeriv 2016.8-1.1 (aarch64-apple-darwin23) (114.93 kB)
2026-08-14T16:23:33.2875550Z ✔ Got pbapply 1.7-4 (aarch64-apple-darwin23) (100.62 kB)
2026-08-14T16:23:33.3501050Z ✔ Got abind 1.4-8 (aarch64-apple-darwin23) (65.44 kB)
2026-08-14T16:23:33.3570730Z ✔ Got backports 1.5.1 (aarch64-apple-darwin23) (121.98 kB)
2026-08-14T16:23:33.5250390Z ✔ Got mathjaxr 2.0-0 (aarch64-apple-darwin23) (2.98 MB)
2026-08-14T16:23:33.6849090Z ✔ Got checkmate 2.3.4 (aarch64-apple-darwin23) (820.42 kB)
2026-08-14T16:23:33.7288050Z ✔ Got bslib 0.12.0 (aarch64-apple-darwin23) (6.19 MB)
2026-08-14T16:23:33.7714980Z ✔ Got distributional 0.8.1 (aarch64-apple-darwin23) (626.37 kB)
2026-08-14T16:23:33.9520000Z ✔ Got ggplotify 0.1.3 (aarch64-apple-darwin23) (141.69 kB)
2026-08-14T16:23:34.1016890Z ✔ Got ggrepel 0.9.8 (aarch64-apple-darwin23) (760.52 kB)
2026-08-14T16:23:34.2986810Z ✔ Got stringi 1.8.9 (aarch64-apple-darwin23) (14.79 MB)
2026-08-14T16:23:34.3638850Z ✔ Got metafor 5.0-1 (aarch64-apple-darwin23) (5.42 MB)
2026-08-14T16:23:34.4206760Z ✔ Got gridGraphics 0.5-1 (aarch64-apple-darwin23) (247.76 kB)
2026-08-14T16:23:34.4273200Z ✔ Got gridExtra 2.3.1 (aarch64-apple-darwin23) (522.92 kB)
2026-08-14T16:23:34.5106210Z ✔ Got inline 0.3.21 (aarch64-apple-darwin23) (131.25 kB)
2026-08-14T16:23:34.5726080Z ✔ Got bayesplot 1.15.0 (aarch64-apple-darwin23) (5.79 MB)
2026-08-14T16:23:34.6381120Z ✔ Got ggridges 0.5.7 (aarch64-apple-darwin23) (2.28 MB)
2026-08-14T16:23:34.7031870Z ✔ Got forestplot 3.2.0 (aarch64-apple-darwin23) (1.25 MB)
2026-08-14T16:23:34.7105730Z ✔ Got matrixStats 1.5.0 (aarch64-apple-darwin23) (628.10 kB)
2026-08-14T16:23:34.7757740Z ✔ Got plyr 1.8.9 (aarch64-apple-darwin23) (1.00 MB)
2026-08-14T16:23:34.8348170Z ✔ Got loo 2.10.1 (aarch64-apple-darwin23) (1.86 MB)
2026-08-14T16:23:34.8443570Z ✔ Got posterior 1.7.0 (aarch64-apple-darwin23) (1.03 MB)
2026-08-14T16:23:34.8944040Z ✔ Got RcppParallel 6.2.0 (aarch64-apple-darwin23) (534.33 kB)
2026-08-14T16:23:34.9523340Z ✔ Got reshape2 1.4.5 (aarch64-apple-darwin23) (370.72 kB)
2026-08-14T16:23:35.0048180Z ✔ Got rstantools 2.7.0 (aarch64-apple-darwin23) (619.39 kB)
2026-08-14T16:23:35.0834930Z ✔ Got tensorA 0.36.2.1 (aarch64-apple-darwin23) (227.56 kB)
2026-08-14T16:23:35.1363490Z ✔ Got yulab.utils 0.2.4 (aarch64-apple-darwin23) (169.05 kB)
2026-08-14T16:23:35.2660200Z ✔ Got MatrixModels 0.5-4 (aarch64-apple-darwin23) (409.52 kB)
2026-08-14T16:23:35.3339900Z ✔ Got mnormt 2.1.2 (aarch64-apple-darwin23) (224.54 kB)
2026-08-14T16:23:35.4239600Z ✔ Got Rcpp 1.1.2 (aarch64-apple-darwin23) (3.56 MB)
2026-08-14T16:23:35.5496340Z ✔ Got StanHeaders 2.32.10 (aarch64-apple-darwin23) (2.92 MB)
2026-08-14T16:23:35.6277620Z ✔ Got quantreg 6.1 (aarch64-apple-darwin23) (1.57 MB)
2026-08-14T16:23:35.7458140Z ✔ Got QuickJSR 1.10.0 (aarch64-apple-darwin23) (2.13 MB)
2026-08-14T16:23:35.7719300Z ✔ Got SparseM 1.84-2 (aarch64-apple-darwin23) (953.23 kB)
2026-08-14T16:23:35.7783600Z ✔ Got sn 2.1.3 (aarch64-apple-darwin23) (1.86 MB)
2026-08-14T16:23:35.7877750Z ✔ Got ADGofTest 0.3 (aarch64-apple-darwin23) (14.72 kB)
2026-08-14T16:23:36.1943440Z ✔ Got colorspace 2.1-3 (aarch64-apple-darwin23) (2.67 MB)
2026-08-14T16:23:36.2447730Z ✔ Got LaplacesDemon 16.1.8 (aarch64-apple-darwin23) (4.12 MB)
2026-08-14T16:23:36.3131100Z ✔ Got rstan 2.32.7 (aarch64-apple-darwin23) (9.04 MB)
2026-08-14T16:23:36.3195790Z ✔ Got gsl 2.1-9 (aarch64-apple-darwin23) (1.27 MB)
2026-08-14T16:23:36.3297050Z ✔ Got mvtnorm 1.4-2 (aarch64-apple-darwin23) (1.17 MB)
2026-08-14T16:23:36.3328440Z ✔ Got pspline 1.0-21 (aarch64-apple-darwin23) (67.36 kB)
2026-08-14T16:23:36.3390600Z ✔ Got stabledist 0.7-2 (aarch64-apple-darwin23) (76.99 kB)
2026-08-14T16:23:36.3737170Z ✔ Got pcaPP 2.0-5 (aarch64-apple-darwin23) (637.37 kB)
2026-08-14T16:23:36.4610830Z ✔ Got copula 1.1-7 (aarch64-apple-darwin23) (5.56 MB)
2026-08-14T16:23:36.4971880Z ✔ Got moments 0.14.1 (aarch64-apple-darwin23) (55.52 kB)
2026-08-14T16:23:36.5033370Z ✔ Got deconvolveR 1.2-1 (aarch64-apple-darwin23) (1.75 MB)
2026-08-14T16:23:36.5318260Z ✔ Got patchwork 1.3.2 (aarch64-apple-darwin23) (3.35 MB)
2026-08-14T16:23:36.8674830Z ✔ Got baggr 0.8.2 (aarch64-apple-darwin23) (24.81 MB)
2026-08-14T16:23:36.9701580Z ✔ Installed cli 3.6.6  (36ms)
2026-08-14T16:23:37.0118180Z ✔ Installed digest 0.6.39  (23ms)
2026-08-14T16:23:37.0598440Z ✔ Installed dplyr 1.2.1  (30ms)
2026-08-14T16:23:37.1001510Z ✔ Installed farver 2.1.2  (26ms)
2026-08-14T16:23:37.1309160Z ✔ Installed generics 0.1.4  (17ms)
2026-08-14T16:23:37.1972340Z ✔ Installed ggplot2 4.0.3  (52ms)
2026-08-14T16:23:37.2332640Z ✔ Installed glue 1.8.1  (19ms)
2026-08-14T16:23:37.2658060Z ✔ Installed gtable 0.3.6  (18ms)
2026-08-14T16:23:37.3076070Z ✔ Installed isoband 0.3.0  (24ms)
2026-08-14T16:23:37.3358760Z ✔ Installed labeling 0.4.3  (14ms)
2026-08-14T16:23:37.3681670Z ✔ Installed lifecycle 1.0.5  (18ms)
2026-08-14T16:23:37.4019120Z ✔ Installed magrittr 2.0.5  (18ms)
2026-08-14T16:23:37.4319710Z ✔ Installed nleqslv 3.3.7  (17ms)
2026-08-14T16:23:37.4692530Z ✔ Installed pillar 1.11.1  (23ms)
2026-08-14T16:23:37.4952540Z ✔ Installed pkgconfig 2.0.3  (14ms)
2026-08-14T16:23:37.5297270Z ✔ Installed purrr 1.2.2  (20ms)
2026-08-14T16:23:37.5866870Z ✔ Installed R6 2.6.1  (43ms)
2026-08-14T16:23:37.6168080Z ✔ Installed RColorBrewer 1.1-3  (14ms)
2026-08-14T16:23:37.6565320Z ✔ Installed rlang 1.3.0  (26ms)
2026-08-14T16:23:37.6922920Z ✔ Installed S7 0.2.2  (21ms)
2026-08-14T16:23:37.7320510Z ✔ Installed scales 1.4.0  (22ms)
2026-08-14T16:23:37.8515230Z ✔ Installed stringi 1.8.9  (103ms)
2026-08-14T16:23:37.8957500Z ✔ Installed stringr 1.6.0  (24ms)
2026-08-14T16:23:37.9388880Z ✔ Installed tibble 3.3.1  (27ms)
2026-08-14T16:23:37.9828430Z ✔ Installed tidyr 1.3.2  (29ms)
2026-08-14T16:23:38.0156470Z ✔ Installed tidyselect 1.2.1  (18ms)
2026-08-14T16:23:38.0640560Z ✔ Installed utf8 1.2.6  (33ms)
2026-08-14T16:23:38.1122170Z ✔ Installed vctrs 0.7.3  (33ms)
2026-08-14T16:23:38.1510260Z ✔ Installed viridisLite 0.4.3  (20ms)
2026-08-14T16:23:38.1880360Z ✔ Installed withr 3.0.3  (23ms)
2026-08-14T16:23:38.2239960Z ✔ Installed sessioninfo 1.2.4  (21ms)
2026-08-14T16:23:38.2665720Z ✔ Installed callr 3.8.0  (24ms)
2026-08-14T16:23:38.3029490Z ✔ Installed curl 7.1.0  (23ms)
2026-08-14T16:23:38.3359340Z ✔ Installed desc 1.4.3  (21ms)
2026-08-14T16:23:38.3674600Z ✔ Installed otel 0.2.0  (17ms)
2026-08-14T16:23:38.4032280Z ✔ Installed pkgbuild 1.4.8  (16ms)
2026-08-14T16:23:38.4333890Z ✔ Installed prettyunits 1.2.0  (15ms)
2026-08-14T16:23:38.4719300Z ✔ Installed processx 3.9.0  (20ms)
2026-08-14T16:23:38.5039630Z ✔ Installed ps 1.9.3  (18ms)
2026-08-14T16:23:38.5339190Z ✔ Installed rcmdcheck 1.4.0  (15ms)
2026-08-14T16:23:38.5720630Z ✔ Installed rprojroot 2.1.1  (19ms)
2026-08-14T16:23:38.6019650Z ✔ Installed xopen 1.0.1  (15ms)
2026-08-14T16:23:38.6379140Z ✔ Installed brio 1.1.5  (22ms)
2026-08-14T16:23:38.6681180Z ✔ Installed crayon 1.5.3  (16ms)
2026-08-14T16:23:38.7075140Z ✔ Installed diffobj 0.3.8  (21ms)
2026-08-14T16:23:38.7380690Z ✔ Installed evaluate 1.0.5  (16ms)
2026-08-14T16:23:38.7792410Z ✔ Installed fs 2.1.0  (21ms)
2026-08-14T16:23:38.8174390Z ✔ Installed jsonlite 2.0.0  (23ms)
2026-08-14T16:23:38.8932860Z ✔ Installed pkgload 1.5.3  (60ms)
2026-08-14T16:23:38.9279440Z ✔ Installed praise 1.0.0  (16ms)
2026-08-14T16:23:38.9779960Z ✔ Installed testthat 3.3.2  (36ms)
2026-08-14T16:23:39.0099590Z ✔ Installed waldo 0.6.2  (19ms)
2026-08-14T16:23:39.0375520Z ✔ Installed highr 0.12  (15ms)
2026-08-14T16:23:39.0952930Z ✔ Installed knitr 1.51  (44ms)
2026-08-14T16:23:39.1286820Z ✔ Installed xfun 0.60  (19ms)
2026-08-14T16:23:39.1691560Z ✔ Installed yaml 2.3.12  (19ms)
2026-08-14T16:23:39.1974400Z ✔ Installed base64enc 0.1-6  (16ms)
2026-08-14T16:23:39.3446250Z ✔ Installed bslib 0.12.0  (128ms)
2026-08-14T16:23:39.3753590Z ✔ Installed cachem 1.1.0  (16ms)
2026-08-14T16:23:39.4064820Z ✔ Installed fastmap 1.2.0  (17ms)
2026-08-14T16:23:39.4482460Z ✔ Installed fontawesome 0.5.3  (22ms)
2026-08-14T16:23:39.4814010Z ✔ Installed htmltools 0.5.9  (19ms)
2026-08-14T16:23:39.5167730Z ✔ Installed jquerylib 0.1.4  (18ms)
2026-08-14T16:23:39.5454810Z ✔ Installed memoise 2.0.1  (15ms)
2026-08-14T16:23:39.5794280Z ✔ Installed mime 0.13  (20ms)
2026-08-14T16:23:39.6106800Z ✔ Installed rappdirs 0.3.4  (17ms)
2026-08-14T16:23:39.6823190Z ✔ Installed rmarkdown 2.31  (54ms)
2026-08-14T16:23:39.7268130Z ✔ Installed sass 0.4.10  (30ms)
2026-08-14T16:23:39.7587870Z ✔ Installed tinytex 0.60  (15ms)
2026-08-14T16:23:39.8170790Z ✔ Installed mathjaxr 2.0-0  (45ms)
2026-08-14T16:23:39.8552780Z ✔ Installed metadat 1.6-0  (19ms)
2026-08-14T16:23:39.9027430Z ✔ Installed metafor 5.0-1  (33ms)
2026-08-14T16:23:39.9317100Z ✔ Installed numDeriv 2016.8-1.1  (15ms)
2026-08-14T16:23:39.9716570Z ✔ Installed pbapply 1.7-4  (16ms)
2026-08-14T16:23:39.9998430Z ✔ Installed abind 1.4-8  (14ms)
2026-08-14T16:23:40.0372710Z ✔ Installed backports 1.5.1  (23ms)
2026-08-14T16:23:40.2028810Z ✔ Installed baggr 0.8.2  (151ms)
2026-08-14T16:23:40.2564460Z ✔ Installed bayesplot 1.15.0  (38ms)
2026-08-14T16:23:40.2925730Z ✔ Installed checkmate 2.3.4  (22ms)
2026-08-14T16:23:40.3332650Z ✔ Installed distributional 0.8.1  (19ms)
2026-08-14T16:23:40.3699930Z ✔ Installed forestplot 3.2.0  (22ms)
2026-08-14T16:23:40.4052880Z ✔ Installed ggplotify 0.1.3  (16ms)
2026-08-14T16:23:40.4410490Z ✔ Installed ggrepel 0.9.8  (21ms)
2026-08-14T16:23:40.4783180Z ✔ Installed ggridges 0.5.7  (24ms)
2026-08-14T16:23:40.5150930Z ✔ Installed gridExtra 2.3.1  (18ms)
2026-08-14T16:23:40.5498200Z ✔ Installed gridGraphics 0.5-1  (21ms)
2026-08-14T16:23:40.5862010Z ✔ Installed inline 0.3.21  (23ms)
2026-08-14T16:23:40.6255990Z ✔ Installed loo 2.10.1  (25ms)
2026-08-14T16:23:40.6731860Z ✔ Installed matrixStats 1.5.0  (33ms)
2026-08-14T16:23:40.7088660Z ✔ Installed plyr 1.8.9  (21ms)
2026-08-14T16:23:40.7502500Z ✔ Installed posterior 1.7.0  (21ms)
2026-08-14T16:23:40.7933580Z ✔ Installed QuickJSR 1.10.0  (29ms)
2026-08-14T16:23:40.9119960Z ✔ Installed Rcpp 1.1.2  (98ms)
2026-08-14T16:23:40.9614520Z ✔ Installed RcppParallel 6.2.0  (35ms)
2026-08-14T16:23:40.9989660Z ✔ Installed reshape2 1.4.5  (19ms)
2026-08-14T16:23:41.0880160Z ✔ Installed rstan 2.32.7  (73ms)
2026-08-14T16:23:41.1273320Z ✔ Installed rstantools 2.7.0  (25ms)
2026-08-14T16:23:41.3838320Z ✔ Installed StanHeaders 2.32.10  (237ms)
2026-08-14T16:23:41.4140500Z ✔ Installed tensorA 0.36.2.1  (15ms)
2026-08-14T16:23:41.4500920Z ✔ Installed yulab.utils 0.2.4  (22ms)
2026-08-14T16:23:41.4819130Z ✔ Installed MatrixModels 0.5-4  (16ms)
2026-08-14T16:23:41.5197770Z ✔ Installed mnormt 2.1.2  (23ms)
2026-08-14T16:23:41.5597640Z ✔ Installed quantreg 6.1  (25ms)
2026-08-14T16:23:41.6008320Z ✔ Installed sn 2.1.3  (21ms)
2026-08-14T16:23:41.6354100Z ✔ Installed SparseM 1.84-2  (21ms)
2026-08-14T16:23:41.6830490Z ✔ Installed LaplacesDemon 16.1.8  (26ms)
2026-08-14T16:23:41.7113000Z ✔ Installed ADGofTest 0.3  (14ms)
2026-08-14T16:23:41.7717650Z ✔ Installed colorspace 2.1-3  (41ms)
2026-08-14T16:23:41.8350470Z ✔ Installed copula 1.1-7  (49ms)
2026-08-14T16:23:41.8743200Z ✔ Installed gsl 2.1-9  (22ms)
2026-08-14T16:23:41.9117810Z ✔ Installed mvtnorm 1.4-2  (22ms)
2026-08-14T16:23:41.9431350Z ✔ Installed pcaPP 2.0-5  (17ms)
2026-08-14T16:23:41.9761990Z ✔ Installed pspline 1.0-21  (15ms)
2026-08-14T16:23:42.0056750Z ✔ Installed stabledist 0.7-2  (15ms)
2026-08-14T16:23:42.0540640Z ✔ Installed patchwork 1.3.2  (34ms)
2026-08-14T16:23:42.0919400Z ✔ Installed deconvolveR 1.2-1  (24ms)
2026-08-14T16:23:42.1265490Z ✔ Installed moments 0.14.1  (20ms)
2026-08-14T16:23:42.1377650Z ✔ 13 pkgs + 110 deps: added 123, dld 117 (167.51 MB) [13.9s]
2026-08-14T16:23:42.1401500Z ✔ Installed lockfile '.github/pkg.lock'
2026-08-14T16:23:42.1901860Z ##[endgroup]
2026-08-14T16:23:42.2101930Z ##[end-action id=__r-lib_actions_2.__run_6;outcome=success;conclusion=success;duration_ms=14112]
2026-08-14T16:23:42.2103960Z ##[start-action display=Check whether pandoc needs to be installed;id=__r-lib_actions_2.check-pandoc]
2026-08-14T16:23:42.2120060Z ##[group]Run # Pandoc check
2026-08-14T16:23:42.2120330Z [36;1m# Pandoc check[0m
2026-08-14T16:23:42.2120560Z [36;1mcat("::group::Check if package needs pandoc\n")[0m
2026-08-14T16:23:42.2120810Z [36;1mo <- ''[0m
2026-08-14T16:23:42.2129460Z [36;1mif (! o %in% c('true', 'false')) {[0m
2026-08-14T16:23:42.2129720Z [36;1m  if (Sys.which("pandoc") != "") {[0m
2026-08-14T16:23:42.2130020Z [36;1m    cat("Pandoc is already installed at", Sys.which("pandoc"), "\n")[0m
2026-08-14T16:23:42.2130300Z [36;1m    o <- 'false'[0m
2026-08-14T16:23:42.2130530Z [36;1m  } else if (file.exists("DESCRIPTION")) {[0m
2026-08-14T16:23:42.2130830Z [36;1m    deptypes <- list(direct = "all", indirect = character())[0m
2026-08-14T16:23:42.2131170Z [36;1m    deps <- pak::pkg_deps(".", dependencies = deptypes)[0m
2026-08-14T16:23:42.2133380Z [36;1m    if ("rmarkdown" %in% deps$package) {[0m
2026-08-14T16:23:42.2133660Z [36;1m      cat("Pandoc is needed for rmarkdown\n")[0m
2026-08-14T16:23:42.2133900Z [36;1m      o <- 'true'[0m
2026-08-14T16:23:42.2134060Z [36;1m    } else {[0m
2026-08-14T16:23:42.2134230Z [36;1m      cat("Pandoc is not needed\n")[0m
2026-08-14T16:23:42.2134440Z [36;1m      o <- 'false'[0m
2026-08-14T16:23:42.2134600Z [36;1m    }[0m
2026-08-14T16:23:42.2134730Z [36;1m  } else {[0m
2026-08-14T16:23:42.2134930Z [36;1m    cat("Pandoc is not needed, no R package found\n")[0m
2026-08-14T16:23:42.2135180Z [36;1m    o <- 'false'[0m
2026-08-14T16:23:42.2135330Z [36;1m  }[0m
2026-08-14T16:23:42.2135450Z [36;1m}[0m
2026-08-14T16:23:42.2135710Z [36;1mcat("install=", o, "\n", file = Sys.getenv("GITHUB_OUTPUT"), sep = "", append = TRUE)[0m
2026-08-14T16:23:42.2136040Z [36;1mcat("::endgroup::\n")[0m
2026-08-14T16:23:42.2170150Z shell: /usr/local/bin/Rscript {0}
2026-08-14T16:23:42.2170370Z env:
2026-08-14T16:23:42.2170520Z   _R_CHECK_FORCE_SUGGESTS_: false
2026-08-14T16:23:42.2170700Z   NOT_CRAN: true
2026-08-14T16:23:42.2170840Z   TZ: UTC
2026-08-14T16:23:42.2170960Z   R_KEEP_PKG_SOURCE: yes
2026-08-14T16:23:42.2171130Z   MULTISITEDGP_RUN_SLOW: true
2026-08-14T16:23:42.2171310Z   MULTISITEDGP_RUN_PROPERTY: false
2026-08-14T16:23:42.2171510Z   MULTISITEDGP_RUN_VALIDATION: false
2026-08-14T16:23:42.2171810Z   MULTISITEDGP_REPRODUCIBILITY_POLICY: linux-strict-hash-cross-os-demoted
2026-08-14T16:23:42.2172150Z   MULTISITEDGP_ALLOW_NON_LINUX_PRINT_REGEN: false
2026-08-14T16:23:42.2172400Z   R_LIBS_USER: /Users/runner/work/_temp/Library
2026-08-14T16:23:42.2172620Z   _R_CHECK_SYSTEM_CLOCK_: FALSE
2026-08-14T16:23:42.2172880Z   R_LIB_FOR_PAK: /Library/Frameworks/R.framework/Resources/site-library
2026-08-14T16:23:42.2173150Z ##[endgroup]
2026-08-14T16:23:42.3553370Z ##[group]Check if package needs pandoc
2026-08-14T16:23:43.2398350Z ℹ Loading metadata database
2026-08-14T16:23:45.9777060Z ✔ Loading metadata database ... done
2026-08-14T16:23:45.9877960Z 
2026-08-14T16:23:47.8342480Z Error: 
2026-08-14T16:23:47.8342760Z ! error in pak subprocess
2026-08-14T16:23:47.8343410Z Caused by error: 
2026-08-14T16:23:47.8343680Z ! Could not solve package dependencies:
2026-08-14T16:23:47.8344060Z * local::.: Can't install dependency multisitepower
2026-08-14T16:23:47.8344450Z * multisitepower: Can't find package called multisitepower.
2026-08-14T16:23:47.8344720Z ---
2026-08-14T16:23:47.8344870Z Backtrace:
2026-08-14T16:23:47.8345130Z 1. pak::pkg_deps(".", dependencies = deptypes)
2026-08-14T16:23:47.8345420Z 2. pak:::remote(function(...) { …
2026-08-14T16:23:47.8345660Z 3. err$throw(res$error)
2026-08-14T16:23:47.8345810Z ---
2026-08-14T16:23:47.8345990Z Subprocess backtrace:
2026-08-14T16:23:47.8346300Z 1. base::withCallingHandlers(cli_message = function(msg) { …
2026-08-14T16:23:47.8346700Z 2. get("pkg_deps_internal", asNamespace("pak"))(...)
2026-08-14T16:23:47.8347070Z 3. pak:::pkg_deps_internal2(pkg, upgrade, dependencies)
2026-08-14T16:23:47.8347390Z 4. deps$stop_for_solution_error()
2026-08-14T16:23:47.8347650Z 5. private$plan$stop_for_solve_error()
2026-08-14T16:23:47.8348020Z 6. pkgdepends:::pkgplan_stop_for_solve_error(self, private)
2026-08-14T16:23:47.8348470Z 7. base::throw(new_error("Could not solve package dependencies:\n", msg, …
2026-08-14T16:23:47.8348840Z 8. | base::signalCondition(cond)
2026-08-14T16:23:47.8349180Z 9. global (function (e) …
2026-08-14T16:23:47.8349400Z Execution halted
2026-08-14T16:23:47.8534580Z ##[error]Process completed with exit code 1.
2026-08-14T16:23:47.8539940Z ##[end-action id=__r-lib_actions_2.check-pandoc;outcome=failure;conclusion=failure;duration_ms=5640]
2026-08-14T16:23:47.8542510Z ##[start-action display=Install pandoc if needed;id=__r-lib_actions_2.__r-lib_actions]
2026-08-14T16:23:47.8544890Z ##[end-action id=__r-lib_actions_2.__r-lib_actions;outcome=skipped;conclusion=skipped;duration_ms=0]
2026-08-14T16:23:47.8546450Z ##[start-action display=Check whether quarto if needed;id=__r-lib_actions_2.check-quarto]
2026-08-14T16:23:47.8547860Z ##[end-action id=__r-lib_actions_2.check-quarto;outcome=skipped;conclusion=skipped;duration_ms=0]
2026-08-14T16:23:47.8549280Z ##[start-action display=Install quarto if needed;id=__r-lib_actions_2.__quarto-dev_quarto-actions]
2026-08-14T16:23:47.8551170Z ##[end-action id=__r-lib_actions_2.__quarto-dev_quarto-actions;outcome=skipped;conclusion=skipped;duration_ms=0]
2026-08-14T16:23:47.8552740Z ##[start-action display=Session info;id=__r-lib_actions_2.__run_7]
2026-08-14T16:23:47.8554060Z ##[end-action id=__r-lib_actions_2.__run_7;outcome=skipped;conclusion=skipped;duration_ms=0]
2026-08-14T16:23:47.8555510Z ##[start-action display=Don't use tar 1.30 from Rtools35 to store the cache;id=__r-lib_actions_2.__run_8]
2026-08-14T16:23:47.8557190Z ##[end-action id=__r-lib_actions_2.__run_8;outcome=skipped;conclusion=skipped;duration_ms=0]
2026-08-14T16:23:47.8558480Z ##[start-action display=R package cache save;id=__r-lib_actions_2.__actions_cache_2]
2026-08-14T16:23:47.8568820Z ##[end-action id=__r-lib_actions_2.__actions_cache_2;outcome=skipped;conclusion=skipped;duration_ms=0]
2026-08-14T16:23:47.8767980Z Post job cleanup.
2026-08-14T16:23:47.8770400Z ##[start-action display=R package cache;id=__5e83c0b4-9f03-4e29-9029-368ddcc95aab.__actions_cache]
2026-08-14T16:23:47.8772100Z ##[end-action id=__5e83c0b4-9f03-4e29-9029-368ddcc95aab.__actions_cache;outcome=skipped;conclusion=skipped;duration_ms=0]
2026-08-14T16:23:47.8824890Z Post job cleanup.
2026-08-14T16:23:48.2224820Z [command]/opt/homebrew/bin/git version
2026-08-14T16:23:48.2408690Z git version 2.55.0
2026-08-14T16:23:48.2436560Z Copying '/Users/runner/.gitconfig' to '/Users/runner/work/_temp/329d0c7c-80df-4856-9215-5d51e56f9724/.gitconfig'
2026-08-14T16:23:48.2444440Z Temporarily overriding HOME='/Users/runner/work/_temp/329d0c7c-80df-4856-9215-5d51e56f9724' before making global git config changes
2026-08-14T16:23:48.2450970Z Adding repository directory to the temporary git global config as a safe directory
2026-08-14T16:23:48.2473780Z [command]/opt/homebrew/bin/git config --global --add safe.directory /Users/runner/work/multisiteDGP/multisiteDGP
2026-08-14T16:23:48.2563250Z Removing SSH command configuration
2026-08-14T16:23:48.2569760Z [command]/opt/homebrew/bin/git config --local --name-only --get-regexp core\.sshCommand
2026-08-14T16:23:48.2638080Z [command]/opt/homebrew/bin/git submodule foreach --recursive sh -c "git config --local --name-only --get-regexp 'core\.sshCommand' && git config --local --unset-all 'core.sshCommand' || :"
2026-08-14T16:23:48.3531810Z Removing HTTP extra header
2026-08-14T16:23:48.3538840Z [command]/opt/homebrew/bin/git config --local --name-only --get-regexp http\.https\:\/\/github\.com\/\.extraheader
2026-08-14T16:23:48.3609360Z [command]/opt/homebrew/bin/git submodule foreach --recursive sh -c "git config --local --name-only --get-regexp 'http\.https\:\/\/github\.com\/\.extraheader' && git config --local --unset-all 'http.https://github.com/.extraheader' || :"
2026-08-14T16:23:48.4421390Z Removing includeIf entries pointing to credentials config files
2026-08-14T16:23:48.4425880Z [command]/opt/homebrew/bin/git config --local --name-only --get-regexp ^includeIf\.gitdir:
2026-08-14T16:23:48.4483050Z includeif.gitdir:/Users/runner/work/multisiteDGP/multisiteDGP/.git.path
2026-08-14T16:23:48.4483810Z includeif.gitdir:/Users/runner/work/multisiteDGP/multisiteDGP/.git/worktrees/*.path
2026-08-14T16:23:48.4484290Z includeif.gitdir:/github/workspace/.git.path
2026-08-14T16:23:48.4484670Z includeif.gitdir:/github/workspace/.git/worktrees/*.path
2026-08-14T16:23:48.4488990Z [command]/opt/homebrew/bin/git config --local --get-all includeif.gitdir:/Users/runner/work/multisiteDGP/multisiteDGP/.git.path
2026-08-14T16:23:48.4541470Z /Users/runner/work/_temp/git-credentials-01cd7156-a6dc-47fe-9bac-d4bb8196bc83.config
2026-08-14T16:23:48.4647940Z [command]/opt/homebrew/bin/git config --local --unset includeif.gitdir:/Users/runner/work/multisiteDGP/multisiteDGP/.git.path /Users/runner/work/_temp/git-credentials-01cd7156-a6dc-47fe-9bac-d4bb8196bc83.config
2026-08-14T16:23:48.4814300Z [command]/opt/homebrew/bin/git config --local --get-all includeif.gitdir:/Users/runner/work/multisiteDGP/multisiteDGP/.git/worktrees/*.path
2026-08-14T16:23:48.4870550Z /Users/runner/work/_temp/git-credentials-01cd7156-a6dc-47fe-9bac-d4bb8196bc83.config
2026-08-14T16:23:48.4877980Z [command]/opt/homebrew/bin/git config --local --unset includeif.gitdir:/Users/runner/work/multisiteDGP/multisiteDGP/.git/worktrees/*.path /Users/runner/work/_temp/git-credentials-01cd7156-a6dc-47fe-9bac-d4bb8196bc83.config
2026-08-14T16:23:48.4938230Z [command]/opt/homebrew/bin/git config --local --get-all includeif.gitdir:/github/workspace/.git.path
2026-08-14T16:23:48.4989840Z /github/runner_temp/git-credentials-01cd7156-a6dc-47fe-9bac-d4bb8196bc83.config
2026-08-14T16:23:48.4999520Z [command]/opt/homebrew/bin/git config --local --unset includeif.gitdir:/github/workspace/.git.path /github/runner_temp/git-credentials-01cd7156-a6dc-47fe-9bac-d4bb8196bc83.config
2026-08-14T16:23:48.5058440Z [command]/opt/homebrew/bin/git config --local --get-all includeif.gitdir:/github/workspace/.git/worktrees/*.path
2026-08-14T16:23:48.5111220Z /github/runner_temp/git-credentials-01cd7156-a6dc-47fe-9bac-d4bb8196bc83.config
2026-08-14T16:23:48.5117280Z [command]/opt/homebrew/bin/git config --local --unset includeif.gitdir:/github/workspace/.git/worktrees/*.path /github/runner_temp/git-credentials-01cd7156-a6dc-47fe-9bac-d4bb8196bc83.config
2026-08-14T16:23:48.5180780Z [command]/opt/homebrew/bin/git submodule foreach --recursive git config --local --show-origin --name-only --get-regexp remote.origin.url
2026-08-14T16:23:48.5876510Z Removing credentials config '/Users/runner/work/_temp/git-credentials-01cd7156-a6dc-47fe-9bac-d4bb8196bc83.config'
2026-08-14T16:23:48.5992480Z Cleaning up orphan processes
